WARNING:2026-07-11 07:20:28,518:fused_indices_to_multihot has reached end of life. Please migrate to a non-experimental function.
ANTLR runtime and generated code versions disagree: 4.7.2!=4.9.3
ANTLR runtime and generated code versions disagree: 4.7.2!=4.9.3
ANTLR runtime and generated code versions disagree: 4.7.2!=4.9.3
ANTLR runtime and generated code versions disagree: 4.7.2!=4.9.3
ANTLR runtime and generated code versions disagree: 4.7.2!=4.9.3
ANTLR runtime and generated code versions disagree: 4.7.2!=4.9.3
ANTLR runtime and generated code versions disagree: 4.7.2!=4.9.3
ANTLR runtime and generated code versions disagree: 4.7.2!=4.9.3
ANTLR runtime and generated code versions disagree: 4.7.2!=4.9.3
ANTLR runtime and generated code versions disagree: 4.7.2!=4.9.3
ANTLR runtime and generated code versions disagree: 4.7.2!=4.9.3
ANTLR runtime and generated code versions disagree: 4.7.2!=4.9.3
ANTLR runtime and generated code versions disagree: 4.7.2!=4.9.3
ANTLR runtime and generated code versions disagree: 4.7.2!=4.9.3
ANTLR runtime and generated code versions disagree: 4.7.2!=4.9.3
ANTLR runtime and generated code versions disagree: 4.7.2!=4.9.3
ANTLR runtime and generated code versions disagree: 4.7.2!=4.9.3
ANTLR runtime and generated code versions disagree: 4.7.2!=4.9.3
ANTLR runtime and generated code versions disagree: 4.7.2!=4.9.3
ANTLR runtime and generated code versions disagree: 4.7.2!=4.9.3
ANTLR runtime and generated code versions disagree: 4.7.2!=4.9.3
ANTLR runtime and generated code versions disagree: 4.7.2!=4.9.3
ANTLR runtime and generated code versions disagree: 4.7.2!=4.9.3
ANTLR runtime and generated code versions disagree: 4.7.2!=4.9.3
ANTLR runtime and generated code versions disagree: 4.7.2!=4.9.3
ANTLR runtime and generated code versions disagree: 4.7.2!=4.9.3
ANTLR runtime and generated code versions disagree: 4.7.2!=4.9.3
ANTLR runtime and generated code versions disagree: 4.7.2!=4.9.3
ANTLR runtime and generated code versions disagree: 4.7.2!=4.9.3
ANTLR runtime and generated code versions disagree: 4.7.2!=4.9.3
ANTLR runtime and generated code versions disagree: 4.7.2!=4.9.3
ANTLR runtime and generated code versions disagree: 4.7.2!=4.9.3
ANTLR runtime and generated code versions disagree: 4.7.2!=4.9.3
ANTLR runtime and generated code versions disagree: 4.7.2!=4.9.3
ANTLR runtime and generated code versions disagree: 4.7.2!=4.9.3
ANTLR runtime and generated code versions disagree: 4.7.2!=4.9.3
ANTLR runtime and generated code versions disagree: 4.7.2!=4.9.3
ANTLR runtime and generated code versions disagree: 4.7.2!=4.9.3
ANTLR runtime and generated code versions disagree: 4.7.2!=4.9.3
ANTLR runtime and generated code versions disagree: 4.7.2!=4.9.3
ANTLR runtime and generated code versions disagree: 4.7.2!=4.9.3
ANTLR runtime and generated code versions disagree: 4.7.2!=4.9.3
ANTLR runtime and generated code versions disagree: 4.7.2!=4.9.3
ANTLR runtime and generated code versions disagree: 4.7.2!=4.9.3
ANTLR runtime and generated code versions disagree: 4.7.2!=4.9.3
ANTLR runtime and generated code versions disagree: 4.7.2!=4.9.3
ANTLR runtime and generated code versions disagree: 4.7.2!=4.9.3
ANTLR runtime and generated code versions disagree: 4.7.2!=4.9.3
ANTLR runtime and generated code versions disagree: 4.7.2!=4.9.3
ANTLR runtime and generated code versions disagree: 4.7.2!=4.9.3
ANTLR runtime and generated code versions disagree: 4.7.2!=4.9.3
ANTLR runtime and generated code versions disagree: 4.7.2!=4.9.3
ANTLR runtime and generated code versions disagree: 4.7.2!=4.9.3
ANTLR runtime and generated code versions disagree: 4.7.2!=4.9.3
ANTLR runtime and generated code versions disagree: 4.7.2!=4.9.3
ANTLR runtime and generated code versions disagree: 4.7.2!=4.9.3
ANTLR runtime and generated code versions disagree: 4.7.2!=4.9.3
ANTLR runtime and generated code versions disagree: 4.7.2!=4.9.3
ANTLR runtime and generated code versions disagree: 4.7.2!=4.9.3
ANTLR runtime and generated code versions disagree: 4.7.2!=4.9.3
ANTLR runtime and generated code versions disagree: 4.7.2!=4.9.3
ANTLR runtime and generated code versions disagree: 4.7.2!=4.9.3
ANTLR runtime and generated code versions disagree: 4.7.2!=4.9.3
ANTLR runtime and generated code versions disagree: 4.7.2!=4.9.3
ANTLR runtime and generated code versions disagree: 4.7.2!=4.9.3
ANTLR runtime and generated code versions disagree: 4.7.2!=4.9.3
ANTLR runtime and generated code versions disagree: 4.7.2!=4.9.3
ANTLR runtime and generated code versions disagree: 4.7.2!=4.9.3
ANTLR runtime and generated code versions disagree: 4.7.2!=4.9.3
ANTLR runtime and generated code versions disagree: 4.7.2!=4.9.3
ANTLR runtime and generated code versions disagree: 4.7.2!=4.9.3
ANTLR runtime and generated code versions disagree: 4.7.2!=4.9.3
ANTLR runtime and generated code versions disagree: 4.7.2!=4.9.3
ANTLR runtime and generated code versions disagree: 4.7.2!=4.9.3
ANTLR runtime and generated code versions disagree: 4.7.2!=4.9.3
ANTLR runtime and generated code versions disagree: 4.7.2!=4.9.3
ANTLR runtime and generated code versions disagree: 4.7.2!=4.9.3
ANTLR runtime and generated code versions disagree: 4.7.2!=4.9.3
ANTLR runtime and generated code versions disagree: 4.7.2!=4.9.3
ANTLR runtime and generated code versions disagree: 4.7.2!=4.9.3
ANTLR runtime and generated code versions disagree: 4.7.2!=4.9.3
ANTLR runtime and generated code versions disagree: 4.7.2!=4.9.3
ANTLR runtime and generated code versions disagree: 4.7.2!=4.9.3
ANTLR runtime and generated code versions disagree: 4.7.2!=4.9.3
ANTLR runtime and generated code versions disagree: 4.7.2!=4.9.3
ANTLR runtime and generated code versions disagree: 4.7.2!=4.9.3
ANTLR runtime and generated code versions disagree: 4.7.2!=4.9.3
ANTLR runtime and generated code versions disagree: 4.7.2!=4.9.3
ANTLR runtime and generated code versions disagree: 4.7.2!=4.9.3
ANTLR runtime and generated code versions disagree: 4.7.2!=4.9.3
ANTLR runtime and generated code versions disagree: 4.7.2!=4.9.3
ANTLR runtime and generated code versions disagree: 4.7.2!=4.9.3
ANTLR runtime and generated code versions disagree: 4.7.2!=4.9.3
ANTLR runtime and generated code versions disagree: 4.7.2!=4.9.3
ANTLR runtime and generated code versions disagree: 4.7.2!=4.9.3
ANTLR runtime and generated code versions disagree: 4.7.2!=4.9.3
ANTLR runtime and generated code versions disagree: 4.7.2!=4.9.3
ANTLR runtime and generated code versions disagree: 4.7.2!=4.9.3
ANTLR runtime and generated code versions disagree: 4.7.2!=4.9.3
ANTLR runtime and generated code versions disagree: 4.7.2!=4.9.3
ANTLR runtime and generated code versions disagree: 4.7.2!=4.9.3
ANTLR runtime and generated code versions disagree: 4.7.2!=4.9.3
ANTLR runtime and generated code versions disagree: 4.7.2!=4.9.3
ANTLR runtime and generated code versions disagree: 4.7.2!=4.9.3
ANTLR runtime and generated code versions disagree: 4.7.2!=4.9.3
ANTLR runtime and generated code versions disagree: 4.7.2!=4.9.3
ANTLR runtime and generated code versions disagree: 4.7.2!=4.9.3
ANTLR runtime and generated code versions disagree: 4.7.2!=4.9.3
ANTLR runtime and generated code versions disagree: 4.7.2!=4.9.3
ANTLR runtime and generated code versions disagree: 4.7.2!=4.9.3
ANTLR runtime and generated code versions disagree: 4.7.2!=4.9.3
ANTLR runtime and generated code versions disagree: 4.7.2!=4.9.3
ANTLR runtime and generated code versions disagree: 4.7.2!=4.9.3
ANTLR runtime and generated code versions disagree: 4.7.2!=4.9.3
ANTLR runtime and generated code versions disagree: 4.7.2!=4.9.3
ANTLR runtime and generated code versions disagree: 4.7.2!=4.9.3
ANTLR runtime and generated code versions disagree: 4.7.2!=4.9.3
ANTLR runtime and generated code versions disagree: 4.7.2!=4.9.3
ANTLR runtime and generated code versions disagree: 4.7.2!=4.9.3
ANTLR runtime and generated code versions disagree: 4.7.2!=4.9.3
ANTLR runtime and generated code versions disagree: 4.7.2!=4.9.3
ANTLR runtime and generated code versions disagree: 4.7.2!=4.9.3
ANTLR runtime and generated code versions disagree: 4.7.2!=4.9.3
ANTLR runtime and generated code versions disagree: 4.7.2!=4.9.3
ANTLR runtime and generated code versions disagree: 4.7.2!=4.9.3
ANTLR runtime and generated code versions disagree: 4.7.2!=4.9.3
ANTLR runtime and generated code versions disagree: 4.7.2!=4.9.3
ANTLR runtime and generated code versions disagree: 4.7.2!=4.9.3
ANTLR runtime and generated code versions disagree: 4.7.2!=4.9.3
ANTLR runtime and generated code versions disagree: 4.7.2!=4.9.3
ANTLR runtime and generated code versions disagree: 4.7.2!=4.9.3
ANTLR runtime and generated code versions disagree: 4.7.2!=4.9.3
ANTLR runtime and generated code versions disagree: 4.7.2!=4.9.3
ANTLR runtime and generated code versions disagree: 4.7.2!=4.9.3
ANTLR runtime and generated code versions disagree: 4.7.2!=4.9.3
ANTLR runtime and generated code versions disagree: 4.7.2!=4.9.3
ANTLR runtime and generated code versions disagree: 4.7.2!=4.9.3
ANTLR runtime and generated code versions disagree: 4.7.2!=4.9.3
ANTLR runtime and generated code versions disagree: 4.7.2!=4.9.3
ANTLR runtime and generated code versions disagree: 4.7.2!=4.9.3
ANTLR runtime and generated code versions disagree: 4.7.2!=4.9.3
ANTLR runtime and generated code versions disagree: 4.7.2!=4.9.3
ANTLR runtime and generated code versions disagree: 4.7.2!=4.9.3
ANTLR runtime and generated code versions disagree: 4.7.2!=4.9.3
ANTLR runtime and generated code versions disagree: 4.7.2!=4.9.3
ANTLR runtime and generated code versions disagree: 4.7.2!=4.9.3
ANTLR runtime and generated code versions disagree: 4.7.2!=4.9.3
ANTLR runtime and generated code versions disagree: 4.7.2!=4.9.3
ANTLR runtime and generated code versions disagree: 4.7.2!=4.9.3
ANTLR runtime and generated code versions disagree: 4.7.2!=4.9.3
ANTLR runtime and generated code versions disagree: 4.7.2!=4.9.3
ANTLR runtime and generated code versions disagree: 4.7.2!=4.9.3
ANTLR runtime and generated code versions disagree: 4.7.2!=4.9.3
ANTLR runtime and generated code versions disagree: 4.7.2!=4.9.3
ANTLR runtime and generated code versions disagree: 4.7.2!=4.9.3
ANTLR runtime and generated code versions disagree: 4.7.2!=4.9.3
ANTLR runtime and generated code versions disagree: 4.7.2!=4.9.3
ANTLR runtime and generated code versions disagree: 4.7.2!=4.9.3
ANTLR runtime and generated code versions disagree: 4.7.2!=4.9.3
ANTLR runtime and generated code versions disagree: 4.7.2!=4.9.3
ANTLR runtime and generated code versions disagree: 4.7.2!=4.9.3
ANTLR runtime and generated code versions disagree: 4.7.2!=4.9.3
ANTLR runtime and generated code versions disagree: 4.7.2!=4.9.3
ANTLR runtime and generated code versions disagree: 4.7.2!=4.9.3
ANTLR runtime and generated code versions disagree: 4.7.2!=4.9.3
ANTLR runtime and generated code versions disagree: 4.7.2!=4.9.3
ANTLR runtime and generated code versions disagree: 4.7.2!=4.9.3
ANTLR runtime and generated code versions disagree: 4.7.2!=4.9.3
ANTLR runtime and generated code versions disagree: 4.7.2!=4.9.3
ANTLR runtime and generated code versions disagree: 4.7.2!=4.9.3
ANTLR runtime and generated code versions disagree: 4.7.2!=4.9.3
ANTLR runtime and generated code versions disagree: 4.7.2!=4.9.3
ANTLR runtime and generated code versions disagree: 4.7.2!=4.9.3
ANTLR runtime and generated code versions disagree: 4.7.2!=4.9.3
ANTLR runtime and generated code versions disagree: 4.7.2!=4.9.3
ANTLR runtime and generated code versions disagree: 4.7.2!=4.9.3
ANTLR runtime and generated code versions disagree: 4.7.2!=4.9.3
ANTLR runtime and generated code versions disagree: 4.7.2!=4.9.3
ANTLR runtime and generated code versions disagree: 4.7.2!=4.9.3
ANTLR runtime and generated code versions disagree: 4.7.2!=4.9.3
ANTLR runtime and generated code versions disagree: 4.7.2!=4.9.3
ANTLR runtime and generated code versions disagree: 4.7.2!=4.9.3
ANTLR runtime and generated code versions disagree: 4.7.2!=4.9.3
ANTLR runtime and generated code versions disagree: 4.7.2!=4.9.3
ANTLR runtime and generated code versions disagree: 4.7.2!=4.9.3
ANTLR runtime and generated code versions disagree: 4.7.2!=4.9.3
ANTLR runtime and generated code versions disagree: 4.7.2!=4.9.3
ANTLR runtime and generated code versions disagree: 4.7.2!=4.9.3
ANTLR runtime and generated code versions disagree: 4.7.2!=4.9.3
ANTLR runtime and generated code versions disagree: 4.7.2!=4.9.3
ANTLR runtime and generated code versions disagree: 4.7.2!=4.9.3
ANTLR runtime and generated code versions disagree: 4.7.2!=4.9.3
ANTLR runtime and generated code versions disagree: 4.7.2!=4.9.3
ANTLR runtime and generated code versions disagree: 4.7.2!=4.9.3
ANTLR runtime and generated code versions disagree: 4.7.2!=4.9.3
ANTLR runtime and generated code versions disagree: 4.7.2!=4.9.3
2026-07-11 07:20:34,357	INFO worker.py:2014 -- Started a local Ray instance. View the dashboard at [1m[32mhttp://127.0.0.1:8265 [39m[22m
/usr/local/lib/python3.12/dist-packages/ray/_private/worker.py:2062: FutureWarning: Tip: In future versions of Ray, Ray will no longer override accelerator visible devices env var if num_gpus=0 or num_gpus=None (default). To enable this behavior and turn off this error message, set RAY_ACCEL_ENV_VAR_OVERRIDE_ON_ZERO=0
  warnings.warn(
[36m(pid=664535)[0m W0711 07:20:42.864000 664535 torch/utils/cpp_extension.py:117] No CUDA runtime is found, using CUDA_HOME='/usr/local/cuda'
[36m(pid=664535)[0m WARNING:2026-07-11 07:20:42,911:fused_indices_to_multihot has reached end of life. Please migrate to a non-experimental function.
ray init kwargs: {'num_cpus': None, 'runtime_env': {'env_vars': {'TOKENIZERS_PARALLELISM': 'true', 'NCCL_DEBUG': 'WARN', 'VLLM_LOGGING_LEVEL': 'WARN', 'VLLM_ALLOW_RUNTIME_LORA_UPDATING': 'true', 'CUDA_DEVICE_MAX_CONNECTIONS': '1', 'VLLM_DISABLE_COMPILE_CACHE': '1', 'HCCL_HOST_SOCKET_PORT_RANGE': 'auto', 'HCCL_NPU_SOCKET_PORT_RANGE': 'auto'}, 'working_dir': None}}
[36m(TaskRunner pid=664535)[0m TaskRunner hostname: ip-172-31-45-208, PID: 664535
[36m(TaskRunner pid=664535)[0m ANTLR runtime and generated code versions disagree: 4.7.2!=4.9.3
[36m(TaskRunner pid=664535)[0m ANTLR runtime and generated code versions disagree: 4.7.2!=4.9.3
[36m(TaskRunner pid=664535)[0m {'actor_rollout_ref': {'actor': {'_target_': 'verl.workers.config.FSDPActorConfig',
[36m(TaskRunner pid=664535)[0m                                  'calculate_entropy': False,
[36m(TaskRunner pid=664535)[0m                                  'calculate_sum_pi_squared': False,
[36m(TaskRunner pid=664535)[0m                                  'checkpoint': {'_target_': 'verl.trainer.config.CheckpointConfig',
[36m(TaskRunner pid=664535)[0m                                                 'async_save': False,
[36m(TaskRunner pid=664535)[0m                                                 'load_contents': ['model',
[36m(TaskRunner pid=664535)[0m                                                                   'optimizer',
[36m(TaskRunner pid=664535)[0m                                                                   'extra'],
[36m(TaskRunner pid=664535)[0m                                                 'mbridge_config': {},
[36m(TaskRunner pid=664535)[0m                                                 'save_contents': ['model',
[36m(TaskRunner pid=664535)[0m                                                                   'optimizer',
[36m(TaskRunner pid=664535)[0m                                                                   'extra']},
[36m(TaskRunner pid=664535)[0m                                  'clip_ratio': 0.2,
[36m(TaskRunner pid=664535)[0m                                  'clip_ratio_c': 3.0,
[36m(TaskRunner pid=664535)[0m                                  'clip_ratio_high': 0.2,
[36m(TaskRunner pid=664535)[0m                                  'clip_ratio_low': 0.2,
[36m(TaskRunner pid=664535)[0m                                  'data_loader_seed': 42,
[36m(TaskRunner pid=664535)[0m                                  'entropy_checkpointing': False,
[36m(TaskRunner pid=664535)[0m                                  'entropy_coeff': 0,
[36m(TaskRunner pid=664535)[0m                                  'entropy_from_logits_with_chunking': False,
[36m(TaskRunner pid=664535)[0m                                  'freeze_vision_tower': False,
[36m(TaskRunner pid=664535)[0m                                  'fsdp_config': {'_target_': 'verl.workers.config.FSDPEngineConfig',
[36m(TaskRunner pid=664535)[0m                                                  'dtype': 'bfloat16',
[36m(TaskRunner pid=664535)[0m                                                  'entropy_checkpointing': False,
[36m(TaskRunner pid=664535)[0m                                                  'entropy_from_logits_with_chunking': False,
[36m(TaskRunner pid=664535)[0m                                                  'forward_only': False,
[36m(TaskRunner pid=664535)[0m                                                  'forward_prefetch': False,
[36m(TaskRunner pid=664535)[0m                                                  'fsdp_size': -1,
[36m(TaskRunner pid=664535)[0m                                                  'full_determinism': False,
[36m(TaskRunner pid=664535)[0m                                                  'model_dtype': 'fp32',
[36m(TaskRunner pid=664535)[0m                                                  'offload_policy': False,
[36m(TaskRunner pid=664535)[0m                                                  'optimizer_offload': False,
[36m(TaskRunner pid=664535)[0m                                                  'param_offload': False,
[36m(TaskRunner pid=664535)[0m                                                  'qat': {'_target_': 'verl.workers.config.QATEngineConfig',
[36m(TaskRunner pid=664535)[0m                                                          'activation_observer': 'static_minmax',
[36m(TaskRunner pid=664535)[0m                                                          'enable': False,
[36m(TaskRunner pid=664535)[0m                                                          'group_size': 16,
[36m(TaskRunner pid=664535)[0m                                                          'ignore_patterns': ['lm_head',
[36m(TaskRunner pid=664535)[0m                                                                              'embed_tokens',
[36m(TaskRunner pid=664535)[0m                                                                              're:.*mlp.gate$'],
[36m(TaskRunner pid=664535)[0m                                                          'mode': 'w4a16',
[36m(TaskRunner pid=664535)[0m                                                          'quantization_config_path': None},
[36m(TaskRunner pid=664535)[0m                                                  'reshard_after_forward': True,
[36m(TaskRunner pid=664535)[0m                                                  'seed': 42,
[36m(TaskRunner pid=664535)[0m                                                  'strategy': 'fsdp',
[36m(TaskRunner pid=664535)[0m                                                  'ulysses_sequence_parallel_size': 1,
[36m(TaskRunner pid=664535)[0m                                                  'use_orig_params': False,
[36m(TaskRunner pid=664535)[0m                                                  'use_torch_compile': True,
[36m(TaskRunner pid=664535)[0m                                                  'wrap_policy': {'min_num_params': 0}},
[36m(TaskRunner pid=664535)[0m                                  'grad_clip': 1.0,
[36m(TaskRunner pid=664535)[0m                                  'kl_loss_coef': 0.05,
[36m(TaskRunner pid=664535)[0m                                  'kl_loss_type': 'low_var_kl',
[36m(TaskRunner pid=664535)[0m                                  'loss_agg_mode': 'token-mean',
[36m(TaskRunner pid=664535)[0m                                  'loss_scale_factor': None,
[36m(TaskRunner pid=664535)[0m                                  'optim': {'_target_': 'verl.workers.config.FSDPOptimizerConfig',
[36m(TaskRunner pid=664535)[0m                                            'betas': [0.9, 0.999],
[36m(TaskRunner pid=664535)[0m                                            'clip_grad': 1.0,
[36m(TaskRunner pid=664535)[0m                                            'lr': 5e-07,
[36m(TaskRunner pid=664535)[0m                                            'lr_scheduler_type': 'constant',
[36m(TaskRunner pid=664535)[0m                                            'lr_warmup_steps': -1,
[36m(TaskRunner pid=664535)[0m                                            'lr_warmup_steps_ratio': 0.0,
[36m(TaskRunner pid=664535)[0m                                            'min_lr_ratio': 0.0,
[36m(TaskRunner pid=664535)[0m                                            'num_cycles': 0.5,
[36m(TaskRunner pid=664535)[0m                                            'optimizer': 'AdamW',
[36m(TaskRunner pid=664535)[0m                                            'optimizer_impl': 'torch.optim',
[36m(TaskRunner pid=664535)[0m                                            'override_optimizer_config': None,
[36m(TaskRunner pid=664535)[0m                                            'total_training_steps': -1,
[36m(TaskRunner pid=664535)[0m                                            'warmup_style': None,
[36m(TaskRunner pid=664535)[0m                                            'weight_decay': 0.01,
[36m(TaskRunner pid=664535)[0m                                            'zero_indexed_step': True},
[36m(TaskRunner pid=664535)[0m                                  'policy_loss': {'_target_': 'verl.workers.config.PolicyLossConfig',
[36m(TaskRunner pid=664535)[0m                                                  'clip_cov_lb': 1.0,
[36m(TaskRunner pid=664535)[0m                                                  'clip_cov_ratio': 0.0002,
[36m(TaskRunner pid=664535)[0m                                                  'clip_cov_ub': 5.0,
[36m(TaskRunner pid=664535)[0m                                                  'kl_cov_ratio': 0.0002,
[36m(TaskRunner pid=664535)[0m                                                  'loss_mode': 'vanilla',
[36m(TaskRunner pid=664535)[0m                                                  'ppo_kl_coef': 0.1},
[36m(TaskRunner pid=664535)[0m                                  'ppo_epochs': 1,
[36m(TaskRunner pid=664535)[0m                                  'ppo_max_token_len_per_gpu': 16384,
[36m(TaskRunner pid=664535)[0m                                  'ppo_micro_batch_size': None,
[36m(TaskRunner pid=664535)[0m                                  'ppo_micro_batch_size_per_gpu': 2,
[36m(TaskRunner pid=664535)[0m                                  'ppo_mini_batch_size': 64,
[36m(TaskRunner pid=664535)[0m                                  'profiler': {'_target_': 'verl.utils.profiler.ProfilerConfig',
[36m(TaskRunner pid=664535)[0m                                               'all_ranks': False,
[36m(TaskRunner pid=664535)[0m                                               'enable': False,
[36m(TaskRunner pid=664535)[0m                                               'ranks': [],
[36m(TaskRunner pid=664535)[0m                                               'save_path': 'outputs/profile',
[36m(TaskRunner pid=664535)[0m                                               'tool': None,
[36m(TaskRunner pid=664535)[0m                                               'tool_config': {'npu': {'_target_': 'verl.utils.profiler.config.NPUToolConfig',
[36m(TaskRunner pid=664535)[0m                                                                       'analysis': True,
[36m(TaskRunner pid=664535)[0m                                                                       'contents': [],
[36m(TaskRunner pid=664535)[0m                                                                       'discrete': False,
[36m(TaskRunner pid=664535)[0m                                                                       'level': 'level0'},
[36m(TaskRunner pid=664535)[0m                                                               'nsys': {'_target_': 'verl.utils.profiler.config.NsightToolConfig',
[36m(TaskRunner pid=664535)[0m                                                                        'discrete': False},
[36m(TaskRunner pid=664535)[0m                                                               'precision_debugger': {'_target_': 'verl.utils.profiler.config.PrecisionDebuggerToolConfig',
[36m(TaskRunner pid=664535)[0m                                                                                      'config_path': None,
[36m(TaskRunner pid=664535)[0m                                                                                      'stages': None,
[36m(TaskRunner pid=664535)[0m                                                                                      'steps': None,
[36m(TaskRunner pid=664535)[0m                                                                                      'strict': False},
[36m(TaskRunner pid=664535)[0m                                                               'torch': {'_target_': 'verl.utils.profiler.config.TorchProfilerToolConfig',
[36m(TaskRunner pid=664535)[0m                                                                         'contents': [],
[36m(TaskRunner pid=664535)[0m                                                                         'discrete': False},
[36m(TaskRunner pid=664535)[0m                                                               'torch_memory': {'_target_': 'verl.utils.profiler.config.TorchMemoryToolConfig',
[36m(TaskRunner pid=664535)[0m                                                                                'stack_depth': 32,
[36m(TaskRunner pid=664535)[0m                                                                                'trace_alloc_max_entries': 100000}}},
[36m(TaskRunner pid=664535)[0m                                  'qat': {'activation_observer': 'static_minmax',
[36m(TaskRunner pid=664535)[0m                                          'enable': False,
[36m(TaskRunner pid=664535)[0m                                          'group_size': 16,
[36m(TaskRunner pid=664535)[0m                                          'ignore_patterns': ['lm_head',
[36m(TaskRunner pid=664535)[0m                                                              'embed_tokens',
[36m(TaskRunner pid=664535)[0m                                                              're:.*mlp.gate$'],
[36m(TaskRunner pid=664535)[0m                                          'mode': 'w4a16',
[36m(TaskRunner pid=664535)[0m                                          'quantization_config_path': None},
[36m(TaskRunner pid=664535)[0m                                  'rollout_n': 16,
[36m(TaskRunner pid=664535)[0m                                  'router_replay': {'_target_': 'verl.workers.config.RouterReplayConfig',
[36m(TaskRunner pid=664535)[0m                                                    'mode': 'disabled',
[36m(TaskRunner pid=664535)[0m                                                    'record_file': None,
[36m(TaskRunner pid=664535)[0m                                                    'replay_file': None},
[36m(TaskRunner pid=664535)[0m                                  'shuffle': False,
[36m(TaskRunner pid=664535)[0m                                  'strategy': 'fsdp',
[36m(TaskRunner pid=664535)[0m                                  'sum_pi_squared_checkpointing': False,
[36m(TaskRunner pid=664535)[0m                                  'tau_neg': 1.05,
[36m(TaskRunner pid=664535)[0m                                  'tau_pos': 1.0,
[36m(TaskRunner pid=664535)[0m                                  'ulysses_sequence_parallel_size': 1,
[36m(TaskRunner pid=664535)[0m                                  'use_dynamic_bsz': False,
[36m(TaskRunner pid=664535)[0m                                  'use_fused_kernels': False,
[36m(TaskRunner pid=664535)[0m                                  'use_kl_loss': True,
[36m(TaskRunner pid=664535)[0m                                  'use_prefix_grouper': False,
[36m(TaskRunner pid=664535)[0m                                  'use_remove_padding': True,
[36m(TaskRunner pid=664535)[0m                                  'use_torch_compile': True},
[36m(TaskRunner pid=664535)[0m                        'hybrid_engine': True,
[36m(TaskRunner pid=664535)[0m                        'model': {'_target_': 'verl.workers.config.HFModelConfig',
[36m(TaskRunner pid=664535)[0m                                  'custom_chat_template': None,
[36m(TaskRunner pid=664535)[0m                                  'enable_activation_offload': False,
[36m(TaskRunner pid=664535)[0m                                  'enable_gradient_checkpointing': True,
[36m(TaskRunner pid=664535)[0m                                  'exclude_modules': None,
[36m(TaskRunner pid=664535)[0m                                  'external_lib': None,
[36m(TaskRunner pid=664535)[0m                                  'fused_kernel_options': {'impl_backend': 'torch'},
[36m(TaskRunner pid=664535)[0m                                  'hf_config_path': None,
[36m(TaskRunner pid=664535)[0m                                  'lora': {'a2a_experimental': False,
[36m(TaskRunner pid=664535)[0m                                           'adapter_path': None,
[36m(TaskRunner pid=664535)[0m                                           'alpha': 32,
[36m(TaskRunner pid=664535)[0m                                           'dropout': 0.0,
[36m(TaskRunner pid=664535)[0m                                           'dropout_position': 'pre',
[36m(TaskRunner pid=664535)[0m                                           'dtype': None,
[36m(TaskRunner pid=664535)[0m                                           'exclude_modules': [],
[36m(TaskRunner pid=664535)[0m                                           'freeze_language_model': True,
[36m(TaskRunner pid=664535)[0m                                           'freeze_vision_model': True,
[36m(TaskRunner pid=664535)[0m                                           'freeze_vision_projection': True,
[36m(TaskRunner pid=664535)[0m                                           'lora_A_init_method': 'xavier',
[36m(TaskRunner pid=664535)[0m                                           'lora_B_init_method': 'zero',
[36m(TaskRunner pid=664535)[0m                                           'merge': False,
[36m(TaskRunner pid=664535)[0m                                           'rank': 0,
[36m(TaskRunner pid=664535)[0m                                           'target_modules': ['linear_qkv',
[36m(TaskRunner pid=664535)[0m                                                              'linear_proj',
[36m(TaskRunner pid=664535)[0m                                                              'linear_fc1',
[36m(TaskRunner pid=664535)[0m                                                              'linear_fc2'],
[36m(TaskRunner pid=664535)[0m                                           'type': 'lora'},
[36m(TaskRunner pid=664535)[0m                                  'lora_adapter_path': None,
[36m(TaskRunner pid=664535)[0m                                  'lora_alpha': 16,
[36m(TaskRunner pid=664535)[0m                                  'lora_rank': 0,
[36m(TaskRunner pid=664535)[0m                                  'mtp': {'_target_': 'verl.workers.config.MtpConfig',
[36m(TaskRunner pid=664535)[0m                                          'detach_encoder': False,
[36m(TaskRunner pid=664535)[0m                                          'enable': False,
[36m(TaskRunner pid=664535)[0m                                          'enable_rollout': False,
[36m(TaskRunner pid=664535)[0m                                          'enable_train': False,
[36m(TaskRunner pid=664535)[0m                                          'method': 'mtp',
[36m(TaskRunner pid=664535)[0m                                          'mtp_loss_scaling_factor': 0.1,
[36m(TaskRunner pid=664535)[0m                                          'num_speculative_tokens': 1,
[36m(TaskRunner pid=664535)[0m                                          'speculative_algorithm': 'EAGLE',
[36m(TaskRunner pid=664535)[0m                                          'speculative_eagle_topk': 1,
[36m(TaskRunner pid=664535)[0m                                          'speculative_num_draft_tokens': 4,
[36m(TaskRunner pid=664535)[0m                                          'speculative_num_steps': 3},
[36m(TaskRunner pid=664535)[0m                                  'override_config': {},
[36m(TaskRunner pid=664535)[0m                                  'path': '/workspace/verl-x/budget-rl-training-repro/artifacts/models/sft_interval_pct30_e5',
[36m(TaskRunner pid=664535)[0m                                  'target_modules': 'all-linear',
[36m(TaskRunner pid=664535)[0m                                  'tiled_mlp': {'enabled': False,
[36m(TaskRunner pid=664535)[0m                                                'num_shards': 4},
[36m(TaskRunner pid=664535)[0m                                  'tokenizer_path': None,
[36m(TaskRunner pid=664535)[0m                                  'trust_remote_code': False,
[36m(TaskRunner pid=664535)[0m                                  'use_fused_kernels': False,
[36m(TaskRunner pid=664535)[0m                                  'use_liger': False,
[36m(TaskRunner pid=664535)[0m                                  'use_remove_padding': True,
[36m(TaskRunner pid=664535)[0m                                  'use_shm': False},
[36m(TaskRunner pid=664535)[0m                        'nccl_timeout': 600,
[36m(TaskRunner pid=664535)[0m                        'ref': {'_target_': 'verl.workers.config.FSDPActorConfig',
[36m(TaskRunner pid=664535)[0m                                'entropy_checkpointing': False,
[36m(TaskRunner pid=664535)[0m                                'entropy_from_logits_with_chunking': False,
[36m(TaskRunner pid=664535)[0m                                'fsdp_config': {'_target_': 'verl.workers.config.FSDPEngineConfig',
[36m(TaskRunner pid=664535)[0m                                                'dtype': 'bfloat16',
[36m(TaskRunner pid=664535)[0m                                                'entropy_checkpointing': False,
[36m(TaskRunner pid=664535)[0m                                                'entropy_from_logits_with_chunking': False,
[36m(TaskRunner pid=664535)[0m                                                'forward_only': True,
[36m(TaskRunner pid=664535)[0m                                                'forward_prefetch': False,
[36m(TaskRunner pid=664535)[0m                                                'fsdp_size': -1,
[36m(TaskRunner pid=664535)[0m                                                'full_determinism': False,
[36m(TaskRunner pid=664535)[0m                                                'model_dtype': 'fp32',
[36m(TaskRunner pid=664535)[0m                                                'offload_policy': False,
[36m(TaskRunner pid=664535)[0m                                                'optimizer_offload': False,
[36m(TaskRunner pid=664535)[0m                                                'param_offload': True,
[36m(TaskRunner pid=664535)[0m                                                'qat': {'_target_': 'verl.workers.config.QATEngineConfig',
[36m(TaskRunner pid=664535)[0m                                                        'activation_observer': 'static_minmax',
[36m(TaskRunner pid=664535)[0m                                                        'enable': False,
[36m(TaskRunner pid=664535)[0m                                                        'group_size': 16,
[36m(TaskRunner pid=664535)[0m                                                        'ignore_patterns': ['lm_head',
[36m(TaskRunner pid=664535)[0m                                                                            'embed_tokens',
[36m(TaskRunner pid=664535)[0m                                                                            're:.*mlp.gate$'],
[36m(TaskRunner pid=664535)[0m                                                        'mode': 'w4a16',
[36m(TaskRunner pid=664535)[0m                                                        'quantization_config_path': None},
[36m(TaskRunner pid=664535)[0m                                                'reshard_after_forward': True,
[36m(TaskRunner pid=664535)[0m                                                'seed': 42,
[36m(TaskRunner pid=664535)[0m                                                'strategy': 'fsdp',
[36m(TaskRunner pid=664535)[0m                                                'ulysses_sequence_parallel_size': 1,
[36m(TaskRunner pid=664535)[0m                                                'use_orig_params': False,
[36m(TaskRunner pid=664535)[0m                                                'use_torch_compile': True,
[36m(TaskRunner pid=664535)[0m                                                'wrap_policy': {'min_num_params': 0}},
[36m(TaskRunner pid=664535)[0m                                'log_prob_max_token_len_per_gpu': 16384,
[36m(TaskRunner pid=664535)[0m                                'log_prob_micro_batch_size': None,
[36m(TaskRunner pid=664535)[0m                                'log_prob_micro_batch_size_per_gpu': 2,
[36m(TaskRunner pid=664535)[0m                                'log_prob_use_dynamic_bsz': False,
[36m(TaskRunner pid=664535)[0m                                'profiler': {'_target_': 'verl.utils.profiler.ProfilerConfig',
[36m(TaskRunner pid=664535)[0m                                             'all_ranks': False,
[36m(TaskRunner pid=664535)[0m                                             'enable': False,
[36m(TaskRunner pid=664535)[0m                                             'ranks': [],
[36m(TaskRunner pid=664535)[0m                                             'save_path': 'outputs/profile',
[36m(TaskRunner pid=664535)[0m                                             'tool': None,
[36m(TaskRunner pid=664535)[0m                                             'tool_config': {'npu': {'_target_': 'verl.utils.profiler.config.NPUToolConfig',
[36m(TaskRunner pid=664535)[0m                                                                     'analysis': True,
[36m(TaskRunner pid=664535)[0m                                                                     'contents': [],
[36m(TaskRunner pid=664535)[0m                                                                     'discrete': False,
[36m(TaskRunner pid=664535)[0m                                                                     'level': 'level0'},
[36m(TaskRunner pid=664535)[0m                                                             'nsys': {'_target_': 'verl.utils.profiler.config.NsightToolConfig',
[36m(TaskRunner pid=664535)[0m                                                                      'discrete': False},
[36m(TaskRunner pid=664535)[0m                                                             'precision_debugger': {'_target_': 'verl.utils.profiler.config.PrecisionDebuggerToolConfig',
[36m(TaskRunner pid=664535)[0m                                                                                    'config_path': None,
[36m(TaskRunner pid=664535)[0m                                                                                    'stages': None,
[36m(TaskRunner pid=664535)[0m                                                                                    'steps': None,
[36m(TaskRunner pid=664535)[0m                                                                                    'strict': False},
[36m(TaskRunner pid=664535)[0m                                                             'torch': {'_target_': 'verl.utils.profiler.config.TorchProfilerToolConfig',
[36m(TaskRunner pid=664535)[0m                                                                       'contents': [],
[36m(TaskRunner pid=664535)[0m                                                                       'discrete': False},
[36m(TaskRunner pid=664535)[0m                                                             'torch_memory': {'_target_': 'verl.utils.profiler.config.TorchMemoryToolConfig',
[36m(TaskRunner pid=664535)[0m                                                                              'stack_depth': 32,
[36m(TaskRunner pid=664535)[0m                                                                              'trace_alloc_max_entries': 100000}}},
[36m(TaskRunner pid=664535)[0m                                'rollout_n': 16,
[36m(TaskRunner pid=664535)[0m                                'router_replay': {'_target_': 'verl.workers.config.RouterReplayConfig',
[36m(TaskRunner pid=664535)[0m                                                  'mode': 'disabled',
[36m(TaskRunner pid=664535)[0m                                                  'record_file': None,
[36m(TaskRunner pid=664535)[0m                                                  'replay_file': None},
[36m(TaskRunner pid=664535)[0m                                'strategy': 'fsdp',
[36m(TaskRunner pid=664535)[0m                                'ulysses_sequence_parallel_size': 1,
[36m(TaskRunner pid=664535)[0m                                'use_torch_compile': True},
[36m(TaskRunner pid=664535)[0m                        'rollout': {'_target_': 'verl.workers.config.RolloutConfig',
[36m(TaskRunner pid=664535)[0m                                    'agent': {'_target_': 'verl.workers.config.AgentLoopConfig',
[36m(TaskRunner pid=664535)[0m                                              'agent_loop_config_path': None,
[36m(TaskRunner pid=664535)[0m                                              'custom_async_server': {'_target_': 'verl.workers.config.CustomAsyncServerConfig',
[36m(TaskRunner pid=664535)[0m                                                                      'name': None,
[36m(TaskRunner pid=664535)[0m                                                                      'path': None},
[36m(TaskRunner pid=664535)[0m                                              'default_agent_loop': 'single_turn_agent',
[36m(TaskRunner pid=664535)[0m                                              'num_workers': 8},
[36m(TaskRunner pid=664535)[0m                                    'calculate_log_probs': False,
[36m(TaskRunner pid=664535)[0m                                    'checkpoint_engine': {'_target_': 'verl.workers.config.CheckpointEngineConfig',
[36m(TaskRunner pid=664535)[0m                                                          'backend': 'naive',
[36m(TaskRunner pid=664535)[0m                                                          'custom_backend_module': None,
[36m(TaskRunner pid=664535)[0m                                                          'engine_kwargs': {},
[36m(TaskRunner pid=664535)[0m                                                          'update_weights_bucket_megabytes': 2048},
[36m(TaskRunner pid=664535)[0m                                    'cudagraph_capture_sizes': None,
[36m(TaskRunner pid=664535)[0m                                    'data_parallel_size': 1,
[36m(TaskRunner pid=664535)[0m                                    'disable_log_stats': True,
[36m(TaskRunner pid=664535)[0m                                    'do_sample': True,
[36m(TaskRunner pid=664535)[0m                                    'dtype': 'bfloat16',
[36m(TaskRunner pid=664535)[0m                                    'enable_chunked_prefill': True,
[36m(TaskRunner pid=664535)[0m                                    'enable_prefix_caching': True,
[36m(TaskRunner pid=664535)[0m                                    'enable_rollout_routing_replay': False,
[36m(TaskRunner pid=664535)[0m                                    'enforce_eager': False,
[36m(TaskRunner pid=664535)[0m                                    'engine_kwargs': {'sglang': {},
[36m(TaskRunner pid=664535)[0m                                                      'trtllm': {},
[36m(TaskRunner pid=664535)[0m                                                      'vllm': {}},
[36m(TaskRunner pid=664535)[0m                                    'expert_parallel_size': 1,
[36m(TaskRunner pid=664535)[0m                                    'free_cache_engine': True,
[36m(TaskRunner pid=664535)[0m                                    'gpu_memory_utilization': 0.3,
[36m(TaskRunner pid=664535)[0m                                    'ignore_eos': False,
[36m(TaskRunner pid=664535)[0m                                    'layered_summon': False,
[36m(TaskRunner pid=664535)[0m                                    'load_format': 'dummy',
[36m(TaskRunner pid=664535)[0m                                    'log_prob_max_token_len_per_gpu': 16384,
[36m(TaskRunner pid=664535)[0m                                    'log_prob_micro_batch_size': None,
[36m(TaskRunner pid=664535)[0m                                    'log_prob_micro_batch_size_per_gpu': 2,
[36m(TaskRunner pid=664535)[0m                                    'log_prob_use_dynamic_bsz': False,
[36m(TaskRunner pid=664535)[0m                                    'logprobs_mode': 'processed_logprobs',
[36m(TaskRunner pid=664535)[0m                                    'max_model_len': 8192,
[36m(TaskRunner pid=664535)[0m                                    'max_num_batched_tokens': 8192,
[36m(TaskRunner pid=664535)[0m                                    'max_num_seqs': 1024,
[36m(TaskRunner pid=664535)[0m                                    'mode': 'async',
[36m(TaskRunner pid=664535)[0m                                    'mtp': {'_target_': 'verl.workers.config.MtpConfig',
[36m(TaskRunner pid=664535)[0m                                            'detach_encoder': False,
[36m(TaskRunner pid=664535)[0m                                            'enable': False,
[36m(TaskRunner pid=664535)[0m                                            'enable_rollout': False,
[36m(TaskRunner pid=664535)[0m                                            'enable_train': False,
[36m(TaskRunner pid=664535)[0m                                            'method': 'mtp',
[36m(TaskRunner pid=664535)[0m                                            'mtp_loss_scaling_factor': 0.1,
[36m(TaskRunner pid=664535)[0m                                            'num_speculative_tokens': 1,
[36m(TaskRunner pid=664535)[0m                                            'speculative_algorithm': 'EAGLE',
[36m(TaskRunner pid=664535)[0m                                            'speculative_eagle_topk': 1,
[36m(TaskRunner pid=664535)[0m                                            'speculative_num_draft_tokens': 4,
[36m(TaskRunner pid=664535)[0m                                            'speculative_num_steps': 3},
[36m(TaskRunner pid=664535)[0m                                    'multi_stage_wake_up': False,
[36m(TaskRunner pid=664535)[0m                                    'multi_turn': {'_target_': 'verl.workers.config.MultiTurnConfig',
[36m(TaskRunner pid=664535)[0m                                                   'enable': False,
[36m(TaskRunner pid=664535)[0m                                                   'format': 'hermes',
[36m(TaskRunner pid=664535)[0m                                                   'interaction_config_path': None,
[36m(TaskRunner pid=664535)[0m                                                   'max_assistant_turns': None,
[36m(TaskRunner pid=664535)[0m                                                   'max_parallel_calls': 1,
[36m(TaskRunner pid=664535)[0m                                                   'max_tool_response_length': 256,
[36m(TaskRunner pid=664535)[0m                                                   'max_user_turns': None,
[36m(TaskRunner pid=664535)[0m                                                   'num_repeat_rollouts': None,
[36m(TaskRunner pid=664535)[0m                                                   'tokenization_sanity_check_mode': 'strict',
[36m(TaskRunner pid=664535)[0m                                                   'tool_config_path': None,
[36m(TaskRunner pid=664535)[0m                                                   'tool_response_truncate_side': 'middle',
[36m(TaskRunner pid=664535)[0m                                                   'use_inference_chat_template': False},
[36m(TaskRunner pid=664535)[0m                                    'n': 16,
[36m(TaskRunner pid=664535)[0m                                    'n_gpus_per_node': 8,
[36m(TaskRunner pid=664535)[0m                                    'name': 'vllm',
[36m(TaskRunner pid=664535)[0m                                    'nnodes': 0,
[36m(TaskRunner pid=664535)[0m                                    'over_sample_rate': 0,
[36m(TaskRunner pid=664535)[0m                                    'pipeline_model_parallel_size': 1,
[36m(TaskRunner pid=664535)[0m                                    'profiler': {'_target_': 'verl.utils.profiler.ProfilerConfig',
[36m(TaskRunner pid=664535)[0m                                                 'all_ranks': False,
[36m(TaskRunner pid=664535)[0m                                                 'enable': False,
[36m(TaskRunner pid=664535)[0m                                                 'ranks': [],
[36m(TaskRunner pid=664535)[0m                                                 'save_path': 'outputs/profile',
[36m(TaskRunner pid=664535)[0m                                                 'tool': None,
[36m(TaskRunner pid=664535)[0m                                                 'tool_config': {'npu': {'_target_': 'verl.utils.profiler.config.NPUToolConfig',
[36m(TaskRunner pid=664535)[0m                                                                         'analysis': True,
[36m(TaskRunner pid=664535)[0m                                                                         'contents': [],
[36m(TaskRunner pid=664535)[0m                                                                         'discrete': False,
[36m(TaskRunner pid=664535)[0m                                                                         'level': 'level0'},
[36m(TaskRunner pid=664535)[0m                                                                 'precision_debugger': {'_target_': 'verl.utils.profiler.config.PrecisionDebuggerToolConfig',
[36m(TaskRunner pid=664535)[0m                                                                                        'config_path': None,
[36m(TaskRunner pid=664535)[0m                                                                                        'stages': None,
[36m(TaskRunner pid=664535)[0m                                                                                        'steps': None,
[36m(TaskRunner pid=664535)[0m                                                                                        'strict': False},
[36m(TaskRunner pid=664535)[0m                                                                 'torch': {'_target_': 'verl.utils.profiler.config.TorchProfilerToolConfig',
[36m(TaskRunner pid=664535)[0m                                                                           'contents': [],
[36m(TaskRunner pid=664535)[0m                                                                           'discrete': False}}},
[36m(TaskRunner pid=664535)[0m                                    'prometheus': {'_target_': 'verl.workers.config.PrometheusConfig',
[36m(TaskRunner pid=664535)[0m                                                   'enable': False,
[36m(TaskRunner pid=664535)[0m                                                   'file': '/tmp/ray/session_latest/metrics/prometheus/prometheus.yml',
[36m(TaskRunner pid=664535)[0m                                                   'port': 9090,
[36m(TaskRunner pid=664535)[0m                                                   'served_model_name': '/workspace/verl-x/budget-rl-training-repro/artifacts/models/sft_interval_pct30_e5'},
[36m(TaskRunner pid=664535)[0m                                    'prompt_length': 8192,
[36m(TaskRunner pid=664535)[0m                                    'qat': {'_target_': 'verl.workers.config.QATEngineConfig',
[36m(TaskRunner pid=664535)[0m                                            'activation_observer': 'static_minmax',
[36m(TaskRunner pid=664535)[0m                                            'enable': False,
[36m(TaskRunner pid=664535)[0m                                            'group_size': 16,
[36m(TaskRunner pid=664535)[0m                                            'ignore_patterns': ['lm_head',
[36m(TaskRunner pid=664535)[0m                                                                'embed_tokens',
[36m(TaskRunner pid=664535)[0m                                                                're:.*mlp.gate$'],
[36m(TaskRunner pid=664535)[0m                                            'mode': 'w4a16',
[36m(TaskRunner pid=664535)[0m                                            'quantization_config_path': None},
[36m(TaskRunner pid=664535)[0m                                    'quantization': None,
[36m(TaskRunner pid=664535)[0m                                    'quantization_config_file': None,
[36m(TaskRunner pid=664535)[0m                                    'response_length': 1024,
[36m(TaskRunner pid=664535)[0m                                    'scheduling_policy': 'fcfs',
[36m(TaskRunner pid=664535)[0m                                    'skip': {'_target_': 'verl.workers.config.SkipConfig',
[36m(TaskRunner pid=664535)[0m                                             'action': 'cache',
[36m(TaskRunner pid=664535)[0m                                             'dump_dir': '~/.verl/rollout_dump',
[36m(TaskRunner pid=664535)[0m                                             'enable': False,
[36m(TaskRunner pid=664535)[0m                                             'max_dump_step': 1},
[36m(TaskRunner pid=664535)[0m                                    'skip_tokenizer_init': True,
[36m(TaskRunner pid=664535)[0m                                    'temperature': 1.0,
[36m(TaskRunner pid=664535)[0m                                    'tensor_model_parallel_size': 4,
[36m(TaskRunner pid=664535)[0m                                    'top_k': -1,
[36m(TaskRunner pid=664535)[0m                                    'top_p': 1,
[36m(TaskRunner pid=664535)[0m                                    'trace': {'_target_': 'verl.workers.config.TraceConfig',
[36m(TaskRunner pid=664535)[0m                                              'backend': None,
[36m(TaskRunner pid=664535)[0m                                              'experiment_name': 'rl_pct30e5_kl005_central_lam05_seed42',
[36m(TaskRunner pid=664535)[0m                                              'max_samples_per_step_per_worker': None,
[36m(TaskRunner pid=664535)[0m                                              'project_name': 'budget_probe_grpo'
[36m(TaskRunner pid=664535)[0m ,
[36m(TaskRunner pid=664535)[0m                                              'token2text': False},
[36m(TaskRunner pid=664535)[0m                                    'val_kwargs': {'_target_': 'verl.workers.config.SamplingConfig',
[36m(TaskRunner pid=664535)[0m                                                   'do_sample': False,
[36m(TaskRunner pid=664535)[0m                                                   'n': 1,
[36m(TaskRunner pid=664535)[0m                                                   'temperature': 0,
[36m(TaskRunner pid=664535)[0m                                                   'top_k': -1,
[36m(TaskRunner pid=664535)[0m                                                   'top_p': 1.0}}},
[36m(TaskRunner pid=664535)[0m  'algorithm': {'_target_': 'verl.trainer.config.AlgoConfig',
[36m(TaskRunner pid=664535)[0m                'adv_estimator': 'grpo',
[36m(TaskRunner pid=664535)[0m                'gamma': 1.0,
[36m(TaskRunner pid=664535)[0m                'kl_ctrl': {'_target_': 'verl.trainer.config.KLControlConfig',
[36m(TaskRunner pid=664535)[0m                            'horizon': 10000,
[36m(TaskRunner pid=664535)[0m                            'kl_coef': 0.001,
[36m(TaskRunner pid=664535)[0m                            'target_kl': 0.1,
[36m(TaskRunner pid=664535)[0m                            'type': 'fixed'},
[36m(TaskRunner pid=664535)[0m                'kl_penalty': 'kl',
[36m(TaskRunner pid=664535)[0m                'lam': 1.0,
[36m(TaskRunner pid=664535)[0m                'norm_adv_by_std_in_grpo': True,
[36m(TaskRunner pid=664535)[0m                'pf_ppo': {'reweight_method': 'pow', 'weight_pow': 2.0},
[36m(TaskRunner pid=664535)[0m                'rollout_correction': {'bypass_mode': False,
[36m(TaskRunner pid=664535)[0m                                       'loss_type': 'ppo_clip',
[36m(TaskRunner pid=664535)[0m                                       'rollout_is': None,
[36m(TaskRunner pid=664535)[0m                                       'rollout_is_batch_normalize': False,
[36m(TaskRunner pid=664535)[0m                                       'rollout_is_threshold': 2.0,
[36m(TaskRunner pid=664535)[0m                                       'rollout_rs': None,
[36m(TaskRunner pid=664535)[0m                                       'rollout_rs_threshold': None},
[36m(TaskRunner pid=664535)[0m                'use_kl_in_reward': False,
[36m(TaskRunner pid=664535)[0m                'use_pf_ppo': False},
[36m(TaskRunner pid=664535)[0m  'critic': {'_target_': 'verl.workers.config.FSDPCriticConfig',
[36m(TaskRunner pid=664535)[0m             'checkpoint': {'_target_': 'verl.trainer.config.CheckpointConfig',
[36m(TaskRunner pid=664535)[0m                            'async_save': False,
[36m(TaskRunner pid=664535)[0m                            'load_contents': ['model', 'optimizer', 'extra'],
[36m(TaskRunner pid=664535)[0m                            'mbridge_config': {},
[36m(TaskRunner pid=664535)[0m                            'save_contents': ['model', 'optimizer', 'extra']},
[36m(TaskRunner pid=664535)[0m             'cliprange_value': 0.5,
[36m(TaskRunner pid=664535)[0m             'data_loader_seed': 42,
[36m(TaskRunner pid=664535)[0m             'enable': None,
[36m(TaskRunner pid=664535)[0m             'forward_max_token_len_per_gpu': 32768,
[36m(TaskRunner pid=664535)[0m             'forward_micro_batch_size': None,
[36m(TaskRunner pid=664535)[0m             'forward_micro_batch_size_per_gpu': None,
[36m(TaskRunner pid=664535)[0m             'fsdp': {'_target_': 'verl.workers.config.FSDPEngineConfig',
[36m(TaskRunner pid=664535)[0m                      'dtype': 'bfloat16',
[36m(TaskRunner pid=664535)[0m                      'entropy_checkpointing': False,
[36m(TaskRunner pid=664535)[0m                      'entropy_from_logits_with_chunking': False,
[36m(TaskRunner pid=664535)[0m                      'forward_only': False,
[36m(TaskRunner pid=664535)[0m                      'forward_prefetch': False,
[36m(TaskRunner pid=664535)[0m                      'fsdp_size': -1,
[36m(TaskRunner pid=664535)[0m                      'full_determinism': False,
[36m(TaskRunner pid=664535)[0m                      'model_dtype': 'fp32',
[36m(TaskRunner pid=664535)[0m                      'offload_policy': False,
[36m(TaskRunner pid=664535)[0m                      'optimizer_offload': False,
[36m(TaskRunner pid=664535)[0m                      'param_offload': False,
[36m(TaskRunner pid=664535)[0m                      'qat': {'_target_': 'verl.workers.config.QATEngineConfig',
[36m(TaskRunner pid=664535)[0m                              'activation_observer': 'static_minmax',
[36m(TaskRunner pid=664535)[0m                              'enable': False,
[36m(TaskRunner pid=664535)[0m                              'group_size': 16,
[36m(TaskRunner pid=664535)[0m                              'ignore_patterns': ['lm_head',
[36m(TaskRunner pid=664535)[0m                                                  'embed_tokens',
[36m(TaskRunner pid=664535)[0m                                                  're:.*mlp.gate$'],
[36m(TaskRunner pid=664535)[0m                              'mode': 'w4a16',
[36m(TaskRunner pid=664535)[0m                              'quantization_config_path': None},
[36m(TaskRunner pid=664535)[0m                      'reshard_after_forward': True,
[36m(TaskRunner pid=664535)[0m                      'seed': 42,
[36m(TaskRunner pid=664535)[0m                      'strategy': 'fsdp',
[36m(TaskRunner pid=664535)[0m                      'ulysses_sequence_parallel_size': 1,
[36m(TaskRunner pid=664535)[0m                      'use_orig_params': False,
[36m(TaskRunner pid=664535)[0m                      'use_torch_compile': True,
[36m(TaskRunner pid=664535)[0m                      'wrap_policy': {'min_num_params': 0}},
[36m(TaskRunner pid=664535)[0m             'grad_clip': 1.0,
[36m(TaskRunner pid=664535)[0m             'loss_agg_mode': 'token-mean',
[36m(TaskRunner pid=664535)[0m             'model': {'_target_': 'verl.workers.config.HFModelConfig',
[36m(TaskRunner pid=664535)[0m                       'custom_chat_template': None,
[36m(TaskRunner pid=664535)[0m                       'enable_activation_offload': False,
[36m(TaskRunner pid=664535)[0m                       'enable_gradient_checkpointing': True,
[36m(TaskRunner pid=664535)[0m                       'exclude_modules': None,
[36m(TaskRunner pid=664535)[0m                       'external_lib': None,
[36m(TaskRunner pid=664535)[0m                       'fused_kernel_options': {'impl_backend': 'torch'},
[36m(TaskRunner pid=664535)[0m                       'hf_config_path': None,
[36m(TaskRunner pid=664535)[0m                       'lora': {'a2a_experimental': False,
[36m(TaskRunner pid=664535)[0m                                'adapter_path': None,
[36m(TaskRunner pid=664535)[0m                                'alpha': 32,
[36m(TaskRunner pid=664535)[0m                                'dropout': 0.0,
[36m(TaskRunner pid=664535)[0m                                'dropout_position': 'pre',
[36m(TaskRunner pid=664535)[0m                                'dtype': None,
[36m(TaskRunner pid=664535)[0m                                'exclude_modules': [],
[36m(TaskRunner pid=664535)[0m                                'freeze_language_model': True,
[36m(TaskRunner pid=664535)[0m                                'freeze_vision_model': True,
[36m(TaskRunner pid=664535)[0m                                'freeze_vision_projection': True,
[36m(TaskRunner pid=664535)[0m                                'lora_A_init_method': 'xavier',
[36m(TaskRunner pid=664535)[0m                                'lora_B_init_method': 'zero',
[36m(TaskRunner pid=664535)[0m                                'merge': False,
[36m(TaskRunner pid=664535)[0m                                'rank': 0,
[36m(TaskRunner pid=664535)[0m                                'target_modules': ['linear_qkv',
[36m(TaskRunner pid=664535)[0m                                                   'linear_proj',
[36m(TaskRunner pid=664535)[0m                                                   'linear_fc1',
[36m(TaskRunner pid=664535)[0m                                                   'linear_fc2'],
[36m(TaskRunner pid=664535)[0m                                'type': 'lora'},
[36m(TaskRunner pid=664535)[0m                       'lora_adapter_path': None,
[36m(TaskRunner pid=664535)[0m                       'lora_alpha': 16,
[36m(TaskRunner pid=664535)[0m                       'lora_rank': 0,
[36m(TaskRunner pid=664535)[0m                       'mtp': {'_target_': 'verl.workers.config.MtpConfig',
[36m(TaskRunner pid=664535)[0m                               'detach_encoder': False,
[36m(TaskRunner pid=664535)[0m                               'enable': False,
[36m(TaskRunner pid=664535)[0m                               'enable_rollout': False,
[36m(TaskRunner pid=664535)[0m                               'enable_train': False,
[36m(TaskRunner pid=664535)[0m                               'method': 'mtp',
[36m(TaskRunner pid=664535)[0m                               'mtp_loss_scaling_factor': 0.1,
[36m(TaskRunner pid=664535)[0m                               'num_speculative_tokens': 1,
[36m(TaskRunner pid=664535)[0m                               'speculative_algorithm': 'EAGLE',
[36m(TaskRunner pid=664535)[0m                               'speculative_eagle_topk': 1,
[36m(TaskRunner pid=664535)[0m                               'speculative_num_draft_tokens': 4,
[36m(TaskRunner pid=664535)[0m                               'speculative_num_steps': 3},
[36m(TaskRunner pid=664535)[0m                       'override_config': {},
[36m(TaskRunner pid=664535)[0m                       'path': '~/models/deepseek-llm-7b-chat',
[36m(TaskRunner pid=664535)[0m                       'target_modules': 'all-linear',
[36m(TaskRunner pid=664535)[0m                       'tiled_mlp': {'enabled': False, 'num_shards': 4},
[36m(TaskRunner pid=664535)[0m                       'tokenizer_path': None,
[36m(TaskRunner pid=664535)[0m                       'trust_remote_code': False,
[36m(TaskRunner pid=664535)[0m                       'use_fused_kernels': False,
[36m(TaskRunner pid=664535)[0m                       'use_liger': False,
[36m(TaskRunner pid=664535)[0m                       'use_remove_padding': True,
[36m(TaskRunner pid=664535)[0m                       'use_shm': False},
[36m(TaskRunner pid=664535)[0m             'optim': {'_target_': 'verl.workers.config.FSDPOptimizerConfig',
[36m(TaskRunner pid=664535)[0m                       'betas': [0.9, 0.999],
[36m(TaskRunner pid=664535)[0m                       'clip_grad': 1.0,
[36m(TaskRunner pid=664535)[0m                       'lr': 1e-05,
[36m(TaskRunner pid=664535)[0m                       'lr_scheduler_type': 'constant',
[36m(TaskRunner pid=664535)[0m                       'lr_warmup_steps': -1,
[36m(TaskRunner pid=664535)[0m                       'lr_warmup_steps_ratio': 0.0,
[36m(TaskRunner pid=664535)[0m                       'min_lr_ratio': 0.0,
[36m(TaskRunner pid=664535)[0m                       'num_cycles': 0.5,
[36m(TaskRunner pid=664535)[0m                       'optimizer': 'AdamW',
[36m(TaskRunner pid=664535)[0m                       'optimizer_impl': 'torch.optim',
[36m(TaskRunner pid=664535)[0m                       'override_optimizer_config': None,
[36m(TaskRunner pid=664535)[0m                       'total_training_steps': -1,
[36m(TaskRunner pid=664535)[0m                       'warmup_style': None,
[36m(TaskRunner pid=664535)[0m                       'weight_decay': 0.01,
[36m(TaskRunner pid=664535)[0m                       'zero_indexed_step': True},
[36m(TaskRunner pid=664535)[0m             'ppo_epochs': 1,
[36m(TaskRunner pid=664535)[0m             'ppo_max_token_len_per_gpu': 32768,
[36m(TaskRunner pid=664535)[0m             'ppo_micro_batch_size': None,
[36m(TaskRunner pid=664535)[0m             'ppo_micro_batch_size_per_gpu': None,
[36m(TaskRunner pid=664535)[0m             'ppo_mini_batch_size': 64,
[36m(TaskRunner pid=664535)[0m             'profiler': {'_target_': 'verl.utils.profiler.ProfilerConfig',
[36m(TaskRunner pid=664535)[0m                          'all_ranks': False,
[36m(TaskRunner pid=664535)[0m                          'enable': False,
[36m(TaskRunner pid=664535)[0m                          'ranks': [],
[36m(TaskRunner pid=664535)[0m                          'save_path': 'outputs/profile',
[36m(TaskRunner pid=664535)[0m                          'tool': None,
[36m(TaskRunner pid=664535)[0m                          'tool_config': {'npu': {'_target_': 'verl.utils.profiler.config.NPUToolConfig',
[36m(TaskRunner pid=664535)[0m                                                  'analysis': True,
[36m(TaskRunner pid=664535)[0m                                                  'contents': [],
[36m(TaskRunner pid=664535)[0m                                                  'discrete': False,
[36m(TaskRunner pid=664535)[0m                                                  'level': 'level0'},
[36m(TaskRunner pid=664535)[0m                                          'nsys': {'_target_': 'verl.utils.profiler.config.NsightToolConfig',
[36m(TaskRunner pid=664535)[0m                                                   'discrete': False},
[36m(TaskRunner pid=664535)[0m                                          'precision_debugger': {'_target_': 'verl.utils.profiler.config.PrecisionDebuggerToolConfig',
[36m(TaskRunner pid=664535)[0m                                                                 'config_path': None,
[36m(TaskRunner pid=664535)[0m
[36m(TaskRunner pid=664535)[0m 'stages': None,
[36m(TaskRunner pid=664535)[0m                                                                 'steps': None,
[36m(TaskRunner pid=664535)[0m                                                                 'strict': False},
[36m(TaskRunner pid=664535)[0m                                          'torch': {'_target_': 'verl.utils.profiler.config.TorchProfilerToolConfig',
[36m(TaskRunner pid=664535)[0m                                                    'contents': [],
[36m(TaskRunner pid=664535)[0m                                                    'discrete': False},
[36m(TaskRunner pid=664535)[0m                                          'torch_memory': {'_target_': 'verl.utils.profiler.config.TorchMemoryToolConfig',
[36m(TaskRunner pid=664535)[0m                                                           'stack_depth': 32,
[36m(TaskRunner pid=664535)[0m                                                           'trace_alloc_max_entries': 100000}}},
[36m(TaskRunner pid=664535)[0m             'rollout_n': 16,
[36m(TaskRunner pid=664535)[0m             'shuffle': False,
[36m(TaskRunner pid=664535)[0m             'strategy': 'fsdp',
[36m(TaskRunner pid=664535)[0m             'ulysses_sequence_parallel_size': 1,
[36m(TaskRunner pid=664535)[0m             'use_dynamic_bsz': False},
[36m(TaskRunner pid=664535)[0m  'data': {'apply_chat_template_kwargs': {},
[36m(TaskRunner pid=664535)[0m           'custom_cls': {'name': None, 'path': None},
[36m(TaskRunner pid=664535)[0m           'datagen': {'name': None, 'path': None},
[36m(TaskRunner pid=664535)[0m           'dataloader_num_workers': 8,
[36m(TaskRunner pid=664535)[0m           'filter_overlong_prompts': True,
[36m(TaskRunner pid=664535)[0m           'filter_overlong_prompts_workers': 1,
[36m(TaskRunner pid=664535)[0m           'image_key': 'images',
[36m(TaskRunner pid=664535)[0m           'image_patch_size': 14,
[36m(TaskRunner pid=664535)[0m           'max_prompt_length': 8192,
[36m(TaskRunner pid=664535)[0m           'max_response_length': 1024,
[36m(TaskRunner pid=664535)[0m           'prompt_key': 'prompt',
[36m(TaskRunner pid=664535)[0m           'return_full_prompt': False,
[36m(TaskRunner pid=664535)[0m           'return_multi_modal_inputs': True,
[36m(TaskRunner pid=664535)[0m           'return_raw_chat': True,
[36m(TaskRunner pid=664535)[0m           'return_raw_input_ids': False,
[36m(TaskRunner pid=664535)[0m           'reward_fn_key': 'data_source',
[36m(TaskRunner pid=664535)[0m           'sampler': {'class_name': None, 'class_path': None},
[36m(TaskRunner pid=664535)[0m           'seed': 42,
[36m(TaskRunner pid=664535)[0m           'shuffle': True,
[36m(TaskRunner pid=664535)[0m           'tokenizer': None,
[36m(TaskRunner pid=664535)[0m           'tool_config_path': None,
[36m(TaskRunner pid=664535)[0m           'train_batch_size': 64,
[36m(TaskRunner pid=664535)[0m           'train_files': '/workspace/verl-x/budget-rl-training-repro/artifacts/data/rl/train.parquet',
[36m(TaskRunner pid=664535)[0m           'train_max_samples': -1,
[36m(TaskRunner pid=664535)[0m           'truncation': 'error',
[36m(TaskRunner pid=664535)[0m           'trust_remote_code': False,
[36m(TaskRunner pid=664535)[0m           'use_shm': False,
[36m(TaskRunner pid=664535)[0m           'val_batch_size': None,
[36m(TaskRunner pid=664535)[0m           'val_files': '/workspace/verl-x/budget-rl-training-repro/artifacts/data/rl/test.parquet',
[36m(TaskRunner pid=664535)[0m           'val_max_samples': -1,
[36m(TaskRunner pid=664535)[0m           'validation_shuffle': False,
[36m(TaskRunner pid=664535)[0m           'video_key': 'videos'},
[36m(TaskRunner pid=664535)[0m  'distillation': {'_target_': 'verl.workers.config.DistillationConfig',
[36m(TaskRunner pid=664535)[0m                   'distillation_loss': {'_target_': 'verl.workers.config.DistillationLossConfig',
[36m(TaskRunner pid=664535)[0m                                         'clip_ratio': 0.2,
[36m(TaskRunner pid=664535)[0m                                         'clip_ratio_high': 0.2,
[36m(TaskRunner pid=664535)[0m                                         'clip_ratio_low': 0.2,
[36m(TaskRunner pid=664535)[0m                                         'distillation_loss_coef': 1.0,
[36m(TaskRunner pid=664535)[0m                                         'log_prob_min_clamp': None,
[36m(TaskRunner pid=664535)[0m                                         'loss_max_clamp': None,
[36m(TaskRunner pid=664535)[0m                                         'loss_mode': 'k3',
[36m(TaskRunner pid=664535)[0m                                         'policy_loss_mode': 'vanilla',
[36m(TaskRunner pid=664535)[0m                                         'topk': 32,
[36m(TaskRunner pid=664535)[0m                                         'use_policy_gradient': False,
[36m(TaskRunner pid=664535)[0m                                         'use_task_rewards': True},
[36m(TaskRunner pid=664535)[0m                   'enabled': False,
[36m(TaskRunner pid=664535)[0m                   'num_workers': 8,
[36m(TaskRunner pid=664535)[0m                   'teacher_model': {'_target_': 'verl.workers.config.DistillationTeacherModelConfig',
[36m(TaskRunner pid=664535)[0m                                     'enable_resource_pool': False,
[36m(TaskRunner pid=664535)[0m                                     'inference': {'_target_': 'verl.workers.config.RolloutConfig',
[36m(TaskRunner pid=664535)[0m                                                   'cudagraph_capture_sizes': None,
[36m(TaskRunner pid=664535)[0m                                                   'data_parallel_size': 1,
[36m(TaskRunner pid=664535)[0m                                                   'disable_log_stats': True,
[36m(TaskRunner pid=664535)[0m                                                   'dtype': 'bfloat16',
[36m(TaskRunner pid=664535)[0m                                                   'enable_chunked_prefill': True,
[36m(TaskRunner pid=664535)[0m                                                   'enable_prefix_caching': True,
[36m(TaskRunner pid=664535)[0m                                                   'enforce_eager': True,
[36m(TaskRunner pid=664535)[0m                                                   'engine_kwargs': {},
[36m(TaskRunner pid=664535)[0m                                                   'expert_parallel_size': 1,
[36m(TaskRunner pid=664535)[0m                                                   'free_cache_engine': True,
[36m(TaskRunner pid=664535)[0m                                                   'gpu_memory_utilization': 0.5,
[36m(TaskRunner pid=664535)[0m                                                   'limit_images': None,
[36m(TaskRunner pid=664535)[0m                                                   'load_format': 'auto',
[36m(TaskRunner pid=664535)[0m                                                   'max_model_len': None,
[36m(TaskRunner pid=664535)[0m                                                   'max_num_batched_tokens': 8192,
[36m(TaskRunner pid=664535)[0m                                                   'max_num_seqs': 1024,
[36m(TaskRunner pid=664535)[0m                                                   'name': 'vllm',
[36m(TaskRunner pid=664535)[0m                                                   'prompt_length': 8192,
[36m(TaskRunner pid=664535)[0m                                                   'response_length': 1024,
[36m(TaskRunner pid=664535)[0m                                                   'skip_tokenizer_init': False,
[36m(TaskRunner pid=664535)[0m                                                   'temperature': 1.0,
[36m(TaskRunner pid=664535)[0m                                                   'tensor_model_parallel_size': 2},
[36m(TaskRunner pid=664535)[0m                                     'model_path': None,
[36m(TaskRunner pid=664535)[0m                                     'n_gpus_per_node': 8,
[36m(TaskRunner pid=664535)[0m                                     'nnodes': 0}},
[36m(TaskRunner pid=664535)[0m  'global_profiler': {'_target_': 'verl.utils.profiler.ProfilerConfig',
[36m(TaskRunner pid=664535)[0m                      'global_tool_config': {'nsys': {'_target_': 'verl.utils.profiler.config.NsightToolConfig',
[36m(TaskRunner pid=664535)[0m                                                      'controller_nsight_options': {'cuda-graph-trace': 'graph',
[36m(TaskRunner pid=664535)[0m                                                                                    'cuda-memory-usage': 'true',
[36m(TaskRunner pid=664535)[0m                                                                                    'trace': 'cuda,nvtx,cublas,ucx'},
[36m(TaskRunner pid=664535)[0m                                                      'discrete': False,
[36m(TaskRunner pid=664535)[0m                                                      'worker_nsight_options': {'capture-range': 'cudaProfilerApi',
[36m(TaskRunner pid=664535)[0m                                                                                'capture-range-end': None,
[36m(TaskRunner pid=664535)[0m                                                                                'cuda-graph-trace': 'graph',
[36m(TaskRunner pid=664535)[0m                                                                                'cuda-memory-usage': 'true',
[36m(TaskRunner pid=664535)[0m                                                                                'kill': 'none',
[36m(TaskRunner pid=664535)[0m                                                                                'trace': 'cuda,nvtx,cublas,ucx'}},[36m(TaskRunner pid=664535)[0m /workspace/verl-x/verl/trainer/main_ppo.py:335: UserWarning: Disabled critic as algorithm.adv_estimator != gae. If it is not intended, please set critic.enable=True
[36m(TaskRunner pid=664535)[0m   use_critic=need_critic(config),

[36m(TaskRunner pid=664535)[0m                                             'precision_debugger': {'_target_': 'verl.utils.profiler.config.PrecisionDebuggerToolConfig',
[36m(TaskRunner pid=664535)[0m                                                                    'config_path': None,
[36m(TaskRunner pid=664535)[0m                                                                    'stages': None,
[36m(TaskRunner pid=664535)[0m                                                                    'steps': None,
[36m(TaskRunner pid=664535)[0m                                                                    'strict': False},
[36m(TaskRunner pid=664535)[0m                                             'torch_memory': {'context': 'all',
[36m(TaskRunner pid=664535)[0m                                                              'kw_args': {},
[36m(TaskRunner pid=664535)[0m                                                              'stack_depth': 32,
[36m(TaskRunner pid=664535)[0m                                                              'stacks': 'all',
[36m(TaskRunner pid=664535)[0m                                                              'trace_alloc_max_entries': 100000}},
[36m(TaskRunner pid=664535)[0m                      'profile_continuous_steps': False,
[36m(TaskRunner pid=664535)[0m                      'save_path': 'outputs/profile',
[36m(TaskRunner pid=664535)[0m                      'steps': None,
[36m(TaskRunner pid=664535)[0m                      'tool': None},
[36m(TaskRunner pid=664535)[0m  'model_engine': 'dp',
[36m(TaskRunner pid=664535)[0m  'ray_kwargs': {'ray_init': {'num_cpus': None}, 'timeline_json_file': None},
[36m(TaskRunner pid=664535)[0m  'reward': {'custom_reward_function': {'name': 'compute_score',
[36m(TaskRunner pid=664535)[0m                                        'path': '/workspace/verl-x/budget-rl-training-repro/reward/budget_probe_reward.py'},
[36m(TaskRunner pid=664535)[0m             'num_workers': 8,
[36m(TaskRunner pid=664535)[0m             'reward_manager': {'_target_': 'verl.workers.config.reward_model.RewardManagerConfig',
[36m(TaskRunner pid=664535)[0m                                'module': {'_target_': 'verl.trainer.config.config.ModuleConfig',
[36m(TaskRunner pid=664535)[0m                                           'name': 'custom_reward_manager',
[36m(TaskRunner pid=664535)[0m                                           'path': None},
[36m(TaskRunner pid=664535)[0m                                'name': 'naive',
[36m(TaskRunner pid=664535)[0m                                'source': 'register'},
[36m(TaskRunner pid=664535)[0m             'reward_model': {'enable': False,
[36m(TaskRunner pid=664535)[0m                              'enable_resource_pool': False,
[36m(TaskRunner pid=664535)[0m                              'model_path': None,
[36m(TaskRunner pid=664535)[0m                              'n_gpus_per_node': 8,
[36m(TaskRunner pid=664535)[0m                              'nnodes': 0,
[36m(TaskRunner pid=664535)[0m                              'rollout': {'_target_': 'verl.workers.config.RolloutConfig',
[36m(TaskRunner pid=664535)[0m                                          'cudagraph_capture_sizes': None,
[36m(TaskRunner pid=664535)[0m                                          'data_parallel_size': 1,
[36m(TaskRunner pid=664535)[0m                                          'disable_log_stats': True,
[36m(TaskRunner pid=664535)[0m                                          'dtype': 'bfloat16',
[36m(TaskRunner pid=664535)[0m                                          'enable_chunked_prefill': True,
[36m(TaskRunner pid=664535)[0m                                          'enable_prefix_caching': True,
[36m(TaskRunner pid=664535)[0m                                          'enforce_eager'
[36m(TaskRunner pid=664535)[0m : True,
[36m(TaskRunner pid=664535)[0m                                          'engine_kwargs': {},
[36m(TaskRunner pid=664535)[0m                                          'expert_parallel_size': 1,
[36m(TaskRunner pid=664535)[0m                                          'free_cache_engine': True,
[36m(TaskRunner pid=664535)[0m                                          'gpu_memory_utilization': 0.5,
[36m(TaskRunner pid=664535)[0m                                          'limit_images': None,
[36m(TaskRunner pid=664535)[0m                                          'load_format': 'auto',
[36m(TaskRunner pid=664535)[0m                                          'max_model_len': None,
[36m(TaskRunner pid=664535)[0m                                          'max_num_batched_tokens': 8192,
[36m(TaskRunner pid=664535)[0m                                          'max_num_seqs': 1024,
[36m(TaskRunner pid=664535)[0m                                          'name': '???',
[36m(TaskRunner pid=664535)[0m                                          'prompt_length': 2048,
[36m(TaskRunner pid=664535)[0m                                          'response_length': 2048,
[36m(TaskRunner pid=664535)[0m                                          'skip_tokenizer_init': False,
[36m(TaskRunner pid=664535)[0m                                          'tensor_model_parallel_size': 2}},
[36m(TaskRunner pid=664535)[0m             'sandbox_fusion': {'max_concurrent': 64,
[36m(TaskRunner pid=664535)[0m                                'memory_limit_mb': 1024,
[36m(TaskRunner pid=664535)[0m                                'url': None}},
[36m(TaskRunner pid=664535)[0m  'trainer': {'balance_batch': True,
[36m(TaskRunner pid=664535)[0m              'critic_warmup': 0,
[36m(TaskRunner pid=664535)[0m              'default_hdfs_dir': None,
[36m(TaskRunner pid=664535)[0m              'default_local_dir': '/workspace/verl-x/budget-rl-training-repro/outputs/rl_pct30e5_kl005_central_lam05_seed42',
[36m(TaskRunner pid=664535)[0m              'del_local_ckpt_after_load': False,
[36m(TaskRunner pid=664535)[0m              'device': 'cuda',
[36m(TaskRunner pid=664535)[0m              'esi_redundant_time': 0,
[36m(TaskRunner pid=664535)[0m              'experiment_name': 'rl_pct30e5_kl005_central_lam05_seed42',
[36m(TaskRunner pid=664535)[0m              'log_val_generations': 0,
[36m(TaskRunner pid=664535)[0m              'logger': ['console'],
[36m(TaskRunner pid=664535)[0m              'max_actor_ckpt_to_keep': None,
[36m(TaskRunner pid=664535)[0m              'max_critic_ckpt_to_keep': None,
[36m(TaskRunner pid=664535)[0m              'n_gpus_per_node': 8,
[36m(TaskRunner pid=664535)[0m              'nnodes': 1,
[36m(TaskRunner pid=664535)[0m              'project_name': 'budget_probe_grpo',
[36m(TaskRunner pid=664535)[0m              'ray_wait_register_center_timeout': 300,
[36m(TaskRunner pid=664535)[0m              'resume_from_path': None,
[36m(TaskRunner pid=664535)[0m              'resume_mode': 'disable',
[36m(TaskRunner pid=664535)[0m              'rollout_data_dir': None,
[36m(TaskRunner pid=664535)[0m              'save_freq': 15,
[36m(TaskRunner pid=664535)[0m              'test_freq': -1,
[36m(TaskRunner pid=664535)[0m              'total_epochs': 5,
[36m(TaskRunner pid=664535)[0m              'total_training_steps': None,
[36m(TaskRunner pid=664535)[0m              'use_legacy_worker_impl': 'disable',
[36m(TaskRunner pid=664535)[0m              'val_before_train': False,
[36m(TaskRunner pid=664535)[0m              'val_only': False,
[36m(TaskRunner pid=664535)[0m              'validation_data_dir': None},
[36m(TaskRunner pid=664535)[0m  'transfer_queue': {'backend': {'SimpleStorage': {'num_data_storage_units': 8,
[36m(TaskRunner pid=664535)[0m                                                   'total_storage_size': 100000},
[36m(TaskRunner pid=664535)[0m                                 'storage_backend': 'SimpleStorage'},
[36m(TaskRunner pid=664535)[0m                     'enable': False}}
[36m(TaskRunner pid=664535)[0m Using new worker implementation
[36m(TaskRunner pid=664535)[0m [validate_config] All configuration checks passed successfully!
[36m(TaskRunner pid=664535)[0m The tokenizer you are loading from '/workspace/verl-x/budget-rl-training-repro/artifacts/models/sft_interval_pct30_e5' with an incorrect regex pattern: https://huggingface.co/mistralai/Mistral-Small-3.1-24B-Instruct-2503/discussions/84#69121093e8b480e709447d5e. This will lead to incorrect tokenization. You should set the `fix_mistral_regex=True` flag when loading this tokenizer to fix this issue.
[36m(TaskRunner pid=664535)[0m The tokenizer you are loading from '/workspace/verl-x/budget-rl-training-repro/artifacts/models/sft_interval_pct30_e5' with an incorrect regex pattern: https://huggingface.co/mistralai/Mistral-Small-3.1-24B-Instruct-2503/discussions/84#69121093e8b480e709447d5e. This will lead to incorrect tokenization. You should set the `fix_mistral_regex=True` flag when loading this tokenizer to fix this issue.
[36m(TaskRunner pid=664535)[0m Setting TOKENIZERS_PARALLELISM=false for forked processes.
[36m(TaskRunner pid=664535)[0m WARNING:2026-07-11 07:20:46,137:Setting TOKENIZERS_PARALLELISM=false for forked processes.
[36m(TaskRunner pid=664535)[0m Filtering prompts longer than 8192 tokens (num_proc=1):   0%|          | 0/966 [00:00<?, ? examples/s]
[36m(TaskRunner pid=664535)[0m Filtering prompts longer than 8192 tokens (num_proc=1): 100%|██████████| 966/966 [00:04<00:00, 202.97 examples/s]
[36m(TaskRunner pid=664535)[0m Filtering prompts longer than 8192 tokens (num_proc=1): 100%|██████████| 966/966 [00:04<00:00, 196.49 examples/s]
[36m(TaskRunner pid=664535)[0m Setting TOKENIZERS_PARALLELISM=false for forked processes.
[36m(TaskRunner pid=664535)[0m WARNING:2026-07-11 07:20:51,309:Setting TOKENIZERS_PARALLELISM=false for forked processes.
[36m(TaskRunner pid=664535)[0m Filtering prompts longer than 8192 tokens (num_proc=1):   0%|          | 0/380 [00:00<?, ? examples/s]
[36m(TaskRunner pid=664535)[0m Filtering prompts longer than 8192 tokens (num_proc=1): 100%|██████████| 380/380 [00:02<00:00, 172.39 examples/s]
[36m(TaskRunner pid=664535)[0m Filtering prompts longer than 8192 tokens (num_proc=1): 100%|██████████| 380/380 [00:02<00:00, 162.20 examples/s]
[36m(TaskRunner pid=664535)[0m /workspace/verl-x/verl/trainer/ppo/ray_trainer.py:296: UserWarning: Disabled critic as algorithm.adv_estimator != gae. If it is not intended, please set critic.enable=True
[36m(TaskRunner pid=664535)[0m   self.use_critic = need_critic(self.config)
[36m(WorkerDict pid=674905)[0m The tokenizer you are loading from '/workspace/verl-x/budget-rl-training-repro/artifacts/models/sft_interval_pct30_e5' with an incorrect regex pattern: https://huggingface.co/mistralai/Mistral-Small-3.1-24B-Instruct-2503/discussions/84#69121093e8b480e709447d5e. This will lead to incorrect tokenization. You should set the `fix_mistral_regex=True` flag when loading this tokenizer to fix this issue.
[36m(WorkerDict pid=674905)[0m WARNING:2026-07-11 07:21:03,866:fused_indices_to_multihot has reached end of life. Please migrate to a non-experimental function.
[36m(WorkerDict pid=674906)[0m `torch_dtype` is deprecated! Use `dtype` instead!
[36m(WorkerDict pid=674904)[0m Flash Attention 2 only supports torch.float16 and torch.bfloat16 dtypes, but the current dype in Qwen2ForCausalLM is torch.float32. You should run training or inference using Automatic Mixed-Precision via the `with torch.autocast(device_type='torch_device'):` decorator, or load the model with the `dtype` argument. Example: `model = AutoModel.from_pretrained("openai/whisper-tiny", attn_implementation="flash_attention_2", dtype=torch.float16)`
[36m(WorkerDict pid=674911)[0m Loading checkpoint shards:   0%|          | 0/4 [00:00<?, ?it/s]
[36m(WorkerDict pid=674904)[0m Loading checkpoint shards:  25%|██▌       | 1/4 [00:04<00:14,  4.92s/it]
[36m(WorkerDict pid=674908)[0m The tokenizer you are loading from '/workspace/verl-x/budget-rl-training-repro/artifacts/models/sft_interval_pct30_e5' with an incorrect regex pattern: https://huggingface.co/mistralai/Mistral-Small-3.1-24B-Instruct-2503/discussions/84#69121093e8b480e709447d5e. This will lead to incorrect tokenization. You should set the `fix_mistral_regex=True` flag when loading this tokenizer to fix this issue.[32m [repeated 15x across cluster] (Ray deduplicates logs by default. Set RAY_DEDUP_LOGS=0 to disable log deduplication, or see https://docs.ray.io/en/master/ray-observability/user-guides/configure-logging.html#log-deduplication for more options.)[0m
[36m(WorkerDict pid=674908)[0m WARNING:2026-07-11 07:21:05,002:fused_indices_to_multihot has reached end of life. Please migrate to a non-experimental function.[32m [repeated 7x across cluster][0m
[36m(WorkerDict pid=674905)[0m `torch_dtype` is deprecated! Use `dtype` instead![32m [repeated 7x across cluster][0m
[36m(WorkerDict pid=674905)[0m Flash Attention 2 only supports torch.float16 and torch.bfloat16 dtypes, but the current dype in Qwen2Model is torch.float32. You should run training or inference using Automatic Mixed-Precision via the `with torch.autocast(device_type='torch_device'):` decorator, or load the model with the `dtype` argument. Example: `model = AutoModel.from_pretrained("openai/whisper-tiny", attn_implementation="flash_attention_2", dtype=torch.float16)`[32m [repeated 15x across cluster][0m
[36m(WorkerDict pid=674909)[0m Loading checkpoint shards:   0%|          | 0/4 [00:00<?, ?it/s][32m [repeated 7x across cluster][0m
[36m(WorkerDict pid=674904)[0m Loading checkpoint shards:  50%|█████     | 2/4 [00:10<00:10,  5.07s/it][32m [repeated 8x across cluster][0m
[36m(WorkerDict pid=674904)[0m Loading checkpoint shards:  75%|███████▌  | 3/4 [00:15<00:05,  5.17s/it][32m [repeated 8x across cluster][0m
[36m(WorkerDict pid=674904)[0m Loading checkpoint shards: 100%|██████████| 4/4 [00:15<00:00,  3.30s/it]Loading checkpoint shards: 100%|██████████| 4/4 [00:15<00:00,  3.95s/it]
[36m(WorkerDict pid=674905)[0m /usr/local/lib/python3.12/dist-packages/torch/distributed/fsdp/fully_sharded_data_parallel.py:675: FutureWarning: FSDP.state_dict_type() and FSDP.set_state_dict_type() are being deprecated. Please use APIs, get_state_dict() and set_state_dict(), which can support different parallelisms, FSDP1, FSDP2, DDP. API doc: https://pytorch.org/docs/stable/distributed.checkpoint.html#torch.distributed.checkpoint.state_dict.get_state_dict .Tutorial: https://pytorch.org/tutorials/recipes/distributed_checkpoint_recipe.html .
[36m(WorkerDict pid=674905)[0m   warnings.warn(
[36m(WorkerDict pid=674908)[0m Loading checkpoint shards:  75%|███████▌  | 3/4 [00:17<00:05,  5.77s/it][32m [repeated 7x across cluster][0m
[36m(WorkerDict pid=674908)[0m Loading checkpoint shards: 100%|██████████| 4/4 [00:17<00:00,  3.66s/it]Loading checkpoint shards: 100%|██████████| 4/4 [00:17<00:00,  4.46s/it][32m [repeated 7x across cluster][0m
[36m(WorkerDict pid=674910)[0m Loading checkpoint shards:   0%|          | 0/4 [00:00<?, ?it/s]
[36m(WorkerDict pid=674911)[0m /usr/local/lib/python3.12/dist-packages/torch/distributed/fsdp/fully_sharded_data_parallel.py:675: FutureWarning: FSDP.state_dict_type() and FSDP.set_state_dict_type() are being deprecated. Please use APIs, get_state_dict() and set_state_dict(), which can support different parallelisms, FSDP1, FSDP2, DDP. API doc: https://pytorch.org/docs/stable/distributed.checkpoint.html#torch.distributed.checkpoint.state_dict.get_state_dict .Tutorial: https://pytorch.org/tutorials/recipes/distributed_checkpoint_recipe.html .[32m [repeated 7x across cluster][0m
[36m(WorkerDict pid=674911)[0m   warnings.warn([32m [repeated 7x across cluster][0m
[36m(WorkerDict pid=674905)[0m Loading checkpoint shards:  25%|██▌       | 1/4 [00:05<00:17,  5.77s/it][32m [repeated 2x across cluster][0m
[36m(WorkerDict pid=674911)[0m Loading checkpoint shards:   0%|          | 0/4 [00:00<?, ?it/s][32m [repeated 7x across cluster][0m
[36m(WorkerDict pid=674910)[0m Loading checkpoint shards:  50%|█████     | 2/4 [00:11<00:11,  5.53s/it][32m [repeated 8x across cluster][0m
[36m(WorkerDict pid=674904)[0m Loading checkpoint shards: 100%|██████████| 4/4 [00:15<00:00,  3.27s/it]Loading checkpoint shards: 100%|██████████| 4/4 [00:15<00:00,  3.93s/it]
[36m(WorkerDict pid=674910)[0m Loading checkpoint shards:  75%|███████▌  | 3/4 [00:16<00:05,  5.52s/it][32m [repeated 8x across cluster][0m
[36m(WorkerDict pid=674905)[0m /usr/local/lib/python3.12/dist-packages/torch/distributed/fsdp/fully_sharded_data_parallel.py:675: FutureWarning: FSDP.state_dict_type() and FSDP.set_state_dict_type() are being deprecated. Please use APIs, get_state_dict() and set_state_dict(), which can support different parallelisms, FSDP1, FSDP2, DDP. API doc: https://pytorch.org/docs/stable/distributed.checkpoint.html#torch.distributed.checkpoint.state_dict.get_state_dict .Tutorial: https://pytorch.org/tutorials/recipes/distributed_checkpoint_recipe.html .
[36m(WorkerDict pid=674905)[0m   warnings.warn(
[36m(WorkerDict pid=674911)[0m Loading checkpoint shards: 100%|██████████| 4/4 [00:18<00:00,  3.72s/it]Loading checkpoint shards: 100%|██████████| 4/4 [00:18<00:00,  4.52s/it][32m [repeated 7x across cluster][0m
[36m(WorkerDict pid=674911)[0m Loading checkpoint shards:  75%|███████▌  | 3/4 [00:17<00:05,  5.85s/it][32m [repeated 6x across cluster][0m
[36m(RewardLoopWorker pid=677368)[0m The tokenizer you are loading from '/workspace/verl-x/budget-rl-training-repro/artifacts/models/sft_interval_pct30_e5' with an incorrect regex pattern: https://huggingface.co/mistralai/Mistral-Small-3.1-24B-Instruct-2503/discussions/84#69121093e8b480e709447d5e. This will lead to incorrect tokenization. You should set the `fix_mistral_regex=True` flag when loading this tokenizer to fix this issue.
[36m(WorkerDict pid=674904)[0m /usr/local/lib/python3.12/dist-packages/torch/distributed/fsdp/fully_sharded_data_parallel.py:675: FutureWarning: FSDP.state_dict_type() and FSDP.set_state_dict_type() are being deprecated. Please use APIs, get_state_dict() and set_state_dict(), which can support different parallelisms, FSDP1, FSDP2, DDP. API doc: https://pytorch.org/docs/stable/distributed.checkpoint.html#torch.distributed.checkpoint.state_dict.get_state_dict .Tutorial: https://pytorch.org/tutorials/recipes/distributed_checkpoint_recipe.html .[32m [repeated 7x across cluster][0m
[36m(WorkerDict pid=674904)[0m   warnings.warn([32m [repeated 7x across cluster][0m
[36m(vLLMHttpServer pid=677850)[0m The tokenizer you are loading from '/workspace/verl-x/budget-rl-training-repro/artifacts/models/sft_interval_pct30_e5' with an incorrect regex pattern: https://huggingface.co/mistralai/Mistral-Small-3.1-24B-Instruct-2503/discussions/84#69121093e8b480e709447d5e. This will lead to incorrect tokenization. You should set the `fix_mistral_regex=True` flag when loading this tokenizer to fix this issue.[32m [repeated 8x across cluster][0m
[36m(vLLMHttpServer pid=677850)[0m WARNING:2026-07-11 07:22:13,114:agent loop only support torch and npu profiler, got None
[36m(vLLMHttpServer pid=677850)[0m INFO:2026-07-11 07:22:13,114:vLLMHttpServer, replica_rank: 0, node_rank: 0, CUDA_VISIBLE_DEVICES: 0,1,2,3, master_address: 172.31.45.208, master_port: 44983, data_parallel_rpc_port: 36531, data_parallel_master_port: 46191
[36m(vLLMHttpServer pid=677850)[0m INFO:2026-07-11 07:22:13,120:override_generation_config: {'temperature': 1.0, 'top_k': -1, 'top_p': 1, 'repetition_penalty': 1.0, 'max_new_tokens': 1024}
[36m(vLLMHttpServer pid=677850)[0m INFO:2026-07-11 07:22:13,120:enable_sleep_mode: True
[36m(vLLMHttpServer pid=677851)[0m (Worker_TP1 pid=678928) 2026-07-11 07:22:46,591 - INFO - autotuner.py:256 - flashinfer.jit: [Autotuner]: Autotuning process starts ...
[36m(vLLMHttpServer pid=677851)[0m (Worker_TP0 pid=678927) 2026-07-11 07:22:46,591 - INFO - autotuner.py:256 - flashinfer.jit: [Autotuner]: Autotuning process starts ...
[36m(vLLMHttpServer pid=677851)[0m (Worker_TP2 pid=678929) 2026-07-11 07:22:46,591 - INFO - autotuner.py:256 - flashinfer.jit: [Autotuner]: Autotuning process starts ...
[36m(vLLMHttpServer pid=677851)[0m (Worker_TP3 pid=678930) 2026-07-11 07:22:46,591 - INFO - autotuner.py:256 - flashinfer.jit: [Autotuner]: Autotuning process starts ...
[36m(vLLMHttpServer pid=677851)[0m The tokenizer you are loading from '/workspace/verl-x/budget-rl-training-repro/artifacts/models/sft_interval_pct30_e5' with an incorrect regex pattern: https://huggingface.co/mistralai/Mistral-Small-3.1-24B-Instruct-2503/discussions/84#69121093e8b480e709447d5e. This will lead to incorrect tokenization. You should set the `fix_mistral_regex=True` flag when loading this tokenizer to fix this issue.[32m [repeated 5x across cluster][0m
[36m(vLLMHttpServer pid=677851)[0m WARNING:2026-07-11 07:22:13,326:agent loop only support torch and npu profiler, got None
[36m(vLLMHttpServer pid=677851)[0m INFO:2026-07-11 07:22:13,327:vLLMHttpServer, replica_rank: 1, node_rank: 0, CUDA_VISIBLE_DEVICES: 4,5,6,7, master_address: 172.31.45.208, master_port: 32773, data_parallel_rpc_port: 33721, data_parallel_master_port: 42081
[36m(vLLMHttpServer pid=677851)[0m INFO:2026-07-11 07:22:13,332:override_generation_config: {'temperature': 1.0, 'top_k': -1, 'top_p': 1, 'repetition_penalty': 1.0, 'max_new_tokens': 1024}
[36m(vLLMHttpServer pid=677851)[0m INFO:2026-07-11 07:22:13,332:enable_sleep_mode: True
[36m(vLLMHttpServer pid=677851)[0m (Worker_TP1 pid=678928) 2026-07-11 07:22:46,611 - INFO - autotuner.py:262 - flashinfer.jit: [Autotuner]: Autotuning process ends
[36m(vLLMHttpServer pid=677851)[0m (Worker_TP3 pid=678930) 2026-07-11 07:22:46,612 - INFO - autotuner.py:262 - flashinfer.jit: [Autotuner]: Autotuning process ends
[36m(vLLMHttpServer pid=677851)[0m (Worker_TP2 pid=678929) 2026-07-11 07:22:46,612 - INFO - autotuner.py:262 - flashinfer.jit: [Autotuner]: Autotuning process ends
[36m(vLLMHttpServer pid=677851)[0m (Worker_TP0 pid=678927) 2026-07-11 07:22:46,613 - INFO - autotuner.py:262 - flashinfer.jit: [Autotuner]: Autotuning process ends
[36m(vLLMHttpServer pid=677851)[0m (Worker_TP0 pid=678927) Capturing CUDA graphs (mixed prefill-decode, PIECEWISE):   0%|          | 0/51 [00:00<?, ?it/s]
[36m(vLLMHttpServer pid=677851)[0m Capturing CUDA graphs (mixed prefill-decode, PIECEWISE):   6%|▌         | 3/51 [00:00<00:01, 24.46it/s]
[36m(vLLMHttpServer pid=677851)[0m Capturing CUDA graphs (mixed prefill-decode, PIECEWISE):  12%|█▏        | 6/51 [00:00<00:01, 24.02it/s]
[36m(vLLMHttpServer pid=677851)[0m Capturing CUDA graphs (mixed prefill-decode, PIECEWISE):  18%|█▊        | 9/51 [00:00<00:01, 24.66it/s]
[36m(vLLMHttpServer pid=677851)[0m Capturing CUDA graphs (mixed prefill-decode, PIECEWISE):  24%|██▎       | 12/51 [00:00<00:01, 25.41it/s]
[36m(vLLMHttpServer pid=677851)[0m Capturing CUDA graphs (mixed prefill-decode, PIECEWISE):  29%|██▉       | 15/51 [00:00<00:01, 25.71it/s]
[36m(vLLMHttpServer pid=677851)[0m Capturing CUDA graphs (mixed prefill-decode, PIECEWISE):  94%|█████████▍| 48/51 [00:01<00:00, 25.34it/s]
[36m(vLLMHttpServer pid=677851)[0m Capturing CUDA graphs (mixed prefill-decode, PIECEWISE): 100%|██████████| 51/51 [00:01<00:00, 25.10it/s]Capturing CUDA graphs (mixed prefill-decode, PIECEWISE): 100%|██████████| 51/51 [00:01<00:00, 25.66it/s]
[36m(vLLMHttpServer pid=677851)[0m (Worker_TP0 pid=678927) Capturing CUDA graphs (decode, FULL):   0%|          | 0/51 [00:00<?, ?it/s]
[36m(vLLMHttpServer pid=677851)[0m Capturing CUDA graphs (decode, FULL):   6%|▌         | 3/51 [00:00<00:01, 27.31it/s]
[36m(vLLMHttpServer pid=677851)[0m Capturing CUDA graphs (decode, FULL):  14%|█▎        | 7/51 [00:00<00:01, 29.14it/s]
[36m(vLLMHttpServer pid=677851)[0m Capturing CUDA graphs (decode, FULL):  22%|██▏       | 11/51 [00:00<00:01, 30.09it/s]
[36m(vLLMHttpServer pid=677851)[0m Capturing CUDA graphs (decode, FULL):  29%|██▉       | 15/51 [00:00<00:01, 30.53it/s]
[36m(vLLMHttpServer pid=677851)[0m Capturing CUDA graphs (decode, FULL):  92%|█████████▏| 47/51 [00:01<00:00, 30.82it/s]
[36m(vLLMHttpServer pid=677851)[0m Capturing CUDA graphs (decode, FULL): 100%|██████████| 51/51 [00:01<00:00, 31.10it/s]Capturing CUDA graphs (decode, FULL): 100%|██████████| 51/51 [00:01<00:00, 30.65it/s]
[36m(vLLMHttpServer pid=677850)[0m (Worker_TP0 pid=678903) 2026-07-11 07:22:47,164 - INFO - autotuner.py:256 - flashinfer.jit: [Autotuner]: Autotuning process starts ...[32m [repeated 4x across cluster][0m
[36m(vLLMHttpServer pid=677850)[0m (EngineCore_DP0 pid=678702) The tokenizer you are loading from '/workspace/verl-x/budget-rl-training-repro/artifacts/models/sft_interval_pct30_e5' with an incorrect regex pattern: https://huggingface.co/mistralai/Mistral-Small-3.1-24B-Instruct-2503/discussions/84#69121093e8b480e709447d5e. This will lead to incorrect tokenization. You should set the `fix_mistral_regex=True` flag when loading this tokenizer to fix this issue.[32m [repeated 2x across cluster][0m
[36m(vLLMHttpServer pid=677850)[0m (Worker_TP0 pid=678903) 2026-07-11 07:22:47,189 - INFO - autotuner.py:262 - flashinfer.jit: [Autotuner]: Autotuning process ends[32m [repeated 4x across cluster][0m
[36m(vLLMHttpServer pid=677850)[0m (Worker_TP0 pid=678903) Capturing CUDA graphs (mixed prefill-decode, PIECEWISE):   0%|          | 0/51 [00:00<?, ?it/s]
[36m(vLLMHttpServer pid=677850)[0m Capturing CUDA graphs (mixed prefill-decode, PIECEWISE):  88%|████████▊ | 45/51 [00:01<00:00, 25.27it/s][32m [repeated 25x across cluster][0m
[36m(vLLMHttpServer pid=677850)[0m INFO:2026-07-11 07:22:52,838:Initializing a V1 LLM engine with config: model='/workspace/verl-x/budget-rl-training-repro/artifacts/models/sft_interval_pct30_e5', speculative_config=None, tokenizer='/workspace/verl-x/budget-rl-training-repro/artifacts/models/sft_interval_pct30_e5', skip_tokenizer_init=False, tokenizer_mode=auto, revision=None, tokenizer_revision=None, trust_remote_code=False, dtype=torch.bfloat16, max_seq_len=8192, download_dir=None, load_format=dummy, tensor_parallel_size=4, pipeline_parallel_size=1, data_parallel_size=1, disable_custom_all_reduce=False, quantization=None, enforce_eager=False, kv_cache_dtype=auto, device_config=cuda, structured_outputs_config=StructuredOutputsConfig(backend='auto', disable_fallback=False, disable_any_whitespace=False, disable_additional_properties=False, reasoning_parser='', reasoning_parser_plugin='', enable_in_reasoning=False), observability_config=ObservabilityConfig(show_hidden_metrics_for_version=None, otlp_traces_endpoint=None, collect_detailed_traces=None, kv_cache_metrics=False, kv_cache_metrics_sample=0.01), seed=0, served_model_name=/workspace/verl-x/budget-rl-training-repro/artifacts/models/sft_interval_pct30_e5, enable_prefix_caching=True, enable_chunked_prefill=True, pooler_config=None, compilation_config={'level': None, 'mode': <CompilationMode.VLLM_COMPILE: 3>, 'debug_dump_path': None, 'cache_dir': '', 'compile_cache_save_format': 'binary', 'backend': 'inductor', 'custom_ops': ['none'], 'splitting_ops': ['vllm::unified_attention', 'vllm::unified_attention_with_output', 'vllm::unified_mla_attention', 'vllm::unified_mla_attention_with_output', 'vllm::mamba_mixer2', 'vllm::mamba_mixer', 'vllm::short_conv', 'vllm::linear_attention', 'vllm::plamo2_mamba_mixer', 'vllm::gdn_attention_core', 'vllm::kda_attention', 'vllm::sparse_attn_indexer'], 'compile_mm_encoder': False, 'compile_sizes': [], 'inductor_compile_config': {'enable_auto_functionalized_v2': False, 'combo_kernels': True, 'benchmark_combo_kernel': True}, 'inductor_passes': {}, 'cudagraph_mode': <CUDAGraphMode.FULL_AND_PIECEWISE: (2, 1)>, 'cudagraph_num_of_warmups': 1, 'cudagraph_capture_sizes': [1, 2, 4, 8, 16, 24, 32, 40, 48, 56, 64, 72, 80, 88, 96, 104, 112, 120, 128, 136, 144, 152, 160, 168, 176, 184, 192, 200, 208, 216, 224, 232, 240, 248, 256, 272, 288, 304, 320, 336, 352, 368, 384, 400, 416, 432, 448, 464, 480, 496, 512], 'cudagraph_copy_inputs': False, 'cudagraph_specialize_lora': True, 'use_inductor_graph_partition': False, 'pass_config': {'fuse_norm_quant': False, 'fuse_act_quant': False, 'fuse_attn_quant': False, 'eliminate_noops': True, 'enable_sp': False, 'fuse_gemm_comms': False, 'fuse_allreduce_rms': False}, 'max_cudagraph_capture_size': 512, 'dynamic_shapes_config': {'type': <DynamicShapesType.BACKED: 'backed'>}, 'local_cache_dir': None}
[36m(WorkerDict pid=674904)[0m INFO:2026-07-11 07:22:55,436:update_weights done, time cost: 0.72s
[36m(vLLMHttpServer pid=677850)[0m Capturing CUDA graphs (mixed prefill-decode, PIECEWISE):  94%|█████████▍| 48/51 [00:01<00:00, 25.18it/s]
[36m(vLLMHttpServer pid=677850)[0m Capturing CUDA graphs (mixed prefill-decode, PIECEWISE): 100%|██████████| 51/51 [00:01<00:00, 24.86it/s]Capturing CUDA graphs (mixed prefill-decode, PIECEWISE): 100%|██████████| 51/51 [00:01<00:00, 25.59it/s]
[36m(vLLMHttpServer pid=677850)[0m (Worker_TP0 pid=678903) Capturing CUDA graphs (decode, FULL):   0%|          | 0/51 [00:00<?, ?it/s]
[36m(vLLMHttpServer pid=677850)[0m Capturing CUDA graphs (decode, FULL):  88%|████████▊ | 45/51 [00:01<00:00, 30.71it/s][32m [repeated 19x across cluster][0m
[36m(TaskRunner pid=664535)[0m Training Progress:   0%|          | 0/75 [00:00<?, ?it/s]
[36m(vLLMHttpServer pid=677850)[0m Capturing CUDA graphs (decode, FULL): 100%|██████████| 51/51 [00:01<00:00, 30.39it/s][32m [repeated 2x across cluster][0m
[36m(AgentLoopWorker pid=680130)[0m The tokenizer you are loading from '/workspace/verl-x/budget-rl-training-repro/artifacts/models/sft_interval_pct30_e5' with an incorrect regex pattern: https://huggingface.co/mistralai/Mistral-Small-3.1-24B-Instruct-2503/discussions/84#69121093e8b480e709447d5e. This will lead to incorrect tokenization. You should set the `fix_mistral_regex=True` flag when loading this tokenizer to fix this issue.
[36m(AgentLoopWorker pid=680130)[0m The tokenizer you are loading from '/workspace/verl-x/budget-rl-training-repro/artifacts/models/sft_interval_pct30_e5' with an incorrect regex pattern: https://huggingface.co/mistralai/Mistral-Small-3.1-24B-Instruct-2503/discussions/84#69121093e8b480e709447d5e. This will lead to incorrect tokenization. You should set the `fix_mistral_regex=True` flag when loading this tokenizer to fix this issue.
[36m(AgentLoopWorker pid=680130)[0m You're using a Qwen2TokenizerFast tokenizer. Please note that with a fast tokenizer, using the `__call__` method is faster than using a method to encode the text followed by a call to the `pad` method to get a padded encoding.
[36m(TaskRunner pid=664535)[0m W0711 07:23:11.483000 664535 torch/fx/_symbolic_trace.py:52] is_fx_tracing will return true for both fx.symbolic_trace and torch.export. Please use is_fx_tracing_symbolic_tracing() for specifically fx.symbolic_trace or torch.compiler.is_compiling() for specifically torch.export/compile.
[36m(AgentLoopWorker pid=680135)[0m The tokenizer you are loading from '/workspace/verl-x/budget-rl-training-repro/artifacts/models/sft_interval_pct30_e5' with an incorrect regex pattern: https://huggingface.co/mistralai/Mistral-Small-3.1-24B-Instruct-2503/discussions/84#69121093e8b480e709447d5e. This will lead to incorrect tokenization. You should set the `fix_mistral_regex=True` flag when loading this tokenizer to fix this issue.[32m [repeated 14x across cluster][0m
[36m(AgentLoopWorker pid=680135)[0m You're using a Qwen2TokenizerFast tokenizer. Please note that with a fast tokenizer, using the `__call__` method is faster than using a method to encode the text followed by a call to the `pad` method to get a padded encoding.[32m [repeated 7x across cluster][0m
[36m(WorkerDict pid=674904)[0m INFO:2026-07-11 07:25:15,276:update_weights done, time cost: 2.86s
[36m(WorkerDict pid=674911)[0m [rank7]:W0711 07:23:13.056000 674911 torch/fx/_symbolic_trace.py:52] is_fx_tracing will return true for both fx.symbolic_trace and torch.export. Please use is_fx_tracing_symbolic_tracing() for specifically fx.symbolic_trace or torch.compiler.is_compiling() for specifically torch.export/compile.[32m [repeated 8x across cluster][0m
[36m(TaskRunner pid=664535)[0m Using dataset class: RLHFDataset
[36m(TaskRunner pid=664535)[0m dataset len: 966
[36m(TaskRunner pid=664535)[0m filter dataset len: 963
[36m(TaskRunner pid=664535)[0m Using dataset class: RLHFDataset
[36m(TaskRunner pid=664535)[0m dataset len: 380
[36m(TaskRunner pid=664535)[0m filter dataset len: 379
[36m(TaskRunner pid=664535)[0m Size of train dataloader: 15, Size of val dataloader: 1
[36m(TaskRunner pid=664535)[0m Total training steps: 75
[36m(TaskRunner pid=664535)[0m colocated worker base class <class 'verl.single_controller.base.worker.Worker'>
[36m(WorkerDict pid=674904)[0m [Gloo] Rank 0 is connected to 7 peer ranks. Expected number of connected peer ranks is : 7
[36m(WorkerDict pid=674904)[0m Monkey patch state_dict in AutoModelForCausalLMWithValueHead.
[36m(WorkerDict pid=674904)[0m Monkey patch _flash_attention_forward in transformers.integrations.flash_attention
[36m(WorkerDict pid=674904)[0m Skipping monkey patch for Qwen2ForCausalLM as use_fused_kernels is False or fused_kernels_backend is torch
[36m(WorkerDict pid=674911)[0m [Gloo] Rank 7 is connected to 7 peer ranks. Expected number of connected peer ranks is : 7[32m [repeated 7x across cluster][0m
[36m(WorkerDict pid=674904)[0m Qwen2ForCausalLM contains 7.62B parameters
[36m(WorkerDict pid=674904)[0m Before FSDP, memory allocated (GB): 0.00, memory reserved (GB): 0.00, device memory used/total (GB): 0.51/79.18
[36m(WorkerDict pid=674904)[0m After FSDP, memory allocated (GB): 0.00, memory reserved (GB): 14.30, device memory used/total (GB): 15.78/79.18
[36m(WorkerDict pid=674908)[0m Monkey patch state_dict in AutoModelForCausalLMWithValueHead. [32m [repeated 7x across cluster][0m
[36m(WorkerDict pid=674908)[0m Monkey patch _flash_attention_forward in transformers.integrations.flash_attention[32m [repeated 7x across cluster][0m
[36m(WorkerDict pid=674908)[0m Skipping monkey patch for Qwen2ForCausalLM as use_fused_kernels is False or fused_kernels_backend is torch[32m [repeated 7x across cluster][0m
[36m(WorkerDict pid=674904)[0m Monkey patch state_dict in AutoModelForCausalLMWithValueHead.
[36m(WorkerDict pid=674904)[0m Monkey patch _flash_attention_forward in transformers.integrations.flash_attention
[36m(WorkerDict pid=674904)[0m Skipping monkey patch for Qwen2ForCausalLM as use_fused_kernels is False or fused_kernels_backend is torch
[36m(WorkerDict pid=674910)[0m Monkey patch state_dict in AutoModelForCausalLMWithValueHead.
[36m(WorkerDict pid=674910)[0m Monkey patch _flash_attention_forward in transformers.integrations.flash_attention
[36m(WorkerDict pid=674910)[0m Skipping monkey patch for Qwen2ForCausalLM as use_fused_kernels is False or fused_kernels_backend is torch
[36m(WorkerDict pid=674904)[0m Qwen2ForCausalLM contains 7.62B parameters
[36m(WorkerDict pid=674904)[0m Before FSDP, memory allocated (GB): 0.00, memory reserved (GB): 14.30, device memory used/total (GB): 15.78/79.18
[36m(WorkerDict pid=674907)[0m [Gloo] Rank 0 is connected to 1 peer ranks. Expected number of connected peer ranks is : 1
[36m(WorkerDict pid=674911)[0m Monkey patch state_dict in AutoModelForCausalLMWithValueHead. [32m [repeated 6x across cluster][0m
[36m(WorkerDict pid=674911)[0m Monkey patch _flash_attention_forward in transformers.integrations.flash_attention[32m [repeated 6x across cluster][0m
[36m(WorkerDict pid=674911)[0m Skipping monkey patch for Qwen2ForCausalLM as use_fused_kernels is False or fused_kernels_backend is torch[32m [repeated 6x across cluster][0m
[36m(WorkerDict pid=674904)[0m After FSDP, memory allocated (GB): 3.55, memory reserved (GB): 14.30, device memory used/total (GB): 15.78/79.18
[36m(WorkerDict pid=674904)[0m Total steps: 75, num_warmup_steps: 0
[36m(WorkerDict pid=674904)[0m NCCL version 2.27.5+cuda12.9
[36m(vLLMHttpServer pid=677850)[0m ['serve',
[36m(vLLMHttpServer pid=677850)[0m  '/workspace/verl-x/budget-rl-training-repro/artifacts/models/sft_interval_pct30_e5',
[36m(vLLMHttpServer pid=677850)[0m  '--dtype',
[36m(vLLMHttpServer pid=677850)[0m  'bfloat16',
[36m(vLLMHttpServer pid=677850)[0m  '--load_format',
[36m(vLLMHttpServer pid=677850)[0m  'dummy',
[36m(vLLMHttpServer pid=677850)[0m  '--distributed_executor_backend',
[36m(vLLMHttpServer pid=677850)[0m  'mp',
[36m(vLLMHttpServer pid=677850)[0m  '--worker_extension_cls',
[36m(vLLMHttpServer pid=677850)[0m  'verl.workers.rollout.vllm_rollout.utils.vLLMColocateWorkerExtension',
[36m(vLLMHttpServer pid=677850)[0m  '--max_model_len',
[36m(vLLMHttpServer pid=677850)[0m  '8192',
[36m(vLLMHttpServer pid=677850)[0m  '--max_num_seqs',
[36m(vLLMHttpServer pid=677850)[0m  '1024',
[36m(vLLMHttpServer pid=677850)[0m  '--enable_chunked_prefill',
[36m(vLLMHttpServer pid=677850)[0m  '--max_num_batched_tokens',
[36m(vLLMHttpServer pid=677850)[0m  '8192',
[36m(vLLMHttpServer pid=677850)[0m  '--enable_prefix_caching',
[36m(vLLMHttpServer pid=677850)[0m  '--enable_sleep_mode',
[36m(vLLMHttpServer pid=677850)[0m  '--logprobs_mode',
[36m(vLLMHttpServer pid=677850)[0m  'processed_logprobs',
[36m(vLLMHttpServer pid=677850)[0m  '--gpu_memory_utilization',
[36m(vLLMHttpServer pid=677850)[0m  '0.3',
[36m(vLLMHttpServer pid=677850)[0m  '--disable_log_stats',
[36m(vLLMHttpServer pid=677850)[0m  '--tensor_parallel_size',
[36m(vLLMHttpServer pid=677850)[0m  '4',
[36m(vLLMHttpServer pid=677850)[0m  '--seed',
[36m(vLLMHttpServer pid=677850)[0m  '0',
[36m(vLLMHttpServer pid=677850)[0m  '--override_generation_config',
[36m(vLLMHttpServer pid=677850)[0m  '{"temperature": 1.0, "top_k": -1, "top_p": 1, "repetition_penalty": 1.0, '
[36m(vLLMHttpServer pid=677850)[0m  '"max_new_tokens": 1024}',
[36m(vLLMHttpServer pid=677850)[0m  '--hf_overrides',
[36m(vLLMHttpServer pid=677850)[0m  '{}',
[36m(vLLMHttpServer pid=677850)[0m  '--scheduling_policy',
[36m(vLLMHttpServer pid=677850)[0m  'fcfs',
[36m(vLLMHttpServer pid=677850)[0m  '--compilation_config',
[36m(vLLMHttpServer pid=677850)[0m  '{"cudagraph_mode": "FULL_AND_PIECEWISE"}']
[36m(WorkerDict pid=674911)[0m [Gloo] Rank 0 is connected to 0 peer ranks. Expected number of connected peer ranks is : 0[32m [repeated 23x across cluster][0m
[36m(vLLMHttpServer pid=677850)[0m WARNING 07-11 07:22:13 [system_utils.py:136] We must use the `spawn` multiprocessing start method. Overriding VLLM_WORKER_MULTIPROC_METHOD to 'spawn'. See https://docs.vllm.ai/en/latest/usage/troubleshooting.html#python-multiprocessing for more information. Reasons: In a Ray actor and can only be spawned; CUDA is initialized
[36m(vLLMHttpServer pid=677851)[0m WARNING 07-11 07:22:52 [api_server.py:1358] LoRA dynamic loading & unloading is enabled in the API server. This should ONLY be used for local development!
[36m(vLLMHttpServer pid=677851)[0m WARNING 07-11 07:22:52 [model.py:1576] Default sampling parameters have been overridden by the model's Hugging Face generation config recommended from the model creator. If this is not intended, please relaunch vLLM instance with `--generation-config vllm`.
[36m(vLLMHttpServer pid=677851)[0m WARNING 07-11 07:22:13 [system_utils.py:136] We must use the `spawn` multiprocessing start method. Overriding VLLM_WORKER_MULTIPROC_METHOD to 'spawn'. See https://docs.vllm.ai/en/latest/usage/troubleshooting.html#python-multiprocessing for more information. Reasons: In a Ray actor and can only be spawned; CUDA is initialized
[36m(TaskRunner pid=664535)[0m AgentLoopManager: ['172.31.45.208:35725', '172.31.45.208:43275']
[36m(AgentLoopWorker pid=680130)[0m Using dataset class: RLHFDataset
[36m(vLLMHttpServer pid=677850)[0m WARNING 07-11 07:22:52 [api_server.py:1358] LoRA dynamic loading & unloading is enabled in the API server. This should ONLY be used for local development!
[36m(vLLMHttpServer pid=677850)[0m WARNING 07-11 07:22:52 [model.py:1576] Default sampling parameters have been overridden by the model's Hugging Face generation config recommended from the model creator. If this is not intended, please relaunch vLLM instance with `--generation-config vllm`.
[36m(TaskRunner pid=664535)[0m step:1 - global_seqlen/min:161280 - global_seqlen/max:407114 - global_seqlen/minmax_diff:245834 - global_seqlen/balanced_min:280312 - global_seqlen/balanced_max:280313 - global_seqlen/mean:280312.625 - actor/entropy:0.3065665662288666 - perf/mfu/actor_infer:0.17269242159433795 - actor/pg_clipfrac:0.0 - actor/ppo_kl:0.0 - actor/pg_clipfrac_lower:0.0 - actor/pg_loss:0.01279409908420348 - actor/kl_loss:0.0 - actor/kl_coef:0.05000000000000001 - actor/loss:0.012794097885489464 - actor/grad_norm:1.5251699686050415 - actor/lr:5e-07 - perf/mfu/actor:0.2467017670373295 - training/global_step:1 - training/epoch:0 - critic/score/mean:0.13211528956890106 - critic/score/max:0.7720059752464294 - critic/score/min:0.0 - critic/rewards/mean:0.13211528956890106 - critic/rewards/max:0.7720059752464294 - critic/rewards/min:0.0 - critic/advantages/mean:-0.012794101610779762 - critic/advantages/max:3.7499794960021973 - critic/advantages/min:-1.4361257553100586 - critic/returns/mean:-0.012794101610779762 - critic/returns/max:3.7499794960021973 - critic/returns/min:-1.4361257553100586 - response_length/mean:11.8017578125 - response_length/max:20.0 - response_length/min:9.0 - response_length/clip_ratio:0.0 - response_length_non_aborted/mean:11.8017578125 - response_length_non_aborted/max:20.0 - response_length_non_aborted/min:9.0 - response_length_non_aborted/clip_ratio:0.0 - response/aborted_ratio:0.0 - prompt_length/mean:2178.140625 - prompt_length/max:8102.0 - prompt_length/min:556.0 - prompt_length/clip_ratio:0.0 - num_turns/min:2 - num_turns/max:2 - num_turns/mean:2.0 - timing_s/start_profile:0.0004573820042423904 - timing_s/agent_loop/num_preempted/min:-1 - timing_s/agent_loop/num_preempted/max:-1 - timing_s/agent_loop/num_preempted/mean:-1.0 - timing_s/agent_loop/generate_sequences/min:0.2938003759991261 - timing_s/agent_loop/generate_sequences/max:1.6397979609973845 - timing_s/agent_loop/generate_sequences/mean:1.0022864029727714 - timing_s/agent_loop/tool_calls/min:0.0 - timing_s/agent_loop/tool_calls/max:0.0 - timing_s/agent_loop/tool_calls/mean:0.0 - timing_s/agent_loop/compute_score/min:0.008316799998283386 - timing_s/agent_loop/compute_score/max:0.7464871409974876 - timing_s/agent_loop/compute_score/mean:0.3533113296542112 - timing_s/agent_loop/slowest/generate_sequences:0.9940206730025238 - timing_s/agent_loop/slowest/tool_calls:0.0 - timing_s/agent_loop/slowest/compute_score:0.6669597569998587 - timing_s/agent_loop/slowest/num_preempted:-1 - timing_s/agent_loop/slowest/prompt_length:1473 - timing_s/agent_loop/slowest/response_length:9 - timing_s/gen:13.568238460997236 - timing_s/reward:4.2152001697104424e-05 - timing_s/old_log_prob:28.794922205001058 - timing_s/ref:35.208755337000184 - timing_s/adv:0.014744101004907861 - timing_s/update_actor:57.51767570000084 - timing_s/update_weights:3.933934392000083 - timing_s/step:139.3098006720029 - timing_s/stop_profile:5.502300336956978e-05 - timing_per_token_ms/ref:0.015700664274843214 - timing_per_token_ms/gen:1.1227338403804084 - timing_per_token_ms/adv:6.5748470145198874e-06 - timing_per_token_ms/update_actor:0.025648896343859307 - perf/total_num_tokens:2242501 - perf/time_per_step:139.3098006720029 - perf/throughput:2012.1529400503582[36m(TaskRunner pid=664535)[0m Training Progress:   1%|▏         | 1/75 [02:19<2:52:12, 139.63s/it]
[36m(WorkerDict pid=674904)[0m INFO:2026-07-11 07:27:04,361:update_weights done, time cost: 3.39s
[36m(TaskRunner pid=664535)[0m Training Progress:   3%|▎         | 2/75 [04:08<2:28:01, 121.66s/it]
[36m(WorkerDict pid=674904)[0m INFO:2026-07-11 07:29:00,012:update_weights done, time cost: 3.07s
[36m(TaskRunner pid=664535)[0m Training Progress:   4%|▍         | 3/75 [06:04<2:22:40, 118.89s/it]
[36m(WorkerDict pid=674904)[0m INFO:2026-07-11 07:30:46,083:update_weights done, time cost: 3.19s

[36m(AgentLoopWorker pid=680135)[0m Using dataset class: RLHFDataset[32m [repeated 7x across cluster][0m
[36m(TaskRunner pid=664535)[0m step:2 - global_seqlen/min:235337 - global_seqlen/max:519130 - global_seqlen/minmax_diff:283793 - global_seqlen/balanced_min:325775 - global_seqlen/balanced_max:325775 - global_seqlen/mean:325775.0 - actor/entropy:0.27000996470451355 - perf/mfu/actor_infer:0.376873992387974 - actor/pg_clipfrac:0.0 - actor/ppo_kl:0.0 - actor/pg_clipfrac_lower:0.0 - actor/pg_loss:0.007643800183359417 - actor/kl_loss:0.0002294106356940731 - actor/kl_coef:0.05000000000000001 - actor/loss:0.007655269466340542 - actor/grad_norm:1.3885910511016846 - actor/lr:5e-07 - perf/mfu/actor:0.28683487331158336 - training/global_step:2 - training/epoch:0 - critic/score/mean:0.1438547819852829 - critic/score/max:0.7743103504180908 - critic/score/min:0.0 - critic/rewards/mean:0.1438547819852829 - critic/rewards/max:0.7743103504180908 - critic/rewards/min:0.0 - critic/advantages/mean:-0.007643796969205141 - critic/advantages/max:3.7499806880950928 - critic/advantages/min:-3.749925374984741 - critic/returns/mean:-0.007643796969205141 - critic/returns/max:3.7499806880950928 - critic/returns/min:-3.749925374984741 - response_length/mean:11.4296875 - response_length/max:17.0 - response_length/min:9.0 - response_length/clip_ratio:0.0 - response_length_non_aborted/mean:11.4296875 - response_length_non_aborted/max:17.0 - response_length_non_aborted/min:9.0 - response_length_non_aborted/clip_ratio:0.0 - response/aborted_ratio:0.0 - prompt_length/mean:2533.6875 - prompt_length/max:7665.0 - prompt_length/min:558.0 - prompt_length/clip_ratio:0.0 - num_turns/min:2 - num_turns/max:2 - num_turns/mean:2.0 - timing_s/start_profile:6.921299791429192e-05 - timing_s/agent_loop/num_preempted/min:-1 - timing_s/agent_loop/num_preempted/max:-1 - timing_s/agent_loop/num_preempted/mean:-1.0 - timing_s/agent_loop/generate_sequences/min:0.7617655260037282 - timing_s/agent_loop/generate_sequences/max:2.459082303001196 - timing_s/agent_loop/generate_sequences/mean:1.7118369018174207 - timing_s/agent_loop/tool_calls/min:0.0 - timing_s/agent_loop/tool_calls/max:0.0 - timing_s/agent_loop/tool_calls/mean:0.0 - timing_s/agent_loop/compute_score/min:0.0036772300009033643 - timing_s/agent_loop/compute_score/max:0.6639530749962432 - timing_s/agent_loop/compute_score/mean:0.14650739430965842 - timing_s/agent_loop/slowest/generate_sequences:1.8391682450019289 - timing_s/agent_loop/slowest/tool_calls:0.0 - timing_s/agent_loop/slowest/compute_score:0.652033771002607 - timing_s/agent_loop/slowest/num_preempted:-1 - timing_s/agent_loop/slowest/prompt_length:655 - timing_s/agent_loop/slowest/response_length:15 - timing_s/gen:3.8049009009992005 - timing_s/reward:3.465200279606506e-05 - timing_s/old_log_prob:16.190744794999773 - timing_s/ref:26.165289803000633 - timing_s/adv:0.014475336000032257 - timing_s/update_actor:57.39929003600264 - timing_s/update_weights:5.214662997997948 - timing_s/step:109.03080702699663 - timing_s/stop_profile:4.181199619779363e-05 - timing_per_token_ms/ref:0.010039632339421622 - timing_per_token_ms/gen:0.325094061944566 - timing_per_token_ms/adv:5.5541923106562265e-06 - timing_per_token_ms/update_actor:0.022024130932393002 - perf/total_num_tokens:2606200 - perf/time_per_step:109.03080702699663 - perf/throughput:2987.916983126946
[36m(TaskRunner pid=664535)[0m step:3 - global_seqlen/min:172081 - global_seqlen/max:467156 - global_seqlen/minmax_diff:295075 - global_seqlen/balanced_min:358622 - global_seqlen/balanced_max:358623 - global_seqlen/mean:358622.25 - actor/entropy:0.26196524500846863 - perf/mfu/actor_infer:0.385757213211078 - actor/pg_clipfrac:0.0 - actor/ppo_kl:0.0 - actor/pg_clipfrac_lower:0.0 - actor/pg_loss:0.00768644934760232 - actor/kl_loss:0.00020057455340417472 - actor/kl_coef:0.05000000000000001 - actor/loss:0.007696482352912426 - actor/grad_norm:1.1827707290649414 - actor/lr:5e-07 - perf/mfu/actor:0.29571233660613616 - training/global_step:3 - training/epoch:0 - critic/score/mean:0.15790294110774994 - critic/score/max:0.7675303220748901 - critic/score/min:0.0 - critic/rewards/mean:0.15790294110774994 - critic/rewards/max:0.7675303220748901 - critic/rewards/min:0.0 - critic/advantages/mean:-0.007686447352170944 - critic/advantages/max:3.7499799728393555 - critic/advantages/min:-3.749925374984741 - critic/returns/mean:-0.007686447352170944 - critic/returns/max:3.7499799728393555 - critic/returns/min:-3.749925374984741 - response_length/mean:11.283203125 - response_length/max:17.0 - response_length/min:9.0 - response_length/clip_ratio:0.0 - response_length_non_aborted/mean:11.283203125 - response_length_non_aborted/max:17.0 - response_length_non_aborted/min:9.0 - response_length_non_aborted/clip_ratio:0.0 - response/aborted_ratio:0.0 - prompt_length/mean:2790.453125 - prompt_length/max:7223.0 - prompt_length/min:556.0 - prompt_length/clip_ratio:0.0 - num_turns/min:2 - num_turns/max:2 - num_turns/mean:2.0 - timing_s/start_profile:7.007300155237317e-05 - timing_s/agent_loop/num_preempted/min:-1 - timing_s/agent_loop/num_preempted/max:-1 - timing_s/agent_loop/num_preempted/mean:-1.0 - timing_s/agent_loop/generate_sequences/min:0.8211151309951674 - timing_s/agent_loop/generate_sequences/max:2.657272495998768 - timing_s/agent_loop/generate_sequences/mean:1.8178536442892579 - timing_s/agent_loop/tool_calls/min:0.0 - timing_s/agent_loop/tool_calls/max:0.0 - timing_s/agent_loop/tool_calls/mean:0.0 - timing_s/agent_loop/compute_score/min:0.0034235169950989075 - timing_s/agent_loop/compute_score/max:0.6600797350038192 - timing_s/agent_loop/compute_score/mean:0.1316564284424402 - timing_s/agent_loop/slowest/generate_sequences:2.1514284959994256 - timing_s/agent_loop/slowest/tool_calls:0.0 - timing_s/agent_loop/slowest/compute_score:0.5512384670000756 - timing_s/agent_loop/slowest/num_preempted:-1 - timing_s/agent_loop/slowest/prompt_length:2771 - timing_s/agent_loop/slowest/response_length:9 - timing_s/gen:4.007343381003011 - timing_s/reward:2.6421999791637063e-05 - timing_s/old_log_prob:17.06959583400021 - timing_s/ref:27.077340491996438 - timing_s/adv:0.014419904000533279 - timing_s/update_actor:61.44315526299761 - timing_s/update_weights:5.232988345000194 - timing_s/step:115.50076068299677 - timing_s/stop_profile:3.820200072368607e-05 - timing_per_token_ms/ref:0.009437974251456944 - timing_per_token_ms/gen:0.3468360205126373 - timing_per_token_ms/adv:5.026146593153826e-06 - timing_per_token_ms/update_actor:0.021416391224679174 - perf/total_num_tokens:2868978 - perf/time_per_step:115.50076068299677 - perf/throughput:3104.9340963586737
[36m(TaskRunner pid=664535)[0m step:4 - global_seqlen/min:214654 - global_seqlen/max:419146 - global_seqlen/minmax_diff:204492 - global_seqlen/balanced_min:312578 - global_seqlen/balanced_max:312580 - global_seqlen/mean:312579.0 - actor/entropy:0.2827461063861847 - perf/mfu/actor_infer:0.37332227134711604 - actor/pg_clipfrac:0.0 - actor/ppo_kl:0.0 - actor/pg_clipfrac_lower:0.0 - actor/pg_loss:-0.015997297417243317 - actor/kl_loss:0.00029675426785251945 - actor/kl_coef:0.05000000000000001 - actor/loss:-0.015982460230588913 - actor/grad_norm:1.782062292098999 - actor/lr:5e-07 - perf/mfu/actor:0.2841597017875749 - training/global_step:4 - training/epoch:0 - critic/score/mean:0.159765362739563 - critic/score/max:0.7753196954727173 - critic/score/min:0.0 - critic/rewards/mean:0.159765362739563 - critic/rewards/max:0.7753196954727173 - critic/rewards/min:0.0 - critic/advantages/mean:0.015997299924492836 - critic/advantages/max:3.7499806880950928 - critic/advantages/min:-3.749925374984741 - critic/returns/mean:0.015997299924492836 - critic/returns/max:3.7499806880950928 - critic/returns/min:-3.749925374984741 - response_length/mean:11.4765625 - response_length/max:18.0 - response_length/min:7.0 - response_length/clip_ratio:0.0 - response_length_non_aborted/mean:11.4765625 - response_length_non_aborted/max:18.0 - response_length_non_aborted/min:7.0 - response_length_non_aborted/clip_ratio:0.0 - response/aborted_ratio:0.0 - prompt_length/mean:2430.546875 - prompt_length/max:7253.0 - prompt_length/min:556.0 - prompt_length/clip_ratio:0.0 - num_turns/min:2 - num_turns/max:2 - num_turns/mean:2.0 - timing_s/start_profile:4.081199585925788e-05 - timing_s/agent_loop/num_preempted/min:-1 - timing_s/agent_loop/num_preempted/max:-1 - timing_s/agent_loop/num_preempted/mean:-1.0 - timing_s/agent_loop/generate_sequences/min:0.817799290001858 - timing_s/agent_loop/generate_sequences/max:2.3626422439992893 - timing_s/agent_loop/generate_sequences/mean:1.673426889509635 - timing_s/agent_loop/tool_calls/min:0.0 - timing_s/agent_loop/tool_calls/max:0.0 - timing_s/agent_loop/tool_calls/mean:0.0 - timing_s/agent_loop/compute_score/min:0.0035557139999582432 - timing_s/agent_loop/compute_score/max:0.7069989239971619 - timing_s/agent_loop/compute_score/mean:0.161327539984363 - timing_s/agent_loop/slowest/generate_sequences:2.1653843599997344 - timing_s/agent_loop/slowest/tool_calls:0.0 - timing_s/agent_loop/slowest/compute_score:0.2596868859982351 - timing_s/agent_loop/slowest/num_preempted:-1 - timing_s/agent_loop/slowest/prompt_length:559 - timing_s/agent_loop/slowest/response_length:14 - timing_s/gen:3.7861470459974953 - timing_s/reward:3.440200089244172e-05 - timing_s/old_log_prob:15.523766102000081 - timing_s/ref:25.833384596000542 - timing_s/adv:0.014240844997402746 - timing_s/update_actor:55.610841146000894 - timing_s/update_weights:5.020678241999121 - timing_s/step:106.03260263400443 - timing_s/stop_profile:6.484299956355244e-05 - timing_per_token_ms/ref:0.010330742226765291 - timing_per_token_ms/gen:0.32217044298821435 - timing_per_token_ms/adv:5.694898328663612e-06 - timing_per_token_ms/update_actor:0.022238714511371882 - perf/total_num_tokens:2500632 - perf/time_per_step:106.03260263400443 - perf/throughput:2947.9517830844657[36m(TaskRunner pid=664535)[0m Training Progress:   5%|▌         | 4/75 [07:50<2:14:42, 113.84s/it]
[36m(WorkerDict pid=674904)[0m INFO:2026-07-11 07:32:38,576:update_weights done, time cost: 3.30s
[36m(TaskRunner pid=664535)[0m Training Progress:   7%|▋         | 5/75 [09:42<2:12:15, 113.36s/it]
[36m(WorkerDict pid=674904)[0m INFO:2026-07-11 07:34:15,453:update_weights done, time cost: 3.07s
[36m(TaskRunner pid=664535)[0m Training Progress:   8%|▊         | 6/75 [11:19<2:03:54, 107.75s/it]
[36m(WorkerDict pid=674904)[0m INFO:2026-07-11 07:35:57,607:update_weights done, time cost: 3.43s

[36m(TaskRunner pid=664535)[0m step:5 - global_seqlen/min:174137 - global_seqlen/max:610711 - global_seqlen/minmax_diff:436574 - global_seqlen/balanced_min:342461 - global_seqlen/balanced_max:342462 - global_seqlen/mean:342461.5 - actor/entropy:0.270163893699646 - perf/mfu/actor_infer:0.3813348767243718 - actor/pg_clipfrac:0.0 - actor/ppo_kl:0.0 - actor/pg_clipfrac_lower:0.0 - actor/pg_loss:0.015011630894150585 - actor/kl_loss:0.0003402348943298515 - actor/kl_coef:0.05000000000000001 - actor/loss:0.015028647147119045 - actor/grad_norm:1.4064456224441528 - actor/lr:5e-07 - perf/mfu/actor:0.29058592792582505 - training/global_step:5 - training/epoch:0 - critic/score/mean:0.14636704325675964 - critic/score/max:0.7684151530265808 - critic/score/min:0.0 - critic/rewards/mean:0.14636704325675964 - critic/rewards/max:0.7684151530265808 - critic/rewards/min:0.0 - critic/advantages/mean:-0.015011630952358246 - critic/advantages/max:3.7499778270721436 - critic/advantages/min:-3.749925374984741 - critic/returns/mean:-0.015011630952358246 - critic/returns/max:3.7499778270721436 - critic/returns/min:-3.749925374984741 - response_length/mean:11.41796875 - response_length/max:17.0 - response_length/min:8.0 - response_length/clip_ratio:0.0 - response_length_non_aborted/mean:11.41796875 - response_length_non_aborted/max:17.0 - response_length_non_aborted/min:8.0 - response_length_non_aborted/clip_ratio:0.0 - response/aborted_ratio:0.0 - prompt_length/mean:2664.0625 - prompt_length/max:7960.0 - prompt_length/min:557.0 - prompt_length/clip_ratio:0.0 - num_turns/min:2 - num_turns/max:2 - num_turns/mean:2.0 - timing_s/start_profile:4.526200063992292e-05 - timing_s/agent_loop/num_preempted/min:-1 - timing_s/agent_loop/num_preempted/max:-1 - timing_s/agent_loop/num_preempted/mean:-1.0 - timing_s/agent_loop/generate_sequences/min:0.743016696003906 - timing_s/agent_loop/generate_sequences/max:2.450269382003171 - timing_s/agent_loop/generate_sequences/mean:1.7009657093738895 - timing_s/agent_loop/tool_calls/min:0.0 - timing_s/agent_loop/tool_calls/max:0.0 - timing_s/agent_loop/tool_calls/mean:0.0 - timing_s/agent_loop/compute_score/min:0.003484531000140123 - timing_s/agent_loop/compute_score/max:0.6587963240017416 - timing_s/agent_loop/compute_score/mean:0.16139307170506356 - timing_s/agent_loop/slowest/generate_sequences:2.259967031000997 - timing_s/agent_loop/slowest/tool_calls:0.0 - timing_s/agent_loop/slowest/compute_score:0.24196314900473226 - timing_s/agent_loop/slowest/num_preempted:-1 - timing_s/agent_loop/slowest/prompt_length:563 - timing_s/agent_loop/slowest/response_length:16 - timing_s/gen:3.8414688339980785 - timing_s/reward:2.5430999812670052e-05 - timing_s/old_log_prob:16.25642477400106 - timing_s/ref:26.89287151899771 - timing_s/adv:0.014797693002037704 - timing_s/update_actor:59.55978282599972 - timing_s/update_weights:5.640315691001888 - timing_s/step:112.44672763300332 - timing_s/stop_profile:6.45729960524477e-05 - timing_per_token_ms/ref:0.009816020019402804 - timing_per_token_ms/gen:0.3285553227846458 - timing_per_token_ms/adv:5.401225028958622e-06 - timing_per_token_ms/update_actor:0.021739590737206854 - perf/total_num_tokens:2739692 - perf/time_per_step:112.44672763300332 - perf/throughput:3045.5443854062582
[36m(TaskRunner pid=664535)[0m step:6 - global_seqlen/min:140262 - global_seqlen/max:445968 - global_seqlen/minmax_diff:305706 - global_seqlen/balanced_min:255181 - global_seqlen/balanced_max:255181 - global_seqlen/mean:255181.0 - actor/entropy:0.3063541650772095 - perf/mfu/actor_infer:0.3503863674872576 - actor/pg_clipfrac:0.0 - actor/ppo_kl:0.0 - actor/pg_clipfrac_lower:0.0 - actor/pg_loss:-0.0031059105567692313 - actor/kl_loss:0.0006216321006184897 - actor/kl_coef:0.05000000000000001 - actor/loss:-0.003074830397963524 - actor/grad_norm:1.474399447441101 - actor/lr:5e-07 - perf/mfu/actor:0.2643248502529082 - training/global_step:6 - training/epoch:0 - critic/score/mean:0.15587428212165833 - critic/score/max:0.7722222208976746 - critic/score/min:0.0 - critic/rewards/mean:0.15587428212165833 - critic/rewards/max:0.7722222208976746 - critic/rewards/min:0.0 - critic/advantages/mean:0.003105910960584879 - critic/advantages/max:3.7499797344207764 - critic/advantages/min:-3.749925374984741 - critic/returns/mean:0.003105910960584879 - critic/returns/max:3.7499797344207764 - critic/returns/min:-3.749925374984741 - response_length/mean:11.8671875 - response_length/max:18.0 - response_length/min:9.0 - response_length/clip_ratio:0.0 - response_length_non_aborted/mean:11.8671875 - response_length_non_aborted/max:18.0 - response_length_non_aborted/min:9.0 - response_length_non_aborted/clip_ratio:0.0 - response/aborted_ratio:0.0 - prompt_length/mean:1981.734375 - prompt_length/max:7499.0 - prompt_length/min:556.0 - prompt_length/clip_ratio:0.0 - num_turns/min:2 - num_turns/max:2 - num_turns/mean:2.0 - timing_s/start_profile:4.629199975170195e-05 - timing_s/agent_loop/num_preempted/min:-1 - timing_s/agent_loop/num_preempted/max:-1 - timing_s/agent_loop/num_preempted/mean:-1.0 - timing_s/agent_loop/generate_sequences/min:0.7419531900013681 - timing_s/agent_loop/generate_sequences/max:2.1570709590014303 - timing_s/agent_loop/generate_sequences/mean:1.5424878439571756 - timing_s/agent_loop/tool_calls/min:0.0 - timing_s/agent_loop/tool_calls/max:0.0 - timing_s/agent_loop/tool_calls/mean:0.0 - timing_s/agent_loop/compute_score/min:0.003404187002161052 - timing_s/agent_loop/compute_score/max:0.6984262180048972 - timing_s/agent_loop/compute_score/mean:0.21346377982309406 - timing_s/agent_loop/slowest/generate_sequences:1.8225418100046227 - timing_s/agent_loop/slowest/tool_calls:0.0 - timing_s/agent_loop/slowest/compute_score:0.36504932399839163 - timing_s/agent_loop/slowest/num_preempted:-1 - timing_s/agent_loop/slowest/prompt_length:5462 - timing_s/agent_loop/slowest/response_length:9 - timing_s/gen:3.4807504790005623 - timing_s/reward:2.5252003979403526e-05 - timing_s/old_log_prob:13.556256837997353 - timing_s/ref:25.260979945000145 - timing_s/adv:0.014714315002493095 - timing_s/update_actor:48.863289232998795 - timing_s/update_weights:5.375088559994765 - timing_s/step:96.79366592300357 - timing_s/stop_profile:3.6612000258173794e-05 - timing_per_token_ms/ref:0.012374050157045463 - timing_per_token_ms/gen:0.28643437121466114 - timing_per_token_ms/adv:7.207783398104235e-06 - timing_per_token_ms/update_actor:0.02393560317627429 - perf/total_num_tokens:2041448 - perf/time_per_step:96.79366592300357 - perf/throughput:2636.3398634264845
[36m(TaskRunner pid=664535)[0m step:7 - global_seqlen/min:136491 - global_seqlen/max:490431 - global_seqlen/minmax_diff:353940 - global_seqlen/balanced_min:286631 - global_seqlen/balanced_max:286632 - global_seqlen/mean:286631.875 - actor/entropy:0.2820146083831787 - perf/mfu/actor_infer:0.3632202980522637 - actor/pg_clipfrac:0.0 - actor/ppo_kl:0.0 - actor/pg_clipfrac_lower:0.0 - actor/pg_loss:0.0009184869568343856 - actor/kl_loss:0.0006478055994321159 - actor/kl_coef:0.05000000000000001 - actor/loss:0.0009508738294243813 - actor/grad_norm:1.2347567081451416 - actor/lr:5e-07 - perf/mfu/actor:0.2754896665454744 - training/global_step:7 - training/epoch:0 - critic/score/mean:0.1367511749267578 - critic/score/max:0.784500002861023 - critic/score/min:0.0 - critic/rewards/mean:0.1367511749267578 - critic/rewards/max:0.784500002861023 - critic/rewards/min:0.0 - critic/advantages/mean:-0.0009184828959405422 - critic/advantages/max:3.7499794960021973 - critic/advantages/min:-2.5617005825042725 - critic/returns/mean:-0.0009184828959405422 - critic/returns/max:3.7499794960021973 - critic/returns/min:-2.5617005825042725 - response_length/mean:11.6083984375 - response_length/max:17.0 - response_length/min:9.0 - response_length/clip_ratio:0.0 - response_length_non_aborted/mean:11.6083984375 - response_length_non_aborted/max:17.0 - response_length_non_aborted/min:9.0 - response_length_non_aborted/clip_ratio:0.0 - response/aborted_ratio:0.0 - prompt_length/mean:2227.703125 - prompt_length/max:7448.0 - prompt_length/min:557.0 - prompt_length/clip_ratio:0.0 - num_turns/min:2 - num_turns/max:2 - num_turns/mean:2.0 - timing_s/start_profile:4.384199564810842e-05 - timing_s/agent_loop/num_preempted/min:-1 - timing_s/agent_loop/num_preempted/max:-1 - timing_s/agent_loop/num_preempted/mean:-1.0 - timing_s/agent_loop/generate_sequences/min:0.7430811309968703 - timing_s/agent_loop/generate_sequences/max:2.306107197997335 - timing_s/agent_loop/generate_sequences/mean:1.656387308991107 - timing_s/agent_loop/tool_calls/min:0.0 - timing_s/agent_loop/tool_calls/max:0.0 - timing_s/agent_loop/tool_calls/mean:0.0 - timing_s/agent_loop/compute_score/min:0.003941764000046533 - timing_s/agent_loop/compute_score/max:0.7043241690043942 - timing_s/agent_loop/compute_score/mean:0.19977347346102903 - timing_s/agent_loop/slowest/generate_sequences:1.658986406000622 - timing_s/agent_loop/slowest/tool_calls:0.0 - timing_s/agent_loop/slowest/compute_score:0.7043241690043942 - timing_s/agent_loop/slowest/num_preempted:-1 - timing_s/agent_loop/slowest/prompt_length:3374 - timing_s/agent_loop/slowest/response_length:9 - timing_s/gen:3.7244314620038494 - timing_s/reward:3.333100175950676e-05 - timing_s/old_log_prob:14.37182692400529 - timing_s/ref:26.174582189996727 - timing_s/adv:0.015966373000992462 - timing_s/update_actor:52.3648295660023 - timing_s/update_weights:5.287967206000758 - timing_s/step:102.19157158699818 - timing_s/stop_profile:3.7802004953846335e-05 - timing_per_token_ms/ref:0.011414720619434215 - timing_per_token_ms/gen:0.31331971582433327 - timing_per_token_ms/adv:6.962926314891035e-06 - timing_per_token_ms/update_actor:0.022836272817704895 - perf/total_num_tokens:2293055 - perf/time_per_step:102.19157158699818 - perf/throughput:2804.848487489825[36m(TaskRunner pid=664535)[0m Training Progress:   9%|▉         | 7/75 [13:02<2:00:04, 105.95s/it]
[36m(WorkerDict pid=674904)[0m INFO:2026-07-11 07:37:50,313:update_weights done, time cost: 3.22s
[36m(TaskRunner pid=664535)[0m Training Progress:  11%|█         | 8/75 [14:54<2:00:41, 108.09s/it]
[36m(WorkerDict pid=674904)[0m INFO:2026-07-11 07:39:25,422:update_weights done, time cost: 3.16s
[36m(TaskRunner pid=664535)[0m Training Progress:  12%|█▏        | 9/75 [16:29<1:54:27, 104.05s/it]
[36m(WorkerDict pid=674904)[0m INFO:2026-07-11 07:41:02,993:update_weights done, time cost: 2.92s

[36m(TaskRunner pid=664535)[0m step:8 - global_seqlen/min:221221 - global_seqlen/max:496460 - global_seqlen/minmax_diff:275239 - global_seqlen/balanced_min:346119 - global_seqlen/balanced_max:346119 - global_seqlen/mean:346119.0 - actor/entropy:0.24428951740264893 - perf/mfu/actor_infer:0.3799874055367029 - actor/pg_clipfrac:0.0 - actor/ppo_kl:0.0 - actor/pg_clipfrac_lower:0.0 - actor/pg_loss:0.023400209918547077 - actor/kl_loss:0.0008934128848045739 - actor/kl_coef:0.05000000000000001 - actor/loss:0.02344488725066185 - actor/grad_norm:1.2605571746826172 - actor/lr:5e-07 - perf/mfu/actor:0.29269534874677616 - training/global_step:8 - training/epoch:0 - critic/score/mean:0.1476231813430786 - critic/score/max:0.7665584683418274 - critic/score/min:0.0 - critic/rewards/mean:0.1476231813430786 - critic/rewards/max:0.7665584683418274 - critic/rewards/min:0.0 - critic/advantages/mean:-0.023400207981467247 - critic/advantages/max:3.7499804496765137 - critic/advantages/min:-3.749925374984741 - critic/returns/mean:-0.023400207981467247 - critic/returns/max:3.7499804496765137 - critic/returns/min:-3.749925374984741 - response_length/mean:11.0859375 - response_length/max:17.0 - response_length/min:9.0 - response_length/clip_ratio:0.0 - response_length_non_aborted/mean:11.0859375 - response_length_non_aborted/max:17.0 - response_length_non_aborted/min:9.0 - response_length_non_aborted/clip_ratio:0.0 - response/aborted_ratio:0.0 - prompt_length/mean:2692.96875 - prompt_length/max:7695.0 - prompt_length/min:556.0 - prompt_length/clip_ratio:0.0 - num_turns/min:2 - num_turns/max:2 - num_turns/mean:2.0 - timing_s/start_profile:4.238199471728876e-05 - timing_s/agent_loop/num_preempted/min:-1 - timing_s/agent_loop/num_preempted/max:-1 - timing_s/agent_loop/num_preempted/mean:-1.0 - timing_s/agent_loop/generate_sequences/min:0.7585225090006134 - timing_s/agent_loop/generate_sequences/max:2.4736595560025307 - timing_s/agent_loop/generate_sequences/mean:1.7208611394471873 - timing_s/agent_loop/tool_calls/min:0.0 - timing_s/agent_loop/tool_calls/max:0.0 - timing_s/agent_loop/tool_calls/mean:0.0 - timing_s/agent_loop/compute_score/min:0.0033741059960448183 - timing_s/agent_loop/compute_score/max:0.6132049329971778 - timing_s/agent_loop/compute_score/mean:0.13632478284861804 - timing_s/agent_loop/slowest/generate_sequences:2.149759838997852 - timing_s/agent_loop/slowest/tool_calls:0.0 - timing_s/agent_loop/slowest/compute_score:0.37373389700223925 - timing_s/agent_loop/slowest/num_preempted:-1 - timing_s/agent_loop/slowest/prompt_length:4128 - timing_s/agent_loop/slowest/response_length:9 - timing_s/gen:3.7820670650035026 - timing_s/reward:4.004200309282169e-05 - timing_s/old_log_prob:16.845154131995514 - timing_s/ref:26.498720381001476 - timing_s/adv:0.015376026000012644 - timing_s/update_actor:60.124936959997285 - timing_s/update_weights:5.112536926004395 - timing_s/step:112.62618325299991 - timing_s/stop_profile:5.1943003199994564e-05 - timing_per_token_ms/ref:0.009569945734343346 - timing_per_token_ms/gen:0.33316306069445933 - timing_per_token_ms/adv:5.55301283663012e-06 - timing_per_token_ms/update_actor:0.021713968663955637 - perf/total_num_tokens:2768952 - perf/time_per_step:112.62618325299991 - perf/throughput:3073.166381058028
[36m(TaskRunner pid=664535)[0m step:9 - global_seqlen/min:96826 - global_seqlen/max:312090 - global_seqlen/minmax_diff:215264 - global_seqlen/balanced_min:243989 - global_seqlen/balanced_max:243990 - global_seqlen/mean:243989.375 - actor/entropy:0.3035532832145691 - perf/mfu/actor_infer:0.3432531275252208 - actor/pg_clipfrac:0.0 - actor/ppo_kl:0.0 - actor/pg_clipfrac_lower:0.0 - actor/pg_loss:0.008538819165551104 - actor/kl_loss:0.0010732014717239474 - actor/kl_coef:0.05000000000000001 - actor/loss:0.00859247799962759 - actor/grad_norm:1.2685809135437012 - actor/lr:5e-07 - perf/mfu/actor:0.2602597832389403 - training/global_step:9 - training/epoch:0 - critic/score/mean:0.13688620924949646 - critic/score/max:0.7704545259475708 - critic/score/min:0.0 - critic/rewards/mean:0.13688620924949646 - critic/rewards/max:0.7704545259475708 - critic/rewards/min:0.0 - critic/advantages/mean:-0.008538815192878246 - critic/advantages/max:3.7499799728393555 - critic/advantages/min:-1.4361257553100586 - critic/returns/mean:-0.008538815192878246 - critic/returns/max:3.7499799728393555 - critic/returns/min:-1.4361257553100586 - response_length/mean:11.8857421875 - response_length/max:25.0 - response_length/min:8.0 - response_length/clip_ratio:0.0 - response_length_non_aborted/mean:11.8857421875 - response_length_non_aborted/max:25.0 - response_length_non_aborted/min:8.0 - response_length_non_aborted/clip_ratio:0.0 - response/aborted_ratio:0.0 - prompt_length/mean:1894.28125 - prompt_length/max:7581.0 - prompt_length/min:556.0 - prompt_length/clip_ratio:0.0 - num_turns/min:2 - num_turns/max:2 - num_turns/mean:2.0 - timing_s/start_profile:3.8912003219593316e-05 - timing_s/agent_loop/num_preempted/min:-1 - timing_s/agent_loop/num_preempted/max:-1 - timing_s/agent_loop/num_preempted/mean:-1.0 - timing_s/agent_loop/generate_sequences/min:0.7646620460000122 - timing_s/agent_loop/generate_sequences/max:2.1100059480013442 - timing_s/agent_loop/generate_sequences/mean:1.527332890795833 - timing_s/agent_loop/tool_calls/min:0.0 - timing_s/agent_loop/tool_calls/max:0.0 - timing_s/agent_loop/tool_calls/mean:0.0 - timing_s/agent_loop/compute_score/min:0.003472901000350248 - timing_s/agent_loop/compute_score/max:0.741919952997705 - timing_s/agent_loop/compute_score/mean:0.2622646356972993 - timing_s/agent_loop/slowest/generate_sequences:2.005159021995496 - timing_s/agent_loop/slowest/tool_calls:0.0 - timing_s/agent_loop/slowest/compute_score:0.14003387900447706 - timing_s/agent_loop/slowest/num_preempted:-1 - timing_s/agent_loop/slowest/prompt_length:562 - timing_s/agent_loop/slowest/response_length:16 - timing_s/gen:3.5368676419966505 - timing_s/reward:3.636199835455045e-05 - timing_s/old_log_prob:12.937030893001065 - timing_s/ref:25.534942805003084 - timing_s/adv:0.016974270998616703 - timing_s/update_actor:47.34861294699658 - timing_s/update_weights:5.495564236000064 - timing_s/step:95.12817681999877 - timing_s/stop_profile:6.46030021016486e-05 - timing_per_token_ms/ref:0.013081995273873648 - timing_per_token_ms/gen:0.290597949387614 - timing_per_token_ms/adv:8.69621422993148e-06 - timing_per_token_ms/update_actor:0.0242575178463184 - perf/total_num_tokens:1951915 - perf/time_per_step:95.12817681999877 - perf/throughput:2564.848640604938
[36m(TaskRunner pid=664535)[0m step:10 - global_seqlen/min:173727 - global_seqlen/max:404560 - global_seqlen/minmax_diff:230833 - global_seqlen/balanced_min:268849 - global_seqlen/balanced_max:268850 - global_seqlen/mean:268849.5 - actor/entropy:0.2927221953868866 - perf/mfu/actor_infer:0.3565107951119216 - actor/pg_clipfrac:0.0 - actor/ppo_kl:0.0 - actor/pg_clipfrac_lower:0.0 - actor/pg_loss:0.001743608241667971 - actor/kl_loss:0.0022547220200563114 - actor/kl_coef:0.05000000000000001 - actor/loss:0.0018563400954008102 - actor/grad_norm:1.028709053993225 - actor/lr:5e-07 - perf/mfu/actor:0.27012706803249265 - training/global_step:10 - training/epoch:0 - critic/score/mean:0.14369425177574158 - critic/score/max:0.7682432532310486 - critic/score/min:0.0 - critic/rewards/mean:0.14369425177574158 - critic/rewards/max:0.7682432532310486 - critic/rewards/min:0.0 - critic/advantages/mean:-0.0017436083871871233 - critic/advantages/max:3.7499799728393555 - critic/advantages/min:-1.677032232284546 - critic/returns/mean:-0.0017436083871871233 - critic/returns/max:3.7499799728393555 - critic/returns/min:-1.677032232284546 - response_length/mean:11.71484375 - response_length/max:17.0 - response_length/min:9.0 - response_length/clip_ratio:0.0 - response_length_non_aborted/mean:11.71484375 - response_length_non_aborted/max:17.0 - response_length_non_aborted/min:9.0 - response_length_non_aborted/clip_ratio:0.0 - response/aborted_ratio:0.0 - prompt_length/mean:2088.671875 - prompt_length/max:6786.0 - prompt_length/min:557.0 - prompt_length/clip_ratio:0.0 - num_turns/min:2 - num_turns/max:2 - num_turns/mean:2.0 - timing_s/start_profile:4.99520028824918e-05 - timing_s/agent_loop/num_preempted/min:-1 - timing_s/agent_loop/num_preempted/max:-1 - timing_s/agent_loop/num_preempted/mean:-1.0 - timing_s/agent_loop/generate_sequences/min:0.7824160029995255 - timing_s/agent_loop/generate_sequences/max:2.193177517001459 - timing_s/agent_loop/generate_sequences/mean:1.6148394709776142 - timing_s/agent_loop/tool_calls/min:0.0 - timing_s/agent_loop/tool_calls/max:0.0 - timing_s/agent_loop/tool_calls/mean:0.0 - timing_s/agent_loop/compute_score/min:0.0036419079988263547 - timing_s/agent_loop/compute_score/max:0.6819538790005026 - timing_s/agent_loop/compute_score/mean:0.22176372346383744 - timing_s/agent_loop/slowest/generate_sequences:1.6073285789971123 - timing_s/agent_loop/slowest/tool_calls:0.0 - timing_s/agent_loop/slowest/compute_score:0.646175604997552 - timing_s/agent_loop/slowest/num_preempted:-1 - timing_s/agent_loop/slowest/prompt_length:3905 - timing_s/agent_loop/slowest/response_length:9 - timing_s/gen:3.49089286900562 - timing_s/reward:2.5621004169806838e-05 - timing_s/old_log_prob:13.526463550995686 - timing_s/ref:25.596267549000913 - timing_s/adv:0.015094369002326857 - timing_s/update_actor:49.80811804199766 - timing_s/update_weights:4.876983335998375 - timing_s/step:97.50565147900488 - timing_s/stop_profile:3.808199835475534e-05 - timing_per_token_ms/ref:0.011900834644011293 - timing_per_token_ms/gen:0.291004740664023 - timing_per_token_ms/adv:7.018038438943934e-06 - timing_per_token_ms/update_actor:0.02315799268828734 - perf/total_num_tokens:2150796 - perf/time_per_step:97.50565147900488 - perf/throughput:2757.2709470885306[36m(TaskRunner pid=664535)[0m Training Progress:  13%|█▎        | 10/75 [18:07<1:50:33, 102.05s/it]
[36m(WorkerDict pid=674904)[0m INFO:2026-07-11 07:42:48,701:update_weights done, time cost: 3.23s
[36m(TaskRunner pid=664535)[0m Training Progress:  15%|█▍        | 11/75 [19:53<1:50:00, 103.13s/it]
[36m(WorkerDict pid=674904)[0m INFO:2026-07-11 07:44:34,906:update_weights done, time cost: 3.19s
[36m(TaskRunner pid=664535)[0m Training Progress:  16%|█▌        | 12/75 [21:39<1:49:16, 104.07s/it]
[36m(WorkerDict pid=674904)[0m INFO:2026-07-11 07:46:18,505:update_weights done, time cost: 3.45s

[36m(TaskRunner pid=664535)[0m step:11 - global_seqlen/min:174732 - global_seqlen/max:385573 - global_seqlen/minmax_diff:210841 - global_seqlen/balanced_min:303941 - global_seqlen/balanced_max:303941 - global_seqlen/mean:303941.0 - actor/entropy:0.274592787027359 - perf/mfu/actor_infer:0.3704895896874711 - actor/pg_clipfrac:0.0 - actor/ppo_kl:0.0 - actor/pg_clipfrac_lower:0.0 - actor/pg_loss:-0.0035482806124491617 - actor/kl_loss:0.002507710061848467 - actor/kl_coef:0.05000000000000001 - actor/loss:-0.003422892652451992 - actor/grad_norm:1.52634596824646 - actor/lr:5e-07 - perf/mfu/actor:0.2810866936711579 - training/global_step:11 - training/epoch:0 - critic/score/mean:0.14925837516784668 - critic/score/max:0.7684859037399292 - critic/score/min:0.0 - critic/rewards/mean:0.14925837516784668 - critic/rewards/max:0.7684859037399292 - critic/rewards/min:0.0 - critic/advantages/mean:0.0035482817329466343 - critic/advantages/max:3.7499794960021973 - critic/advantages/min:-1.4361257553100586 - critic/returns/mean:0.0035482817329466343 - critic/returns/max:3.7499794960021973 - critic/returns/min:-1.4361257553100586 - response_length/mean:11.5546875 - response_length/max:17.0 - response_length/min:9.0 - response_length/clip_ratio:0.0 - response_length_non_aborted/mean:11.5546875 - response_length_non_aborted/max:17.0 - response_length_non_aborted/min:9.0 - response_length_non_aborted/clip_ratio:0.0 - response/aborted_ratio:0.0 - prompt_length/mean:2362.984375 - prompt_length/max:7585.0 - prompt_length/min:556.0 - prompt_length/clip_ratio:0.0 - num_turns/min:2 - num_turns/max:2 - num_turns/mean:2.0 - timing_s/start_profile:6.0413003666326404e-05 - timing_s/agent_loop/num_preempted/min:-1 - timing_s/agent_loop/num_preempted/max:-1 - timing_s/agent_loop/num_preempted/mean:-1.0 - timing_s/agent_loop/generate_sequences/min:0.8094421790010529 - timing_s/agent_loop/generate_sequences/max:2.382281817001058 - timing_s/agent_loop/generate_sequences/mean:1.6721061451357784 - timing_s/agent_loop/tool_calls/min:0.0 - timing_s/agent_loop/tool_calls/max:0.0 - timing_s/agent_loop/tool_calls/mean:0.0 - timing_s/agent_loop/compute_score/min:0.0033407730006729253 - timing_s/agent_loop/compute_score/max:0.6960880330007058 - timing_s/agent_loop/compute_score/mean:0.1633883956679938 - timing_s/agent_loop/slowest/generate_sequences:1.9612175340007525 - timing_s/agent_loop/slowest/tool_calls:0.0 - timing_s/agent_loop/slowest/compute_score:0.47710656200069934 - timing_s/agent_loop/slowest/num_preempted:-1 - timing_s/agent_loop/slowest/prompt_length:6538 - timing_s/agent_loop/slowest/response_length:9 - timing_s/gen:3.6713573769957293 - timing_s/reward:2.4831002519931644e-05 - timing_s/old_log_prob:15.240971298000659 - timing_s/ref:26.007260145001055 - timing_s/adv:0.014576354995369911 - timing_s/update_actor:54.94022693300212 - timing_s/update_weights:5.4695327619992895 - timing_s/step:105.52793168600328 - timing_s/stop_profile:3.871200169669464e-05 - timing_per_token_ms/ref:0.01069585057009463 - timing_per_token_ms/gen:0.31029051529713736 - timing_per_token_ms/adv:5.994730472102279e-06 - timing_per_token_ms/update_actor:0.022594939039567764 - perf/total_num_tokens:2431528 - perf/time_per_step:105.52793168600328 - perf/throughput:2880.194799082879
[36m(TaskRunner pid=664535)[0m step:12 - global_seqlen/min:202556 - global_seqlen/max:445751 - global_seqlen/minmax_diff:243195 - global_seqlen/balanced_min:315138 - global_seqlen/balanced_max:315139 - global_seqlen/mean:315138.125 - actor/entropy:0.2465067058801651 - perf/mfu/actor_infer:0.3739666930538213 - actor/pg_clipfrac:0.0 - actor/ppo_kl:0.0 - actor/pg_clipfrac_lower:0.0 - actor/pg_loss:-0.012001781024082447 - actor/kl_loss:0.0045941459766083576 - actor/kl_coef:0.05000000000000001 - actor/loss:-0.011772076599299908 - actor/grad_norm:1.9063591957092285 - actor/lr:5e-07 - perf/mfu/actor:0.28569408230365 - training/global_step:12 - training/epoch:0 - critic/score/mean:0.1700429916381836 - critic/score/max:0.767307698726654 - critic/score/min:0.0 - critic/rewards/mean:0.1700429916381836 - critic/rewards/max:0.767307698726654 - critic/rewards/min:0.0 - critic/advantages/mean:0.012001780793070793 - critic/advantages/max:3.7499802112579346 - critic/advantages/min:-1.677032232284546 - critic/returns/mean:0.012001780793070793 - critic/returns/max:3.7499802112579346 - critic/returns/min:-1.677032232284546 - response_length/mean:11.2353515625 - response_length/max:17.0 - response_length/min:9.0 - response_length/clip_ratio:0.0 - response_length_non_aborted/mean:11.2353515625 - response_length_non_aborted/max:17.0 - response_length_non_aborted/min:9.0 - response_length_non_aborted/clip_ratio:0.0 - response/aborted_ratio:0.0 - prompt_length/mean:2450.78125 - prompt_length/max:7097.0 - prompt_length/min:557.0 - prompt_length/clip_ratio:0.0 - num_turns/min:2 - num_turns/max:2 - num_turns/mean:2.0 - timing_s/start_profile:4.108199937036261e-05 - timing_s/agent_loop/num_preempted/min:-1 - timing_s/agent_loop/num_preempted/max:-1 - timing_s/agent_loop/num_preempted/mean:-1.0 - timing_s/agent_loop/generate_sequences/min:0.8003402769973036 - timing_s/agent_loop/generate_sequences/max:2.3764579059934476 - timing_s/agent_loop/generate_sequences/mean:1.6601720353711613 - timing_s/agent_loop/tool_calls/min:0.0 - timing_s/agent_loop/tool_calls/max:0.0 - timing_s/agent_loop/tool_calls/mean:0.0 - timing_s/agent_loop/compute_score/min:0.0036439079995034263 - timing_s/agent_loop/compute_score/max:0.6902326179988449 - timing_s/agent_loop/compute_score/mean:0.16767537835934831 - timing_s/agent_loop/slowest/generate_sequences:1.9532765839976491 - timing_s/agent_loop/slowest/tool_calls:0.0 - timing_s/agent_loop/slowest/compute_score:0.47791485500056297 - timing_s/agent_loop/slowest/num_preempted:-1 - timing_s/agent_loop/slowest/prompt_length:656 - timing_s/agent_loop/slowest/response_length:15 - timing_s/gen:3.6478347510055755 - timing_s/reward:2.5941000785678625e-05 - timing_s/old_log_prob:15.29695974200149 - timing_s/ref:26.33517408699845 - timing_s/adv:0.015522072004387155 - timing_s/update_actor:55.39520709899807 - timing_s/update_weights:5.400399192003533 - timing_s/step:106.21147452700097 - timing_s/stop_profile:3.7802004953846335e-05 - timing_per_token_ms/ref:0.010445885469664472 - timing_per_token_ms/gen:0.3170651674059605 - timing_per_token_ms/adv:6.156852651669468e-06 - timing_per_token_ms/update_actor:0.02197259023285348 - perf/total_num_tokens:2521105 - perf/time_per_step:106.21147452700097 - perf/throughput:2967.081724488119
[36m(TaskRunner pid=664535)[0m step:13 - global_seqlen/min:194155 - global_seqlen/max:426951 - global_seqlen/minmax_diff:232796 - global_seqlen/balanced_min:294779 - global_seqlen/balanced_max:294780 - global_seqlen/mean:294779.125 - actor/entropy:0.2687556743621826 - perf/mfu/actor_infer:0.3659567585121882 - actor/pg_clipfrac:0.0 - actor/ppo_kl:0.0 - actor/pg_clipfrac_lower:0.0 - actor/pg_loss:0.0030985825615061913 - actor/kl_loss:0.004603951695544634 - actor/kl_coef:0.05000000000000001 - actor/loss:0.0033287822734564543 - actor/grad_norm:1.2746154069900513 - actor/lr:5e-07 - perf/mfu/actor:0.27808169251273546 - training/global_step:13 - training/epoch:0 - critic/score/mean:0.1597280502319336 - critic/score/max:0.7844594717025757 - critic/score/min:0.0 - critic/rewards/mean:0.1597280502319336 - critic/rewards/max:0.7844594717025757 - critic/rewards/min:0.0 - critic/advantages/mean:-0.0030985793564468622 - critic/advantages/max:3.7499802112579346 - critic/advantages/min:-1.677032232284546 - critic/returns/mean:-0.0030985793564468622 - critic/returns/max:3.7499802112579346 - critic/returns/min:-1.677032232284546 - response_length/mean:11.4775390625 - response_length/max:20.0 - response_length/min:9.0 - response_length/clip_ratio:0.0 - response_length_non_aborted/mean:11.4775390625 - response_length_non_aborted/max:20.0 - response_length_non_aborted/min:9.0 - response_length_non_aborted/clip_ratio:0.0 - response/aborted_ratio:0.0 - prompt_length/mean:2291.484375 - prompt_length/max:7886.0 - prompt_length/min:557.0 - prompt_length/clip_ratio:0.0 - num_turns/min:2 - num_turns/max:2 - num_turns/mean:2.0 - timing_s/start_profile:4.445199738256633e-05 - timing_s/agent_loop/num_preempted/min:-1 - timing_s/agent_loop/num_preempted/max:-1 - timing_s/agent_loop/num_preempted/mean:-1.0 - timing_s/agent_loop/generate_sequences/min:0.8490438779990654 - timing_s/agent_loop/generate_sequences/max:2.326124190003611 - timing_s/agent_loop/generate_sequences/mean:1.674796093208883 - timing_s/agent_loop/tool_calls/min:0.0 - timing_s/agent_loop/tool_calls/max:0.0 - timing_s/agent_loop/tool_calls/mean:0.0 - timing_s/agent_loop/compute_score/min:0.003682080001453869 - timing_s/agent_loop/compute_score/max:0.7316986260047997 - timing_s/agent_loop/compute_score/mean:0.20313209556335465 - timing_s/agent_loop/slowest/generate_sequences:1.7016180689970497 - timing_s/agent_loop/slowest/tool_calls:0.0 - timing_s/agent_loop/slowest/compute_score:0.6820744729993748 - timing_s/agent_loop/slowest/num_preempted:-1 - timing_s/agent_loop/slowest/prompt_length:5688 - timing_s/agent_loop/slowest/response_length:9 - timing_s/gen:3.6266068469994934 - timing_s/reward:3.271199966548011e-05 - timing_s/old_log_prob:14.972374922996096 - timing_s/ref:25.854047902001184 - timing_s/adv:0.014292370004113764 - timing_s/update_actor:53.75478851599473 - timing_s/update_weights:5.2336170530034 - timing_s/step:103.60613168399868 - timing_s/stop_profile:3.670199657790363e-05 - timing_per_token_ms/ref:0.010963313591999257 - timing_per_token_ms/gen:0.3085686077596778 - timing_per_token_ms/adv:6.060626750670423e-06 - timing_per_token_ms/update_actor:0.0227945196746864 - perf/total_num_tokens:2358233 - perf/time_per_step:103.60613168399868 - perf/throughput:2845.189953612821[36m(TaskRunner pid=664535)[0m Training Progress:  17%|█▋        | 13/75 [23:22<1:47:24, 103.94s/it]
[36m(WorkerDict pid=674904)[0m INFO:2026-07-11 07:48:08,455:update_weights done, time cost: 3.31s
[36m(TaskRunner pid=664535)[0m Training Progress:  19%|█▊        | 14/75 [25:12<1:47:31, 105.76s/it]
[36m(WorkerDict pid=674905)[0m INFO:2026-07-11 07:49:53,536:[Rank 1] Saved model to /workspace/verl-x/budget-rl-training-repro/outputs/rl_pct30e5_kl005_central_lam05_seed42/global_step_15/actor/model_world_size_8_rank_1.pt
[36m(WorkerDict pid=674905)[0m INFO:2026-07-11 07:50:01,744:[Rank 1] Saved optim to /workspace/verl-x/budget-rl-training-repro/outputs/rl_pct30e5_kl005_central_lam05_seed42/global_step_15/actor/optim_world_size_8_rank_1.pt
[36m(WorkerDict pid=674905)[0m INFO:2026-07-11 07:50:01,745:[Rank 1] Saved extra_state to /workspace/verl-x/budget-rl-training-repro/outputs/rl_pct30e5_kl005_central_lam05_seed42/global_step_15/actor/extra_state_world_size_8_rank_1.pt
[36m(WorkerDict pid=674910)[0m INFO:2026-07-11 07:49:53,621:[Rank 6] Saved model to /workspace/verl-x/budget-rl-training-repro/outputs/rl_pct30e5_kl005_central_lam05_seed42/global_step_15/actor/model_world_size_8_rank_6.pt[32m [repeated 7x across cluster][0m
[36m(WorkerDict pid=674904)[0m INFO:2026-07-11 07:50:01,910:[Rank 0] Saved model config and tokenizer class to /workspace/verl-x/budget-rl-training-repro/outputs/rl_pct30e5_kl005_central_lam05_seed42/global_step_15/actor/huggingface
[36m(WorkerDict pid=674904)[0m INFO:2026-07-11 07:50:05,966:update_weights done, time cost: 3.44s
[36m(TaskRunner pid=664535)[0m Training Progress:  20%|██        | 15/75 [27:10<1:49:17, 109.30s/it]
[36m(WorkerDict pid=674909)[0m INFO:2026-07-11 07:50:01,857:[Rank 5] Saved optim to /workspace/verl-x/budget-rl-training-repro/outputs/rl_pct30e5_kl005_central_lam05_seed42/global_step_15/actor/optim_world_size_8_rank_5.pt[32m [repeated 7x across cluster][0m
[36m(WorkerDict pid=674909)[0m INFO:2026-07-11 07:50:01,859:[Rank 5] Saved extra_state to /workspace/verl-x/budget-rl-training-repro/outputs/rl_pct30e5_kl005_central_lam05_seed42/global_step_15/actor/extra_state_world_size_8_rank_5.pt[32m [repeated 7x across cluster][0m
[36m(WorkerDict pid=674904)[0m INFO:2026-07-11 07:51:48,703:update_weights done, time cost: 3.31s

[36m(TaskRunner pid=664535)[0m step:14 - global_seqlen/min:172434 - global_seqlen/max:463441 - global_seqlen/minmax_diff:291007 - global_seqlen/balanced_min:331618 - global_seqlen/balanced_max:331619 - global_seqlen/mean:331618.25 - actor/entropy:0.23264482617378235 - perf/mfu/actor_infer:0.3793867757379727 - actor/pg_clipfrac:0.0 - actor/ppo_kl:0.0 - actor/pg_clipfrac_lower:0.0 - actor/pg_loss:-0.0004537429485935718 - actor/kl_loss:0.005185653395194098 - actor/kl_coef:0.05000000000000001 - actor/loss:-0.00019445549696683884 - actor/grad_norm:1.0954819917678833 - actor/lr:5e-07 - perf/mfu/actor:0.2885515276884772 - training/global_step:14 - training/epoch:0 - critic/score/mean:0.1495634764432907 - critic/score/max:0.7671335935592651 - critic/score/min:0.0 - critic/rewards/mean:0.1495634764432907 - critic/rewards/max:0.7671335935592651 - critic/rewards/min:0.0 - critic/advantages/mean:0.00045374457840807736 - critic/advantages/max:3.7499802112579346 - critic/advantages/min:-3.749925374984741 - critic/returns/mean:0.00045374457840807736 - critic/returns/max:3.7499802112579346 - critic/returns/min:-3.749925374984741 - response_length/mean:11.142578125 - response_length/max:17.0 - response_length/min:9.0 - response_length/clip_ratio:0.0 - response_length_non_aborted/mean:11.142578125 - response_length_non_aborted/max:17.0 - response_length_non_aborted/min:9.0 - response_length_non_aborted/clip_ratio:0.0 - response/aborted_ratio:0.0 - prompt_length/mean:2579.625 - prompt_length/max:8156.0 - prompt_length/min:558.0 - prompt_length/clip_ratio:0.0 - num_turns/min:2 - num_turns/max:2 - num_turns/mean:2.0 - timing_s/start_profile:4.170200554654002e-05 - timing_s/agent_loop/num_preempted/min:-1 - timing_s/agent_loop/num_preempted/max:-1 - timing_s/agent_loop/num_preempted/mean:-1.0 - timing_s/agent_loop/generate_sequences/min:0.7422044979975908 - timing_s/agent_loop/generate_sequences/max:2.39439788099844 - timing_s/agent_loop/generate_sequences/mean:1.6596268724121757 - timing_s/agent_loop/tool_calls/min:0.0 - timing_s/agent_loop/tool_calls/max:0.0 - timing_s/agent_loop/tool_calls/mean:0.0 - timing_s/agent_loop/compute_score/min:0.003737572995305527 - timing_s/agent_loop/compute_score/max:0.67834091399709 - timing_s/agent_loop/compute_score/mean:0.18065465668855296 - timing_s/agent_loop/slowest/generate_sequences:2.2676717020003707 - timing_s/agent_loop/slowest/tool_calls:0.0 - timing_s/agent_loop/slowest/compute_score:0.2037006949976785 - timing_s/agent_loop/slowest/num_preempted:-1 - timing_s/agent_loop/slowest/prompt_length:667 - timing_s/agent_loop/slowest/response_length:15 - timing_s/gen:3.8087181680020876 - timing_s/reward:2.5380999431945384e-05 - timing_s/old_log_prob:15.836870437997277 - timing_s/ref:26.791340869000123 - timing_s/adv:0.0153209389973199 - timing_s/update_actor:58.02086857199902 - timing_s/update_weights:5.222127292996447 - timing_s/step:109.94890397799463 - timing_s/stop_profile:4.445199738256633e-05 - timing_per_token_ms/ref:0.010098713230122333 - timing_per_token_ms/gen:0.3338052732692452 - timing_per_token_ms/adv:5.775066283791641e-06 - timing_per_token_ms/update_actor:0.02187035415421159 - perf/total_num_tokens:2652946 - perf/time_per_step:109.94890397799463 - perf/throughput:3016.1123758575227
[36m(TaskRunner pid=664535)[0m local_global_step_folder: /workspace/verl-x/budget-rl-training-repro/outputs/rl_pct30e5_kl005_central_lam05_seed42/global_step_15
[36m(TaskRunner pid=664535)[0m step:15 - global_seqlen/min:141855 - global_seqlen/max:521895 - global_seqlen/minmax_diff:380040 - global_seqlen/balanced_min:295846 - global_seqlen/balanced_max:295847 - global_seqlen/mean:295846.25 - actor/entropy:0.2606942057609558 - perf/mfu/actor_infer:0.3659988898970375 - actor/pg_clipfrac:0.0 - actor/ppo_kl:0.0 - actor/pg_clipfrac_lower:0.0 - actor/pg_loss:0.0026078651781062945 - actor/kl_loss:0.006491913304284502 - actor/kl_coef:0.05000000000000001 - actor/loss:0.002932462841272354 - actor/grad_norm:1.2793852090835571 - actor/lr:5e-07 - perf/mfu/actor:0.27731158559225816 - training/global_step:15 - training/epoch:0 - critic/score/mean:0.16029240190982819 - critic/score/max:0.7721590995788574 - critic/score/min:0.0 - critic/rewards/mean:0.16029240190982819 - critic/rewards/max:0.7721590995788574 - critic/rewards/min:0.0 - critic/advantages/mean:-0.002607861068099737 - critic/advantages/max:3.7499802112579346 - critic/advantages/min:-3.749925374984741 - critic/returns/mean:-0.002607861068099737 - critic/returns/max:3.7499802112579346 - critic/returns/min:-3.749925374984741 - response_length/mean:11.564453125 - response_length/max:17.0 - response_length/min:9.0 - response_length/clip_ratio:0.0 - response_length_non_aborted/mean:11.564453125 - response_length_non_aborted/max:17.0 - response_length_non_aborted/min:9.0 - response_length_non_aborted/clip_ratio:0.0 - response/aborted_ratio:0.0 - prompt_length/mean:2299.734375 - prompt_length/max:8034.0 - prompt_length/min:556.0 - prompt_length/clip_ratio:0.0 - num_turns/min:2 - num_turns/max:2 - num_turns/mean:2.0 - timing_s/start_profile:3.931199898943305e-05 - timing_s/agent_loop/num_preempted/min:-1 - timing_s/agent_loop/num_preempted/max:-1 - timing_s/agent_loop/num_preempted/mean:-1.0 - timing_s/agent_loop/generate_sequences/min:0.796990424998512 - timing_s/agent_loop/generate_sequences/max:2.5240166739968117 - timing_s/agent_loop/generate_sequences/mean:1.549735894660074 - timing_s/agent_loop/tool_calls/min:0.0 - timing_s/agent_loop/tool_calls/max:0.0 - timing_s/agent_loop/tool_calls/mean:0.0 - timing_s/agent_loop/compute_score/min:0.0036662889979197644 - timing_s/agent_loop/compute_score/max:1.3841661199985538 - timing_s/agent_loop/compute_score/mean:0.23977291213860497 - timing_s/agent_loop/slowest/generate_sequences:1.6825745450041723 - timing_s/agent_loop/slowest/tool_calls:0.0 - timing_s/agent_loop/slowest/compute_score:0.8715969159966335 - timing_s/agent_loop/slowest/num_preempted:-1 - timing_s/agent_loop/slowest/prompt_length:707 - timing_s/agent_loop/slowest/response_length:15 - timing_s/gen:3.8567718980048085 - timing_s/reward:2.966199826914817e-05 - timing_s/old_log_prob:15.031680602995038 - timing_s/ref:25.91242179300025 - timing_s/adv:0.015475644002435729 - timing_s/update_actor:54.08937129400147 - timing_s/save_checkpoint:13.468872964003822 - timing_s/update_weights:4.871400348994939 - timing_s/step:117.46550211800059 - timing_s/stop_profile:3.851099609164521e-05 - timing_per_token_ms/ref:0.010948432586605479 - timing_per_token_ms/gen:0.3256858552613417 - timing_per_token_ms/adv:6.538719014706004e-06 - timing_per_token_ms/update_actor:0.02285366609091778 - perf/total_num_tokens:2366770 - perf/time_per_step:117.46550211800059 - perf/throughput:2518.579878054802
[36m(TaskRunner pid=664535)[0m step:16 - global_seqlen/min:201244 - global_seqlen/max:390967 - global_seqlen/minmax_diff:189723 - global_seqlen/balanced_min:278793 - global_seqlen/balanced_max:278794 - global_seqlen/mean:278793.75 - actor/entropy:0.287601113319397 - perf/mfu/actor_infer:0.3584858476576431 - actor/pg_clipfrac:0.0 - actor/ppo_kl:0.0 - actor/pg_clipfrac_lower:0.0 - actor/pg_loss:-0.006823075171269011 - actor/kl_loss:0.00977058415750709 - actor/kl_coef:0.05000000000000001 - actor/loss:-0.0063345469534397125 - actor/grad_norm:1.3793022632598877 - actor/lr:5e-07 - perf/mfu/actor:0.2719763821161712 - training/global_step:16 - training/epoch:1 - critic/score/mean:0.14856576919555664 - critic/score/max:0.7759135961532593 - critic/score/min:0.0 - critic/rewards/mean:0.14856576919555664 - critic/rewards/max:0.7759135961532593 - critic/rewards/min:0.0 - critic/advantages/mean:0.006823074538260698 - critic/advantages/max:3.749980926513672 - critic/advantages/min:-1.2499874830245972 - critic/returns/mean:0.006823074538260698 - critic/returns/max:3.749980926513672 - critic/returns/min:-1.2499874830245972 - response_length/mean:11.763671875 - response_length/max:17.0 - response_length/min:9.0 - response_length/clip_ratio:0.0 - response_length_non_aborted/mean:11.763671875 - response_length_non_aborted/max:17.0 - response_length_non_aborted/min:9.0 - response_length_non_aborted/clip_ratio:0.0 - response/aborted_ratio:0.0 - prompt_length/mean:2166.3125 - prompt_length/max:8034.0 - prompt_length/min:556.0 - prompt_length/clip_ratio:0.0 - num_turns/min:2 - num_turns/max:2 - num_turns/mean:2.0 - timing_s/start_profile:0.00031285500153899193 - timing_s/agent_loop/num_preempted/min:-1 - timing_s/agent_loop/num_preempted/max:-1 - timing_s/agent_loop/num_preempted/mean:-1.0 - timing_s/agent_loop/generate_sequences/min:0.8209134709977661 - timing_s/agent_loop/generate_sequences/max:2.36467932099913 - timing_s/agent_loop/generate_sequences/mean:1.555076306498968 - timing_s/agent_loop/tool_calls/min:0.0 - timing_s/agent_loop/tool_calls/max:0.0 - timing_s/agent_loop/tool_calls/mean:0.0 - timing_s/agent_loop/compute_score/min:0.0034598080019350164 - timing_s/agent_loop/compute_score/max:0.8367144769945298 - timing_s/agent_loop/compute_score/mean:0.24789264522367915 - timing_s/agent_loop/slowest/generate_sequences:2.24904491599591 - timing_s/agent_loop/slowest/tool_calls:0.0 - timing_s/agent_loop/slowest/compute_score:0.16593572700367076 - timing_s/agent_loop/slowest/num_preempted:-1 - timing_s/agent_loop/slowest/prompt_length:559 - timing_s/agent_loop/slowest/response_length:16 - timing_s/gen:3.7943466500000795 - timing_s/reward:4.319200525060296e-05 - timing_s/old_log_prob:14.379359432998172 - timing_s/ref:26.296463204998872 - timing_s/adv:0.015319549995183479 - timing_s/update_actor:51.58296390900068 - timing_s/update_weights:5.530540793995897 - timing_s/step:101.86607971000194 - timing_s/stop_profile:4.896299651591107e-05 - timing_per_token_ms/ref:0.011790285473131514 - timing_per_token_ms/gen:0.3149880997841673 - timing_per_token_ms/adv:6.8686753178575016e-06 - timing_per_token_ms/update_actor:0.023127744035241413 - perf/total_num_tokens:2230350 - perf/time_per_step:101.86607971000194 - perf/throughput:2736.865409895872[36m(TaskRunner pid=664535)[0m Training Progress:  21%|██▏       | 16/75 [28:53<1:45:31, 107.32s/it]
[36m(WorkerDict pid=674904)[0m INFO:2026-07-11 07:53:24,606:update_weights done, time cost: 3.05s
[36m(TaskRunner pid=664535)[0m Training Progress:  23%|██▎       | 17/75 [30:28<1:40:25, 103.88s/it]
[36m(WorkerDict pid=674904)[0m INFO:2026-07-11 07:55:01,910:update_weights done, time cost: 3.32s
[36m(TaskRunner pid=664535)[0m Training Progress:  24%|██▍       | 18/75 [32:06<1:36:48, 101.91s/it]
[36m(WorkerDict pid=674904)[0m INFO:2026-07-11 07:56:45,326:update_weights done, time cost: 3.28s

[36m(TaskRunner pid=664535)[0m step:17 - global_seqlen/min:192612 - global_seqlen/max:342507 - global_seqlen/minmax_diff:149895 - global_seqlen/balanced_min:256596 - global_seqlen/balanced_max:256597 - global_seqlen/mean:256596.625 - actor/entropy:0.27454525232315063 - perf/mfu/actor_infer:0.35243362963289626 - actor/pg_clipfrac:0.0 - actor/ppo_kl:0.0 - actor/pg_clipfrac_lower:0.0 - actor/pg_loss:-0.00040670788439456373 - actor/kl_loss:0.007803311810383093 - actor/kl_coef:0.05000000000000001 - actor/loss:-1.6543548554182053e-05 - actor/grad_norm:0.9803457856178284 - actor/lr:5e-07 - perf/mfu/actor:0.26591104682260186 - training/global_step:17 - training/epoch:1 - critic/score/mean:0.13923445343971252 - critic/score/max:0.7754999995231628 - critic/score/min:0.0 - critic/rewards/mean:0.13923445343971252 - critic/rewards/max:0.7754999995231628 - critic/rewards/min:0.0 - critic/advantages/mean:0.0004067090922035277 - critic/advantages/max:3.7499799728393555 - critic/advantages/min:-1.4361257553100586 - critic/returns/mean:0.0004067090922035277 - critic/returns/max:3.7499799728393555 - critic/returns/min:-1.4361257553100586 - response_length/mean:11.6923828125 - response_length/max:17.0 - response_length/min:9.0 - response_length/clip_ratio:0.0 - response_length_non_aborted/mean:11.6923828125 - response_length_non_aborted/max:17.0 - response_length_non_aborted/min:9.0 - response_length_non_aborted/clip_ratio:0.0 - response/aborted_ratio:0.0 - prompt_length/mean:1992.96875 - prompt_length/max:6786.0 - prompt_length/min:557.0 - prompt_length/clip_ratio:0.0 - num_turns/min:2 - num_turns/max:2 - num_turns/mean:2.0 - timing_s/start_profile:6.121300248196349e-05 - timing_s/agent_loop/num_preempted/min:-1 - timing_s/agent_loop/num_preempted/max:-1 - timing_s/agent_loop/num_preempted/mean:-1.0 - timing_s/agent_loop/generate_sequences/min:0.744469064004079 - timing_s/agent_loop/generate_sequences/max:2.126317788999586 - timing_s/agent_loop/generate_sequences/mean:1.52512838725211 - timing_s/agent_loop/tool_calls/min:0.0 - timing_s/agent_loop/tool_calls/max:0.0 - timing_s/agent_loop/tool_calls/mean:0.0 - timing_s/agent_loop/compute_score/min:0.0034606690023792908 - timing_s/agent_loop/compute_score/max:0.8052912109997123 - timing_s/agent_loop/compute_score/mean:0.22987654538668778 - timing_s/agent_loop/slowest/generate_sequences:1.6280928699998185 - timing_s/agent_loop/slowest/tool_calls:0.0 - timing_s/agent_loop/slowest/compute_score:0.5380349590050173 - timing_s/agent_loop/slowest/num_preempted:-1 - timing_s/agent_loop/slowest/prompt_length:642 - timing_s/agent_loop/slowest/response_length:15 - timing_s/gen:3.599997040000744 - timing_s/reward:2.6581001293379813e-05 - timing_s/old_log_prob:13.471140909998212 - timing_s/ref:25.002152474997274 - timing_s/adv:0.014847035999991931 - timing_s/update_actor:48.65568817700114 - timing_s/update_weights:4.849369773000944 - timing_s/step:95.83724151899514 - timing_s/stop_profile:3.694200131576508e-05 - timing_per_token_ms/ref:0.012179696671281858 - timing_per_token_ms/gen:0.3006762749520374 - timing_per_token_ms/adv:7.23267307198211e-06 - timing_per_token_ms/update_actor:0.02370242017846159 - perf/total_num_tokens:2052773 - perf/time_per_step:95.83724151899514 - perf/throughput:2677.420811920406
[36m(TaskRunner pid=664535)[0m step:18 - global_seqlen/min:110021 - global_seqlen/max:418505 - global_seqlen/minmax_diff:308484 - global_seqlen/balanced_min:267670 - global_seqlen/balanced_max:267671 - global_seqlen/mean:267670.875 - actor/entropy:0.26560792326927185 - perf/mfu/actor_infer:0.3561225041987151 - actor/pg_clipfrac:0.0 - actor/ppo_kl:0.0 - actor/pg_clipfrac_lower:0.0 - actor/pg_loss:0.016609635847999016 - actor/kl_loss:0.007179393126088812 - actor/kl_coef:0.05000000000000001 - actor/loss:0.016968604177236557 - actor/grad_norm:1.4353162050247192 - actor/lr:5e-07 - perf/mfu/actor:0.270073649554716 - training/global_step:18 - training/epoch:1 - critic/score/mean:0.15631090104579926 - critic/score/max:0.7819811105728149 - critic/score/min:0.0 - critic/rewards/mean:0.15631090104579926 - critic/rewards/max:0.7819811105728149 - critic/rewards/min:0.0 - critic/advantages/mean:-0.016609635204076767 - critic/advantages/max:3.7499804496765137 - critic/advantages/min:-2.0155396461486816 - critic/returns/mean:-0.016609635204076767 - critic/returns/max:3.7499804496765137 - critic/returns/min:-2.0155396461486816 - response_length/mean:11.5537109375 - response_length/max:19.0 - response_length/min:9.0 - response_length/clip_ratio:0.0 - response_length_non_aborted/mean:11.5537109375 - response_length_non_aborted/max:19.0 - response_length_non_aborted/min:9.0 - response_length_non_aborted/clip_ratio:0.0 - response/aborted_ratio:0.0 - prompt_length/mean:2079.625 - prompt_length/max:6575.0 - prompt_length/min:556.0 - prompt_length/clip_ratio:0.0 - num_turns/min:2 - num_turns/max:2 - num_turns/mean:2.0 - timing_s/start_profile:4.1562001570127904e-05 - timing_s/agent_loop/num_preempted/min:-1 - timing_s/agent_loop/num_preempted/max:-1 - timing_s/agent_loop/num_preempted/mean:-1.0 - timing_s/agent_loop/generate_sequences/min:0.7465128219992039 - timing_s/agent_loop/generate_sequences/max:2.1664421540044714 - timing_s/agent_loop/generate_sequences/mean:1.574737905020335 - timing_s/agent_loop/tool_calls/min:0.0 - timing_s/agent_loop/tool_calls/max:0.0 - timing_s/agent_loop/tool_calls/mean:0.0 - timing_s/agent_loop/compute_score/min:0.003517741999530699 - timing_s/agent_loop/compute_score/max:0.6341762650044984 - timing_s/agent_loop/compute_score/mean:0.19872559866896466 - timing_s/agent_loop/slowest/generate_sequences:1.9868015879983432 - timing_s/agent_loop/slowest/tool_calls:0.0 - timing_s/agent_loop/slowest/compute_score:0.20800633600447327 - timing_s/agent_loop/slowest/num_preempted:-1 - timing_s/agent_loop/slowest/prompt_length:563 - timing_s/agent_loop/slowest/response_length:16 - timing_s/gen:3.4422374369969475 - timing_s/reward:2.734100417001173e-05 - timing_s/old_log_prob:13.474531703002867 - timing_s/ref:25.437044603997492 - timing_s/adv:0.014432426003622822 - timing_s/update_actor:49.50978376900457 - timing_s/update_weights:5.141624910000246 - timing_s/step:97.26475736800057 - timing_s/stop_profile:3.819200355792418e-05 - timing_per_token_ms/ref:0.011878881389316961 - timing_per_token_ms/gen:0.29095067509060496 - timing_per_token_ms/adv:6.739819005160172e-06 - timing_per_token_ms/update_actor:0.023120643854605293 - perf/total_num_tokens:2141367 - perf/time_per_step:97.26475736800057 - perf/throughput:2751.9821386822464
[36m(TaskRunner pid=664535)[0m step:19 - global_seqlen/min:80981 - global_seqlen/max:466872 - global_seqlen/minmax_diff:385891 - global_seqlen/balanced_min:295737 - global_seqlen/balanced_max:295737 - global_seqlen/mean:295737.0 - actor/entropy:0.2622871696949005 - perf/mfu/actor_infer:0.3675175669986029 - actor/pg_clipfrac:0.0 - actor/ppo_kl:0.0 - actor/pg_clipfrac_lower:0.0 - actor/pg_loss:0.00025204736812156625 - actor/kl_loss:0.008471737928548564 - actor/kl_coef:0.05000000000000001 - actor/loss:0.0006756400689482689 - actor/grad_norm:1.6498695611953735 - actor/lr:5e-07 - perf/mfu/actor:0.278554215643292 - training/global_step:19 - training/epoch:1 - critic/score/mean:0.17958340048789978 - critic/score/max:0.7875000238418579 - critic/score/min:0.0 - critic/rewards/mean:0.17958340048789978 - critic/rewards/max:0.7875000238418579 - critic/rewards/min:0.0 - critic/advantages/mean:-0.00025204845587722957 - critic/advantages/max:3.749925136566162 - critic/advantages/min:-3.749925374984741 - critic/returns/mean:-0.00025204845587722957 - critic/returns/max:3.749925136566162 - critic/returns/min:-3.749925374984741 - response_length/mean:11.5703125 - response_length/max:17.0 - response_length/min:9.0 - response_length/clip_ratio:0.0 - response_length_non_aborted/mean:11.5703125 - response_length_non_aborted/max:17.0 - response_length_non_aborted/min:9.0 - response_length_non_aborted/clip_ratio:0.0 - response/aborted_ratio:0.0 - prompt_length/mean:2298.875 - prompt_length/max:7581.0 - prompt_length/min:556.0 - prompt_length/clip_ratio:0.0 - num_turns/min:2 - num_turns/max:2 - num_turns/mean:2.0 - timing_s/start_profile:3.9482001739088446e-05 - timing_s/agent_loop/num_preempted/min:-1 - timing_s/agent_loop/num_preempted/max:-1 - timing_s/agent_loop/num_preempted/mean:-1.0 - timing_s/agent_loop/generate_sequences/min:0.7467732630029786 - timing_s/agent_loop/generate_sequences/max:2.252783686002658 - timing_s/agent_loop/generate_sequences/mean:1.6399118081787023 - timing_s/agent_loop/tool_calls/min:0.0 - timing_s/agent_loop/tool_calls/max:0.0 - timing_s/agent_loop/tool_calls/mean:0.0 - timing_s/agent_loop/compute_score/min:0.0037092920028953813 - timing_s/agent_loop/compute_score/max:0.557264770999609 - timing_s/agent_loop/compute_score/mean:0.1597954164374542 - timing_s/agent_loop/slowest/generate_sequences:1.845582050998928 - timing_s/agent_loop/slowest/tool_calls:0.0 - timing_s/agent_loop/slowest/compute_score:0.4535841049946612 - timing_s/agent_loop/slowest/num_preempted:-1 - timing_s/agent_loop/slowest/prompt_length:5590 - timing_s/agent_loop/slowest/response_length:9 - timing_s/gen:3.5478593180014286 - timing_s/reward:2.586199843790382e-05 - timing_s/old_log_prob:14.883483466001053 - timing_s/ref:25.826654320997477 - timing_s/adv:0.014416885001992341 - timing_s/update_actor:53.73924407400045 - timing_s/update_weights:5.133155785995768 - timing_s/step:103.38866206500097 - timing_s/stop_profile:3.898199793184176e-05 - timing_per_token_ms/ref:0.010916225531890445 - timing_per_token_ms/gen:0.29944795054029616 - timing_per_token_ms/adv:6.093625840693057e-06 - timing_per_token_ms/update_actor:0.02271411933322532 - perf/total_num_tokens:2365896 - perf/time_per_step:103.38866206500097 - perf/throughput:2860.439375974018[36m(TaskRunner pid=664535)[0m Training Progress:  25%|██▌       | 19/75 [33:49<1:35:32, 102.36s/it]
[36m(WorkerDict pid=674904)[0m INFO:2026-07-11 07:58:34,336:update_weights done, time cost: 3.29s
[36m(TaskRunner pid=664535)[0m Training Progress:  27%|██▋       | 20/75 [35:38<1:35:39, 104.36s/it]
[36m(WorkerDict pid=674904)[0m INFO:2026-07-11 08:00:30,806:update_weights done, time cost: 3.39s
[36m(TaskRunner pid=664535)[0m Training Progress:  28%|██▊       | 21/75 [37:35<1:37:11, 107.99s/it]
[36m(WorkerDict pid=674904)[0m INFO:2026-07-11 08:02:21,401:update_weights done, time cost: 3.33s

[36m(TaskRunner pid=664535)[0m step:20 - global_seqlen/min:248474 - global_seqlen/max:413717 - global_seqlen/minmax_diff:165243 - global_seqlen/balanced_min:334982 - global_seqlen/balanced_max:334983 - global_seqlen/mean:334982.125 - actor/entropy:0.18347932398319244 - perf/mfu/actor_infer:0.38115416047955625 - actor/pg_clipfrac:0.0 - actor/ppo_kl:0.0 - actor/pg_clipfrac_lower:0.0 - actor/pg_loss:0.01016942503338214 - actor/kl_loss:0.008017500564682964 - actor/kl_coef:0.05000000000000001 - actor/loss:0.010570299811661243 - actor/grad_norm:1.079801082611084 - actor/lr:5e-07 - perf/mfu/actor:0.2908725993860913 - training/global_step:20 - training/epoch:1 - critic/score/mean:0.16069382429122925 - critic/score/max:0.7745192050933838 - critic/score/min:0.0 - critic/rewards/mean:0.16069382429122925 - critic/rewards/max:0.7745192050933838 - critic/rewards/min:0.0 - critic/advantages/mean:-0.010169423185288906 - critic/advantages/max:3.7499802112579346 - critic/advantages/min:-3.749925374984741 - critic/returns/mean:-0.010169423185288906 - critic/returns/max:3.7499802112579346 - critic/returns/min:-3.749925374984741 - response_length/mean:10.6103515625 - response_length/max:17.0 - response_length/min:9.0 - response_length/clip_ratio:0.0 - response_length_non_aborted/mean:10.6103515625 - response_length_non_aborted/max:17.0 - response_length_non_aborted/min:9.0 - response_length_non_aborted/clip_ratio:0.0 - response/aborted_ratio:0.0 - prompt_length/mean:2606.4375 - prompt_length/max:7960.0 - prompt_length/min:558.0 - prompt_length/clip_ratio:0.0 - num_turns/min:2 - num_turns/max:2 - num_turns/mean:2.0 - timing_s/start_profile:4.053200245834887e-05 - timing_s/agent_loop/num_preempted/min:-1 - timing_s/agent_loop/num_preempted/max:-1 - timing_s/agent_loop/num_preempted/mean:-1.0 - timing_s/agent_loop/generate_sequences/min:0.7875734539993573 - timing_s/agent_loop/generate_sequences/max:2.529079828003887 - timing_s/agent_loop/generate_sequences/mean:1.674708753831979 - timing_s/agent_loop/tool_calls/min:0.0 - timing_s/agent_loop/tool_calls/max:0.0 - timing_s/agent_loop/tool_calls/mean:0.0 - timing_s/agent_loop/compute_score/min:0.0037416930063045584 - timing_s/agent_loop/compute_score/max:0.7294974559990806 - timing_s/agent_loop/compute_score/mean:0.14638621467187818 - timing_s/agent_loop/slowest/generate_sequences:1.8447728309984086 - timing_s/agent_loop/slowest/tool_calls:0.0 - timing_s/agent_loop/slowest/compute_score:0.7064294669980882 - timing_s/agent_loop/slowest/num_preempted:-1 - timing_s/agent_loop/slowest/prompt_length:4717 - timing_s/agent_loop/slowest/response_length:9 - timing_s/gen:3.738438134001626 - timing_s/reward:2.735199814196676e-05 - timing_s/old_log_prob:15.68382351800392 - timing_s/ref:26.42221912700188 - timing_s/adv:0.014655630002380349 - timing_s/update_actor:57.78833727199526 - timing_s/update_weights:5.116991314003826 - timing_s/step:108.9750466100013 - timing_s/stop_profile:3.723100235220045e-05 - timing_per_token_ms/ref:0.009859563076314103 - timing_per_token_ms/gen:0.3440808222735045 - timing_per_token_ms/adv:5.468810463536058e-06 - timing_per_token_ms/update_actor:0.02156396302936883 - perf/total_num_tokens:2679857 - perf/time_per_step:108.9750466100013 - perf/throughput:3073.9342209123374
[36m(TaskRunner pid=664535)[0m step:21 - global_seqlen/min:128654 - global_seqlen/max:557461 - global_seqlen/minmax_diff:428807 - global_seqlen/balanced_min:366266 - global_seqlen/balanced_max:366267 - global_seqlen/mean:366266.75 - actor/entropy:0.22761207818984985 - perf/mfu/actor_infer:0.3888614024174071 - actor/pg_clipfrac:0.0 - actor/ppo_kl:0.0 - actor/pg_clipfrac_lower:0.0 - actor/pg_loss:0.00560391798899218 - actor/kl_loss:0.007960425709634095 - actor/kl_coef:0.05000000000000001 - actor/loss:0.006001935340464115 - actor/grad_norm:0.806120753288269 - actor/lr:5e-07 - perf/mfu/actor:0.29670471789541925 - training/global_step:21 - training/epoch:1 - critic/score/mean:0.17364412546157837 - critic/score/max:0.7811850309371948 - critic/score/min:0.0 - critic/rewards/mean:0.17364412546157837 - critic/rewards/max:0.7811850309371948 - critic/rewards/min:0.0 - critic/advantages/mean:-0.005603917874395847 - critic/advantages/max:3.749979019165039 - critic/advantages/min:-1.4356038570404053 - critic/returns/mean:-0.005603917874395847 - critic/returns/max:3.749979019165039 - critic/returns/min:-1.4356038570404053 - response_length/mean:11.271484375 - response_length/max:17.0 - response_length/min:9.0 - response_length/clip_ratio:0.0 - response_length_non_aborted/mean:11.271484375 - response_length_non_aborted/max:17.0 - response_length_non_aborted/min:9.0 - response_length_non_aborted/clip_ratio:0.0 - response/aborted_ratio:0.0 - prompt_length/mean:2850.1875 - prompt_length/max:7886.0 - prompt_length/min:557.0 - prompt_length/clip_ratio:0.0 - num_turns/min:2 - num_turns/max:2 - num_turns/mean:2.0 - timing_s/start_profile:5.5602999054826796e-05 - timing_s/agent_loop/num_preempted/min:-1 - timing_s/agent_loop/num_preempted/max:-1 - timing_s/agent_loop/num_preempted/mean:-1.0 - timing_s/agent_loop/generate_sequences/min:0.7940185929983272 - timing_s/agent_loop/generate_sequences/max:2.6403156430023955 - timing_s/agent_loop/generate_sequences/mean:1.7502104061494776 - timing_s/agent_loop/tool_calls/min:0.0 - timing_s/agent_loop/tool_calls/max:0.0 - timing_s/agent_loop/tool_calls/mean:0.0 - timing_s/agent_loop/compute_score/min:0.003552674003003631 - timing_s/agent_loop/compute_score/max:0.6622195700037992 - timing_s/agent_loop/compute_score/mean:0.14324513142869932 - timing_s/agent_loop/slowest/generate_sequences:2.0909580270017614 - timing_s/agent_loop/slowest/tool_calls:0.0 - timing_s/agent_loop/slowest/compute_score:0.5968836530009867 - timing_s/agent_loop/slowest/num_preempted:-1 - timing_s/agent_loop/slowest/prompt_length:6811 - timing_s/agent_loop/slowest/response_length:9 - timing_s/gen:3.8635975700017298 - timing_s/reward:2.6671004889067262e-05 - timing_s/old_log_prob:17.4135378189967 - timing_s/ref:26.926855138000974 - timing_s/adv:0.014626696000050288 - timing_s/update_actor:62.559002927999245 - timing_s/update_weights:5.3612420950012165 - timing_s/step:116.3798629610028 - timing_s/stop_profile:3.819200355792418e-05 - timing_per_token_ms/ref:0.009189632671407169 - timing_per_token_ms/gen:0.33474246837651445 - timing_per_token_ms/adv:4.991818121645729e-06 - timing_per_token_ms/update_actor:0.021350219112163213 - perf/total_num_tokens:2930134 - perf/time_per_step:116.3798629610028 - perf/throughput:3147.1660189420454
[36m(TaskRunner pid=664535)[0m step:22 - global_seqlen/min:226266 - global_seqlen/max:433440 - global_seqlen/minmax_diff:207174 - global_seqlen/balanced_min:338909 - global_seqlen/balanced_max:338910 - global_seqlen/mean:338909.625 - actor/entropy:0.2061632126569748 - perf/mfu/actor_infer:0.37949518955774403 - actor/pg_clipfrac:0.0 - actor/ppo_kl:0.0 - actor/pg_clipfrac_lower:0.0 - actor/pg_loss:0.010766755390412969 - actor/kl_loss:0.00875071044216856 - actor/kl_coef:0.05000000000000001 - actor/loss:0.011204291135072708 - actor/grad_norm:1.0789146423339844 - actor/lr:5e-07 - perf/mfu/actor:0.29095788991239685 - training/global_step:22 - training/epoch:1 - critic/score/mean:0.15770451724529266 - critic/score/max:0.7639772891998291 - critic/score/min:0.0 - critic/rewards/mean:0.15770451724529266 - critic/rewards/max:0.7639772891998291 - critic/rewards/min:0.0 - critic/advantages/mean:-0.010766756720840931 - critic/advantages/max:3.7499804496765137 - critic/advantages/min:-2.0155396461486816 - critic/returns/mean:-0.010766756720840931 - critic/returns/max:3.7499804496765137 - critic/returns/min:-2.0155396461486816 - response_length/mean:11.0595703125 - response_length/max:16.0 - response_length/min:9.0 - response_length/clip_ratio:0.0 - response_length_non_aborted/mean:11.0595703125 - response_length_non_aborted/max:16.0 - response_length_non_aborted/min:9.0 - response_length_non_aborted/clip_ratio:0.0 - response/aborted_ratio:0.0 - prompt_length/mean:2636.671875 - prompt_length/max:8102.0 - prompt_length/min:556.0 - prompt_length/clip_ratio:0.0 - num_turns/min:2 - num_turns/max:2 - num_turns/mean:2.0 - timing_s/start_profile:4.230200283927843e-05 - timing_s/agent_loop/num_preempted/min:-1 - timing_s/agent_loop/num_preempted/max:-1 - timing_s/agent_loop/num_preempted/mean:-1.0 - timing_s/agent_loop/generate_sequences/min:0.7374818689931999 - timing_s/agent_loop/generate_sequences/max:2.421458442004223 - timing_s/agent_loop/generate_sequences/mean:1.6975508402509902 - timing_s/agent_loop/tool_calls/min:0.0 - timing_s/agent_loop/tool_calls/max:0.0 - timing_s/agent_loop/tool_calls/mean:0.0 - timing_s/agent_loop/compute_score/min:0.003415027000301052 - timing_s/agent_loop/compute_score/max:0.5987695779986097 - timing_s/agent_loop/compute_score/mean:0.136389741698153 - timing_s/agent_loop/slowest/generate_sequences:2.156095369005925 - timing_s/agent_loop/slowest/tool_calls:0.0 - timing_s/agent_loop/slowest/compute_score:0.32761480099725304 - timing_s/agent_loop/slowest/num_preempted:-1 - timing_s/agent_loop/slowest/prompt_length:5462 - timing_s/agent_loop/slowest/response_length:9 - timing_s/gen:3.6696766690001823 - timing_s/reward:2.6591995265334845e-05 - timing_s/old_log_prob:16.08946393700171 - timing_s/ref:26.60331370500353 - timing_s/adv:0.01534074100345606 - timing_s/update_actor:58.87889209899731 - timing_s/update_weights:5.127926781999122 - timing_s/step:110.53335344399966 - timing_s/stop_profile:3.8641999708488584e-05 - timing_per_token_ms/ref:0.009812097290318742 - timing_per_token_ms/gen:0.32403325995586596 - timing_per_token_ms/adv:5.658123830009276e-06 - timing_per_token_ms/update_actor:0.021716295346804224 - perf/total_num_tokens:2711277 - perf/time_per_step:110.53335344399966 - perf/throughput:3066.1299457607092[36m(TaskRunner pid=664535)[0m Training Progress:  29%|██▉       | 22/75 [39:25<1:36:04, 108.76s/it]
[36m(WorkerDict pid=674904)[0m INFO:2026-07-11 08:04:07,031:update_weights done, time cost: 3.23s
[36m(TaskRunner pid=664535)[0m Training Progress:  31%|███       | 23/75 [41:11<1:33:27, 107.83s/it]
[36m(WorkerDict pid=674904)[0m INFO:2026-07-11 08:05:57,128:update_weights done, time cost: 3.45s
[36m(TaskRunner pid=664535)[0m Training Progress:  32%|███▏      | 24/75 [43:01<1:32:13, 108.50s/it]
[36m(WorkerDict pid=674904)[0m INFO:2026-07-11 08:07:40,536:update_weights done, time cost: 3.16s

[36m(TaskRunner pid=664535)[0m step:23 - global_seqlen/min:140353 - global_seqlen/max:472255 - global_seqlen/minmax_diff:331902 - global_seqlen/balanced_min:308461 - global_seqlen/balanced_max:308462 - global_seqlen/mean:308461.5 - actor/entropy:0.2455490231513977 - perf/mfu/actor_infer:0.37190737757609255 - actor/pg_clipfrac:0.0 - actor/ppo_kl:0.0 - actor/pg_clipfrac_lower:0.0 - actor/pg_loss:-0.02100893137685489 - actor/kl_loss:0.01170319673041631 - actor/kl_coef:0.05000000000000001 - actor/loss:-0.0204237662255764 - actor/grad_norm:1.9905996322631836 - actor/lr:5e-07 - perf/mfu/actor:0.2819157999691505 - training/global_step:23 - training/epoch:1 - critic/score/mean:0.18127571046352386 - critic/score/max:0.7775459289550781 - critic/score/min:0.0 - critic/rewards/mean:0.18127571046352386 - critic/rewards/max:0.7775459289550781 - critic/rewards/min:0.0 - critic/advantages/mean:0.021008936688303947 - critic/advantages/max:3.7499804496765137 - critic/advantages/min:-1.2494335174560547 - critic/returns/mean:0.021008936688303947 - critic/returns/max:3.7499804496765137 - critic/returns/min:-1.2494335174560547 - response_length/mean:11.48046875 - response_length/max:17.0 - response_length/min:9.0 - response_length/clip_ratio:0.0 - response_length_non_aborted/mean:11.48046875 - response_length_non_aborted/max:17.0 - response_length_non_aborted/min:9.0 - response_length_non_aborted/clip_ratio:0.0 - response/aborted_ratio:0.0 - prompt_length/mean:2398.375 - prompt_length/max:7695.0 - prompt_length/min:557.0 - prompt_length/clip_ratio:0.0 - num_turns/min:2 - num_turns/max:2 - num_turns/mean:2.0 - timing_s/start_profile:3.927199577447027e-05 - timing_s/agent_loop/num_preempted/min:-1 - timing_s/agent_loop/num_preempted/max:-1 - timing_s/agent_loop/num_preempted/mean:-1.0 - timing_s/agent_loop/generate_sequences/min:0.8037611359977745 - timing_s/agent_loop/generate_sequences/max:2.3363360940056737 - timing_s/agent_loop/generate_sequences/mean:1.6396480421904371 - timing_s/agent_loop/tool_calls/min:0.0 - timing_s/agent_loop/tool_calls/max:0.0 - timing_s/agent_loop/tool_calls/mean:0.0 - timing_s/agent_loop/compute_score/min:0.0036010959956911393 - timing_s/agent_loop/compute_score/max:0.6089865930043743 - timing_s/agent_loop/compute_score/mean:0.161040696343818 - timing_s/agent_loop/slowest/generate_sequences:1.931181836000178 - timing_s/agent_loop/slowest/tool_calls:0.0 - timing_s/agent_loop/slowest/compute_score:0.47086000100534875 - timing_s/agent_loop/slowest/num_preempted:-1 - timing_s/agent_loop/slowest/prompt_length:7085 - timing_s/agent_loop/slowest/response_length:9 - timing_s/gen:3.6161954259951017 - timing_s/reward:2.5000997993629426e-05 - timing_s/old_log_prob:14.992264883003372 - timing_s/ref:26.60492731600243 - timing_s/adv:0.01464766699791653 - timing_s/update_actor:55.281393697994645 - timing_s/update_weights:5.014073375998123 - timing_s/step:105.64165973200579 - timing_s/stop_profile:4.025200178148225e-05 - timing_per_token_ms/ref:0.01078129982023787 - timing_per_token_ms/gen:0.3076042383459597 - timing_per_token_ms/adv:5.935776019826028e-06 - timing_per_token_ms/update_actor:0.022402063830492074 - perf/total_num_tokens:2467692 - perf/time_per_step:105.64165973200579 - perf/throughput:2919.8850224666317
[36m(TaskRunner pid=664535)[0m step:24 - global_seqlen/min:140437 - global_seqlen/max:456100 - global_seqlen/minmax_diff:315663 - global_seqlen/balanced_min:327012 - global_seqlen/balanced_max:327012 - global_seqlen/mean:327012.0 - actor/entropy:0.226046621799469 - perf/mfu/actor_infer:0.37589285339775963 - actor/pg_clipfrac:0.0 - actor/ppo_kl:0.0 - actor/pg_clipfrac_lower:0.0 - actor/pg_loss:0.014093696721829474 - actor/kl_loss:0.014145140918268323 - actor/kl_coef:0.05000000000000001 - actor/loss:0.01480095088481903 - actor/grad_norm:1.0327001810073853 - actor/lr:5e-07 - perf/mfu/actor:0.2864769540862303 - training/global_step:24 - training/epoch:1 - critic/score/mean:0.1575131118297577 - critic/score/max:0.767903208732605 - critic/score/min:0.0 - critic/rewards/mean:0.1575131118297577 - critic/rewards/max:0.767903208732605 - critic/rewards/min:0.0 - critic/advantages/mean:-0.01409369707107544 - critic/advantages/max:3.7499797344207764 - critic/advantages/min:-1.6654478311538696 - critic/returns/mean:-0.01409369707107544 - critic/returns/max:3.7499797344207764 - critic/returns/min:-1.6654478311538696 - response_length/mean:11.359375 - response_length/max:17.0 - response_length/min:9.0 - response_length/clip_ratio:0.0 - response_length_non_aborted/mean:11.359375 - response_length_non_aborted/max:17.0 - response_length_non_aborted/min:9.0 - response_length_non_aborted/clip_ratio:0.0 - response/aborted_ratio:0.0 - prompt_length/mean:2543.421875 - prompt_length/max:7777.0 - prompt_length/min:556.0 - prompt_length/clip_ratio:0.0 - num_turns/min:2 - num_turns/max:2 - num_turns/mean:2.0 - timing_s/start_profile:4.259099659975618e-05 - timing_s/agent_loop/num_preempted/min:-1 - timing_s/agent_loop/num_preempted/max:-1 - timing_s/agent_loop/num_preempted/mean:-1.0 - timing_s/agent_loop/generate_sequences/min:0.8096882570025628 - timing_s/agent_loop/generate_sequences/max:2.8072041319974232 - timing_s/agent_loop/generate_sequences/mean:1.9932661103670668 - timing_s/agent_loop/tool_calls/min:0.0 - timing_s/agent_loop/tool_calls/max:0.0 - timing_s/agent_loop/tool_calls/mean:0.0 - timing_s/agent_loop/compute_score/min:0.00351557200337993 - timing_s/agent_loop/compute_score/max:0.324808823002968 - timing_s/agent_loop/compute_score/mean:0.0772917717745969 - timing_s/agent_loop/slowest/generate_sequences:2.602147970996157 - timing_s/agent_loop/slowest/tool_calls:0.0 - timing_s/agent_loop/slowest/compute_score:0.27533377499639755 - timing_s/agent_loop/slowest/num_preempted:-1 - timing_s/agent_loop/slowest/prompt_length:556 - timing_s/agent_loop/slowest/response_length:16 - timing_s/gen:4.204610938999394 - timing_s/reward:2.3560998670291156e-05 - timing_s/old_log_prob:16.082508173996757 - timing_s/ref:26.350203914000303 - timing_s/adv:0.014659244996437337 - timing_s/update_actor:58.00685127000179 - timing_s/update_weights:5.273124808998546 - timing_s/step:110.04674089000036 - timing_s/stop_profile:4.021200584247708e-05 - timing_per_token_ms/ref:0.010072338291102583 - timing_per_token_ms/gen:0.3614693035590951 - timing_per_token_ms/adv:5.603481292902607e-06 - timing_per_token_ms/update_actor:0.022173059119390798 - perf/total_num_tokens:2616096 - perf/time_per_step:110.04674089000036 - perf/throughput:2971.5736909180437
[36m(TaskRunner pid=664535)[0m step:25 - global_seqlen/min:186339 - global_seqlen/max:428330 - global_seqlen/minmax_diff:241991 - global_seqlen/balanced_min:298575 - global_seqlen/balanced_max:298577 - global_seqlen/mean:298575.625 - actor/entropy:0.22094465792179108 - perf/mfu/actor_infer:0.3678442833920861 - actor/pg_clipfrac:0.0 - actor/ppo_kl:0.0 - actor/pg_clipfrac_lower:0.0 - actor/pg_loss:-0.005059771145170089 - actor/kl_loss:0.012949467642261 - actor/kl_coef:0.05000000000000001 - actor/loss:-0.004412295296788216 - actor/grad_norm:1.4512181282043457 - actor/lr:5e-07 - perf/mfu/actor:0.2791874202147639 - training/global_step:25 - training/epoch:1 - critic/score/mean:0.14434707164764404 - critic/score/max:0.7716549038887024 - critic/score/min:0.0 - critic/rewards/mean:0.14434707164764404 - critic/rewards/max:0.7716549038887024 - critic/rewards/min:0.0 - critic/advantages/mean:0.005059771239757538 - critic/advantages/max:3.7499802112579346 - critic/advantages/min:-3.749925374984741 - critic/returns/mean:0.005059771239757538 - critic/returns/max:3.7499802112579346 - critic/returns/min:-3.749925374984741 - response_length/mean:11.3095703125 - response_length/max:16.0 - response_length/min:3.0 - response_length/clip_ratio:0.0 - response_length_non_aborted/mean:11.3095703125 - response_length_non_aborted/max:16.0 - response_length_non_aborted/min:3.0 - response_length_non_aborted/clip_ratio:0.0 - response/aborted_ratio:0.0 - prompt_length/mean:2321.3125 - prompt_length/max:7543.0 - prompt_length/min:557.0 - prompt_length/clip_ratio:0.0 - num_turns/min:2 - num_turns/max:2 - num_turns/mean:2.0 - timing_s/start_profile:3.690100129460916e-05 - timing_s/agent_loop/num_preempted/min:-1 - timing_s/agent_loop/num_preempted/max:-1 - timing_s/agent_loop/num_preempted/mean:-1.0 - timing_s/agent_loop/generate_sequences/min:0.397701029003656 - timing_s/agent_loop/generate_sequences/max:2.4837770520025515 - timing_s/agent_loop/generate_sequences/mean:1.8503685171983548 - timing_s/agent_loop/tool_calls/min:0.0 - timing_s/agent_loop/tool_calls/max:0.0 - timing_s/agent_loop/tool_calls/mean:0.0 - timing_s/agent_loop/compute_score/min:0.0035174920049030334 - timing_s/agent_loop/compute_score/max:0.32331129100202816 - timing_s/agent_loop/compute_score/mean:0.0985266661660944 - timing_s/agent_loop/slowest/generate_sequences:2.37902352000674 - timing_s/agent_loop/slowest/tool_calls:0.0 - timing_s/agent_loop/slowest/compute_score:0.1666939220012864 - timing_s/agent_loop/slowest/num_preempted:-1 - timing_s/agent_loop/slowest/prompt_length:955 - timing_s/agent_loop/slowest/response_length:15 - timing_s/gen:3.838312913001573 - timing_s/reward:3.564200596883893e-05 - timing_s/old_log_prob:14.57731097299984 - timing_s/ref:26.09593989700079 - timing_s/adv:0.01540596399718197 - timing_s/update_actor:53.75891854699876 - timing_s/update_weights:4.987961065999116 - timing_s/step:103.4258804639976 - timing_s/stop_profile:3.6871999327559024e-05 - timing_per_token_ms/ref:0.010925180135267568 - timing_per_token_ms/gen:0.33143190683028867 - timing_per_token_ms/adv:6.449774658087868e-06 - timing_per_token_ms/update_actor:0.022506407943966775 - perf/total_num_tokens:2388605 - perf/time_per_step:103.4258804639976 - perf/throughput:2886.8560137995028[36m(TaskRunner pid=664535)[0m Training Progress:  33%|███▎      | 25/75 [44:44<1:29:09, 106.98s/it]
[36m(WorkerDict pid=674904)[0m INFO:2026-07-11 08:09:21,312:update_weights done, time cost: 3.24s
[36m(TaskRunner pid=664535)[0m Training Progress:  35%|███▍      | 26/75 [46:25<1:25:50, 105.11s/it]
[36m(WorkerDict pid=674904)[0m INFO:2026-07-11 08:11:02,998:update_weights done, time cost: 3.33s
[36m(TaskRunner pid=664535)[0m Training Progress:  36%|███▌      | 27/75 [48:07<1:23:17, 104.11s/it]
[36m(WorkerDict pid=674904)[0m INFO:2026-07-11 08:12:48,136:update_weights done, time cost: 3.11s

[36m(TaskRunner pid=664535)[0m step:26 - global_seqlen/min:170121 - global_seqlen/max:355573 - global_seqlen/minmax_diff:185452 - global_seqlen/balanced_min:286324 - global_seqlen/balanced_max:286325 - global_seqlen/mean:286324.75 - actor/entropy:0.20729346573352814 - perf/mfu/actor_infer:0.36443256331811463 - actor/pg_clipfrac:0.0 - actor/ppo_kl:0.0 - actor/pg_clipfrac_lower:0.0 - actor/pg_loss:-0.011957853548665298 - actor/kl_loss:0.017007977331572166 - actor/kl_coef:0.05000000000000001 - actor/loss:-0.01110745593905449 - actor/grad_norm:1.42222261428833 - actor/lr:5e-07 - perf/mfu/actor:0.27642960841033376 - training/global_step:26 - training/epoch:1 - critic/score/mean:0.16515323519706726 - critic/score/max:0.7794736623764038 - critic/score/min:0.0 - critic/rewards/mean:0.16515323519706726 - critic/rewards/max:0.7794736623764038 - critic/rewards/min:0.0 - critic/advantages/mean:0.011957854963839054 - critic/advantages/max:3.7499747276306152 - critic/advantages/min:-1.661946177482605 - critic/returns/mean:0.011957854963839054 - critic/returns/max:3.7499747276306152 - critic/returns/min:-1.661946177482605 - response_length/mean:11.083984375 - response_length/max:17.0 - response_length/min:9.0 - response_length/clip_ratio:0.0 - response_length_non_aborted/mean:11.083984375 - response_length_non_aborted/max:17.0 - response_length_non_aborted/min:9.0 - response_length_non_aborted/clip_ratio:0.0 - response/aborted_ratio:0.0 - prompt_length/mean:2225.828125 - prompt_length/max:7665.0 - prompt_length/min:556.0 - prompt_length/clip_ratio:0.0 - num_turns/min:2 - num_turns/max:2 - num_turns/mean:2.0 - timing_s/start_profile:5.438199877971783e-05 - timing_s/agent_loop/num_preempted/min:-1 - timing_s/agent_loop/num_preempted/max:-1 - timing_s/agent_loop/num_preempted/mean:-1.0 - timing_s/agent_loop/generate_sequences/min:0.7896457239985466 - timing_s/agent_loop/generate_sequences/max:2.2504947319976054 - timing_s/agent_loop/generate_sequences/mean:1.5588420492356292 - timing_s/agent_loop/tool_calls/min:0.0 - timing_s/agent_loop/tool_calls/max:0.0 - timing_s/agent_loop/tool_calls/mean:0.0 - timing_s/agent_loop/compute_score/min:0.0036299780040280893 - timing_s/agent_loop/compute_score/max:0.6601238010043744 - timing_s/agent_loop/compute_score/mean:0.1686155949805226 - timing_s/agent_loop/slowest/generate_sequences:1.986580976001278 - timing_s/agent_loop/slowest/tool_calls:0.0 - timing_s/agent_loop/slowest/compute_score:0.3135906160023296 - timing_s/agent_loop/slowest/num_preempted:-1 - timing_s/agent_loop/slowest/prompt_length:662 - timing_s/agent_loop/slowest/response_length:15 - timing_s/gen:3.5054204289990594 - timing_s/reward:2.9281996830832213e-05 - timing_s/old_log_prob:14.472921350003162 - timing_s/ref:25.37736090499675 - timing_s/adv:0.014658596999652218 - timing_s/update_actor:52.13028633599606 - timing_s/update_weights:5.029027862001385 - timing_s/step:100.71230733999982 - timing_s/stop_profile:3.880199801642448e-05 - timing_per_token_ms/ref:0.011078923890179223 - timing_per_token_ms/gen:0.30884761488978496 - timing_per_token_ms/adv:6.399462934854661e-06 - timing_per_token_ms/update_actor:0.022758374160806942 - perf/total_num_tokens:2290598 - perf/time_per_step:100.71230733999982 - perf/throughput:2842.9966263545293
[36m(TaskRunner pid=664535)[0m step:27 - global_seqlen/min:108431 - global_seqlen/max:358942 - global_seqlen/minmax_diff:250511 - global_seqlen/balanced_min:284233 - global_seqlen/balanced_max:284234 - global_seqlen/mean:284233.75 - actor/entropy:0.25033968687057495 - perf/mfu/actor_infer:0.36039702199223655 - actor/pg_clipfrac:0.0 - actor/ppo_kl:0.0 - actor/pg_clipfrac_lower:0.0 - actor/pg_loss:-0.006089925969718024 - actor/kl_loss:0.01913540115120249 - actor/kl_coef:0.05000000000000001 - actor/loss:-0.005133155733346939 - actor/grad_norm:1.8081226348876953 - actor/lr:5e-07 - perf/mfu/actor:0.273808711233458 - training/global_step:27 - training/epoch:1 - critic/score/mean:0.1595403403043747 - critic/score/max:0.7752336263656616 - critic/score/min:0.0 - critic/rewards/mean:0.1595403403043747 - critic/rewards/max:0.7752336263656616 - critic/rewards/min:0.0 - critic/advantages/mean:0.0060899280942976475 - critic/advantages/max:3.7499802112579346 - critic/advantages/min:-1.6763286590576172 - critic/returns/mean:0.0060899280942976475 - critic/returns/max:3.7499802112579346 - critic/returns/min:-1.6763286590576172 - response_length/mean:11.669921875 - response_length/max:17.0 - response_length/min:9.0 - response_length/clip_ratio:0.0 - response_length_non_aborted/mean:11.669921875 - response_length_non_aborted/max:17.0 - response_length_non_aborted/min:9.0 - response_length_non_aborted/clip_ratio:0.0 - response/aborted_ratio:0.0 - prompt_length/mean:2208.90625 - prompt_length/max:8156.0 - prompt_length/min:556.0 - prompt_length/clip_ratio:0.0 - num_turns/min:2 - num_turns/max:2 - num_turns/mean:2.0 - timing_s/start_profile:4.3072999687865376e-05 - timing_s/agent_loop/num_preempted/min:-1 - timing_s/agent_loop/num_preempted/max:-1 - timing_s/agent_loop/num_preempted/mean:-1.0 - timing_s/agent_loop/generate_sequences/min:0.7406802920013433 - timing_s/agent_loop/generate_sequences/max:2.2474144139996497 - timing_s/agent_loop/generate_sequences/mean:1.6148806194658292 - timing_s/agent_loop/tool_calls/min:0.0 - timing_s/agent_loop/tool_calls/max:0.0 - timing_s/agent_loop/tool_calls/mean:0.0 - timing_s/agent_loop/compute_score/min:0.003584354999475181 - timing_s/agent_loop/compute_score/max:0.628215172997443 - timing_s/agent_loop/compute_score/mean:0.17120184816700856 - timing_s/agent_loop/slowest/generate_sequences:1.977195653002127 - timing_s/agent_loop/slowest/tool_calls:0.0 - timing_s/agent_loop/slowest/compute_score:0.3270865509985015 - timing_s/agent_loop/slowest/num_preempted:-1 - timing_s/agent_loop/slowest/prompt_length:562 - timing_s/agent_loop/slowest/response_length:15 - timing_s/gen:3.509971339000913 - timing_s/reward:3.117100277449936e-05 - timing_s/old_log_prob:14.22089626500383 - timing_s/ref:26.40116467700136 - timing_s/adv:0.014401335996808484 - timing_s/update_actor:52.3476467280052 - timing_s/update_weights:5.140733225001895 - timing_s/step:101.75359203699918 - timing_s/stop_profile:3.758199454750866e-05 - timing_per_token_ms/ref:0.011610674610686347 - timing_per_token_ms/gen:0.2937214509624195 - timing_per_token_ms/adv:6.3334034033645214e-06 - timing_per_token_ms/update_actor:0.02302138940572909 - perf/total_num_tokens:2273870 - perf/time_per_step:101.75359203699918 - perf/throughput:2793.3534758816986
[36m(TaskRunner pid=664535)[0m step:28 - global_seqlen/min:117037 - global_seqlen/max:472555 - global_seqlen/minmax_diff:355518 - global_seqlen/balanced_min:306796 - global_seqlen/balanced_max:306797 - global_seqlen/mean:306796.75 - actor/entropy:0.2328217625617981 - perf/mfu/actor_infer:0.3716518963488502 - actor/pg_clipfrac:0.0 - actor/ppo_kl:0.0 - actor/pg_clipfrac_lower:0.0 - actor/pg_loss:-0.0024028420798458683 - actor/kl_loss:0.016894105269227327 - actor/kl_coef:0.05000000000000001 - actor/loss:-0.0015581336338073015 - actor/grad_norm:1.2377277612686157 - actor/lr:5e-07 - perf/mfu/actor:0.28191153598336277 - training/global_step:28 - training/epoch:1 - critic/score/mean:0.17538544535636902 - critic/score/max:0.7772727012634277 - critic/score/min:0.0 - critic/rewards/mean:0.17538544535636902 - critic/rewards/max:0.7772727012634277 - critic/rewards/min:0.0 - critic/advantages/mean:0.0024028404150158167 - critic/advantages/max:3.7499797344207764 - critic/advantages/min:-3.7454347610473633 - critic/returns/mean:0.0024028404150158167 - critic/returns/max:3.7499797344207764 - critic/returns/min:-3.7454347610473633 - response_length/mean:11.474609375 - response_length/max:17.0 - response_length/min:9.0 - response_length/clip_ratio:0.0 - response_length_non_aborted/mean:11.474609375 - response_length_non_aborted/max:17.0 - response_length_non_aborted/min:9.0 - response_length_non_aborted/clip_ratio:0.0 - response/aborted_ratio:0.0 - prompt_length/mean:2385.375 - prompt_length/max:6819.0 - prompt_length/min:557.0 - prompt_length/clip_ratio:0.0 - num_turns/min:2 - num_turns/max:2 - num_turns/mean:2.0 - timing_s/start_profile:3.9242004277184606e-05 - timing_s/agent_loop/num_preempted/min:-1 - timing_s/agent_loop/num_preempted/max:-1 - timing_s/agent_loop/num_preempted/mean:-1.0 - timing_s/agent_loop/generate_sequences/min:0.724433710995072 - timing_s/agent_loop/generate_sequences/max:2.313154185998428 - timing_s/agent_loop/generate_sequences/mean:1.6245285104286538 - timing_s/agent_loop/tool_calls/min:0.0 - timing_s/agent_loop/tool_calls/max:0.0 - timing_s/agent_loop/tool_calls/mean:0.0 - timing_s/agent_loop/compute_score/min:0.0037544340011663735 - timing_s/agent_loop/compute_score/max:0.677676507999422 - timing_s/agent_loop/compute_score/mean:0.1703235884636598 - timing_s/agent_loop/slowest/generate_sequences:1.9505114839994349 - timing_s/agent_loop/slowest/tool_calls:0.0 - timing_s/agent_loop/slowest/compute_score:0.4435975330052315 - timing_s/agent_loop/slowest/num_preempted:-1 - timing_s/agent_loop/slowest/prompt_length:5325 - timing_s/agent_loop/slowest/response_length:9 - timing_s/gen:3.625075340998592 - timing_s/reward:5.682199844159186e-05 - timing_s/old_log_prob:15.270795055002964 - timing_s/ref:25.80968936100544 - timing_s/adv:0.015147761994739994 - timing_s/update_actor:55.22136937900359 - timing_s/update_weights:5.063416082994081 - timing_s/step:105.12369738900452 - timing_s/stop_profile:3.840199497062713e-05 - timing_per_token_ms/ref:0.01051579317618482 - timing_per_token_ms/gen:0.3085170502977525 - timing_per_token_ms/adv:6.171741549877889e-06 - timing_per_token_ms/update_actor:0.022499166540634635 - perf/total_num_tokens:2454374 - perf/time_per_step:105.12369738900452 - perf/throughput:2918.4356869100156[36m(TaskRunner pid=664535)[0m Training Progress:  37%|███▋      | 28/75 [49:52<1:21:47, 104.42s/it]
[36m(WorkerDict pid=674904)[0m INFO:2026-07-11 08:14:31,869:update_weights done, time cost: 2.99s
[36m(TaskRunner pid=664535)[0m Training Progress:  39%|███▊      | 29/75 [51:36<1:19:52, 104.18s/it]
[36m(WorkerDict pid=674905)[0m INFO:2026-07-11 08:16:17,100:[Rank 1] Saved model to /workspace/verl-x/budget-rl-training-repro/outputs/rl_pct30e5_kl005_central_lam05_seed42/global_step_30/actor/model_world_size_8_rank_1.pt
[36m(WorkerDict pid=674905)[0m INFO:2026-07-11 08:16:25,330:[Rank 1] Saved optim to /workspace/verl-x/budget-rl-training-repro/outputs/rl_pct30e5_kl005_central_lam05_seed42/global_step_30/actor/optim_world_size_8_rank_1.pt
[36m(WorkerDict pid=674905)[0m INFO:2026-07-11 08:16:25,331:[Rank 1] Saved extra_state to /workspace/verl-x/budget-rl-training-repro/outputs/rl_pct30e5_kl005_central_lam05_seed42/global_step_30/actor/extra_state_world_size_8_rank_1.pt
[36m(WorkerDict pid=674907)[0m INFO:2026-07-11 08:16:17,162:[Rank 3] Saved model to /workspace/verl-x/budget-rl-training-repro/outputs/rl_pct30e5_kl005_central_lam05_seed42/global_step_30/actor/model_world_size_8_rank_3.pt[32m [repeated 7x across cluster][0m
[36m(WorkerDict pid=674904)[0m INFO:2026-07-11 08:16:25,426:[Rank 0] Saved model config and tokenizer class to /workspace/verl-x/budget-rl-training-repro/outputs/rl_pct30e5_kl005_central_lam05_seed42/global_step_30/actor/huggingface
[36m(WorkerDict pid=674904)[0m INFO:2026-07-11 08:16:29,782:update_weights done, time cost: 3.11s
[36m(TaskRunner pid=664535)[0m Training Progress:  40%|████      | 30/75 [53:34<1:21:14, 108.31s/it]
[36m(WorkerDict pid=674911)[0m INFO:2026-07-11 08:16:25,604:[Rank 7] Saved optim to /workspace/verl-x/budget-rl-training-repro/outputs/rl_pct30e5_kl005_central_lam05_seed42/global_step_30/actor/optim_world_size_8_rank_7.pt[32m [repeated 7x across cluster][0m
[36m(WorkerDict pid=674911)[0m INFO:2026-07-11 08:16:25,605:[Rank 7] Saved extra_state to /workspace/verl-x/budget-rl-training-repro/outputs/rl_pct30e5_kl005_central_lam05_seed42/global_step_30/actor/extra_state_world_size_8_rank_7.pt[32m [repeated 7x across cluster][0m
[36m(WorkerDict pid=674904)[0m INFO:2026-07-11 08:18:18,618:update_weights done, time cost: 3.29s

[36m(TaskRunner pid=664535)[0m step:29 - global_seqlen/min:157783 - global_seqlen/max:439461 - global_seqlen/minmax_diff:281678 - global_seqlen/balanced_min:304183 - global_seqlen/balanced_max:304184 - global_seqlen/mean:304183.75 - actor/entropy:0.21162302792072296 - perf/mfu/actor_infer:0.3716234330257222 - actor/pg_clipfrac:0.0 - actor/ppo_kl:0.0 - actor/pg_clipfrac_lower:0.0 - actor/pg_loss:0.0026858509400116623 - actor/kl_loss:0.017360359460846485 - actor/kl_coef:0.05000000000000001 - actor/loss:0.0035538705997169018 - actor/grad_norm:1.1682215929031372 - actor/lr:5e-07 - perf/mfu/actor:0.2824180867192485 - training/global_step:29 - training/epoch:1 - critic/score/mean:0.16647417843341827 - critic/score/max:0.7683961987495422 - critic/score/min:0.0 - critic/rewards/mean:0.16647417843341827 - critic/rewards/max:0.7683961987495422 - critic/rewards/min:0.0 - critic/advantages/mean:-0.0026858518831431866 - critic/advantages/max:3.7499802112579346 - critic/advantages/min:-1.249550223350525 - critic/returns/mean:-0.0026858518831431866 - critic/returns/max:3.7499802112579346 - critic/returns/min:-1.249550223350525 - response_length/mean:11.154296875 - response_length/max:17.0 - response_length/min:7.0 - response_length/clip_ratio:0.0 - response_length_non_aborted/mean:11.154296875 - response_length_non_aborted/max:17.0 - response_length_non_aborted/min:7.0 - response_length_non_aborted/clip_ratio:0.0 - response/aborted_ratio:0.0 - prompt_length/mean:2365.28125 - prompt_length/max:7038.0 - prompt_length/min:557.0 - prompt_length/clip_ratio:0.0 - num_turns/min:2 - num_turns/max:2 - num_turns/mean:2.0 - timing_s/start_profile:3.722199471667409e-05 - timing_s/agent_loop/num_preempted/min:-1 - timing_s/agent_loop/num_preempted/max:-1 - timing_s/agent_loop/num_preempted/mean:-1.0 - timing_s/agent_loop/generate_sequences/min:0.796128667992889 - timing_s/agent_loop/generate_sequences/max:2.2789894210000057 - timing_s/agent_loop/generate_sequences/mean:1.6418511140029466 - timing_s/agent_loop/tool_calls/min:0.0 - timing_s/agent_loop/tool_calls/max:0.0 - timing_s/agent_loop/tool_calls/mean:0.0 - timing_s/agent_loop/compute_score/min:0.0035404139998718165 - timing_s/agent_loop/compute_score/max:0.5959057090003625 - timing_s/agent_loop/compute_score/mean:0.1554516314150831 - timing_s/agent_loop/slowest/generate_sequences:2.0853728849979234 - timing_s/agent_loop/slowest/tool_calls:0.0 - timing_s/agent_loop/slowest/compute_score:0.2646855260027223 - timing_s/agent_loop/slowest/num_preempted:-1 - timing_s/agent_loop/slowest/prompt_length:564 - timing_s/agent_loop/slowest/response_length:15 - timing_s/gen:3.5705933189965435 - timing_s/reward:3.4511998819652945e-05 - timing_s/old_log_prob:14.823675106999872 - timing_s/ref:26.156167207002 - timing_s/adv:0.015077396004926413 - timing_s/update_actor:54.093520924005134 - timing_s/update_weights:4.799670807005896 - timing_s/step:103.60811350100266 - timing_s/stop_profile:4.053200245834887e-05 - timing_per_token_ms/ref:0.010748506127875831 - timing_per_token_ms/gen:0.3126066642441379 - timing_per_token_ms/adv:6.1958421533556665e-06 - timing_per_token_ms/update_actor:0.022228965602208012 - perf/total_num_tokens:2433470 - perf/time_per_step:103.60811350100266 - perf/throughput:2935.9066555830714
[36m(TaskRunner pid=664535)[0m local_global_step_folder: /workspace/verl-x/budget-rl-training-repro/outputs/rl_pct30e5_kl005_central_lam05_seed42/global_step_30
[36m(TaskRunner pid=664535)[0m step:30 - global_seqlen/min:185299 - global_seqlen/max:491266 - global_seqlen/minmax_diff:305967 - global_seqlen/balanced_min:306851 - global_seqlen/balanced_max:306852 - global_seqlen/mean:306851.5 - actor/entropy:0.21853896975517273 - perf/mfu/actor_infer:0.3715699446037199 - actor/pg_clipfrac:0.0 - actor/ppo_kl:0.0 - actor/pg_clipfrac_lower:0.0 - actor/pg_loss:-0.0036083104059798643 - actor/kl_loss:0.019202573585266683 - actor/kl_coef:0.05000000000000001 - actor/loss:-0.0026481784880161285 - actor/grad_norm:1.0176056623458862 - actor/lr:5e-07 - perf/mfu/actor:0.2824525668442535 - training/global_step:30 - training/epoch:1 - critic/score/mean:0.16832712292671204 - critic/score/max:0.7668367624282837 - critic/score/min:0.0 - critic/rewards/mean:0.16832712292671204 - critic/rewards/max:0.7668367624282837 - critic/rewards/min:0.0 - critic/advantages/mean:0.003608311526477337 - critic/advantages/max:3.7499804496765137 - critic/advantages/min:-3.749925374984741 - critic/returns/mean:0.003608311526477337 - critic/returns/max:3.7499804496765137 - critic/returns/min:-3.749925374984741 - response_length/mean:11.52734375 - response_length/max:17.0 - response_length/min:9.0 - response_length/clip_ratio:0.0 - response_length_non_aborted/mean:11.52734375 - response_length_non_aborted/max:17.0 - response_length_non_aborted/min:9.0 - response_length_non_aborted/clip_ratio:0.0 - response/aborted_ratio:0.0 - prompt_length/mean:2385.75 - prompt_length/max:7448.0 - prompt_length/min:557.0 - prompt_length/clip_ratio:0.0 - num_turns/min:2 - num_turns/max:2 - num_turns/mean:2.0 - timing_s/start_profile:3.8541998947039247e-05 - timing_s/agent_loop/num_preempted/min:-1 - timing_s/agent_loop/num_preempted/max:-1 - timing_s/agent_loop/num_preempted/mean:-1.0 - timing_s/agent_loop/generate_sequences/min:0.8111747810035013 - timing_s/agent_loop/generate_sequences/max:2.3411179819959216 - timing_s/agent_loop/generate_sequences/mean:1.6492693407616414 - timing_s/agent_loop/tool_calls/min:0.0 - timing_s/agent_loop/tool_calls/max:0.0 - timing_s/agent_loop/tool_calls/mean:0.0 - timing_s/agent_loop/compute_score/min:0.003521254002407659 - timing_s/agent_loop/compute_score/max:0.6913710709995939 - timing_s/agent_loop/compute_score/mean:0.16115402674011392 - timing_s/agent_loop/slowest/generate_sequences:2.143445239002176 - timing_s/agent_loop/slowest/tool_calls:0.0 - timing_s/agent_loop/slowest/compute_score:0.27480999100225745 - timing_s/agent_loop/slowest/num_preempted:-1 - timing_s/agent_loop/slowest/prompt_length:561 - timing_s/agent_loop/slowest/response_length:14 - timing_s/gen:3.6029925550028565 - timing_s/reward:3.480099985608831e-05 - timing_s/old_log_prob:15.233762853000371 - timing_s/ref:25.85631111800467 - timing_s/adv:0.015306724999391008 - timing_s/update_actor:55.06512448499416 - timing_s/save_checkpoint:13.066952754998056 - timing_s/update_weights:4.9450948019948555 - timing_s/step:117.93589570499898 - timing_s/stop_profile:3.8281999877654016e-05 - timing_per_token_ms/ref:0.010532908881822588 - timing_per_token_ms/gen:0.30523488266713455 - timing_per_token_ms/adv:6.235396030079292e-06 - timing_per_token_ms/update_actor:0.022431503709854018 - perf/total_num_tokens:2454812 - perf/time_per_step:117.93589570499898 - perf/throughput:2601.849913172732
[36m(TaskRunner pid=664535)[0m step:31 - global_seqlen/min:170749 - global_seqlen/max:449725 - global_seqlen/minmax_diff:278976 - global_seqlen/balanced_min:316406 - global_seqlen/balanced_max:316428 - global_seqlen/mean:316409.125 - actor/entropy:0.23198090493679047 - perf/mfu/actor_infer:0.3744089420515937 - actor/pg_clipfrac:0.0 - actor/ppo_kl:0.0 - actor/pg_clipfrac_lower:0.0 - actor/pg_loss:0.023614899002915024 - actor/kl_loss:0.018782432155315443 - actor/kl_coef:0.05000000000000001 - actor/loss:0.024554021656513214 - actor/grad_norm:1.207744836807251 - actor/lr:5e-07 - perf/mfu/actor:0.2845606269492403 - training/global_step:31 - training/epoch:2 - critic/score/mean:0.1616707742214203 - critic/score/max:0.7745293974876404 - critic/score/min:0.0 - critic/rewards/mean:0.1616707742214203 - critic/rewards/max:0.7745293974876404 - critic/rewards/min:0.0 - critic/advantages/mean:-0.023614898324012756 - critic/advantages/max:3.7499797344207764 - critic/advantages/min:-2.0155396461486816 - critic/returns/mean:-0.023614898324012756 - critic/returns/max:3.7499797344207764 - critic/returns/min:-2.0155396461486816 - response_length/mean:11.6962890625 - response_length/max:168.0 - response_length/min:9.0 - response_length/clip_ratio:0.0 - response_length_non_aborted/mean:11.6962890625 - response_length_non_aborted/max:168.0 - response_length_non_aborted/min:9.0 - response_length_non_aborted/clip_ratio:0.0 - response/aborted_ratio:0.0 - prompt_length/mean:2460.25 - prompt_length/max:7960.0 - prompt_length/min:559.0 - prompt_length/clip_ratio:0.0 - num_turns/min:2 - num_turns/max:2 - num_turns/mean:2.0 - timing_s/start_profile:0.0004192510023131035 - timing_s/agent_loop/num_preempted/min:-1 - timing_s/agent_loop/num_preempted/max:-1 - timing_s/agent_loop/num_preempted/mean:-1.0 - timing_s/agent_loop/generate_sequences/min:0.7170375019995845 - timing_s/agent_loop/generate_sequences/max:2.363000817000284 - timing_s/agent_loop/generate_sequences/mean:1.6562372052743584 - timing_s/agent_loop/tool_calls/min:0.0 - timing_s/agent_loop/tool_calls/max:0.0 - timing_s/agent_loop/tool_calls/mean:0.0 - timing_s/agent_loop/compute_score/min:0.003434049001953099 - timing_s/agent_loop/compute_score/max:0.6320720490039093 - timing_s/agent_loop/compute_score/mean:0.15458611383599674 - timing_s/agent_loop/slowest/generate_sequences:1.9235448819963494 - timing_s/agent_loop/slowest/tool_calls:0.0 - timing_s/agent_loop/slowest/compute_score:0.4873870059964247 - timing_s/agent_loop/slowest/num_preempted:-1 - timing_s/agent_loop/slowest/prompt_length:7960 - timing_s/agent_loop/slowest/response_length:9 - timing_s/gen:3.8779861949951737 - timing_s/reward:7.348299550358206e-05 - timing_s/old_log_prob:16.20787240500067 - timing_s/ref:26.08111721000023 - timing_s/adv:0.014559811999788508 - timing_s/update_actor:56.41085020399623 - timing_s/update_weights:5.1818469099962385 - timing_s/step:108.13785263899626 - timing_s/stop_profile:5.137200059834868e-05 - timing_per_token_ms/ref:0.010303557621007386 - timing_per_token_ms/gen:0.3237861062866472 - timing_per_token_ms/adv:5.751972228909528e-06 - timing_per_token_ms/update_actor:0.022285565485823233 - perf/total_num_tokens:2531273 - perf/time_per_step:108.13785263899626 - perf/throughput:2925.979361327707[36m(TaskRunner pid=664535)[0m Training Progress:  41%|████▏     | 31/75 [55:23<1:19:33, 108.49s/it]
[36m(WorkerDict pid=674904)[0m INFO:2026-07-11 08:20:04,576:update_weights done, time cost: 3.35s
[36m(TaskRunner pid=664535)[0m Training Progress:  43%|████▎     | 32/75 [57:08<1:17:11, 107.71s/it]
[36m(WorkerDict pid=674904)[0m INFO:2026-07-11 08:22:06,955:update_weights done, time cost: 3.42s
[36m(TaskRunner pid=664535)[0m Training Progress:  44%|████▍     | 33/75 [59:11<1:18:28, 112.11s/it]
[36m(WorkerDict pid=674904)[0m INFO:2026-07-11 08:23:46,640:update_weights done, time cost: 3.51s

[36m(TaskRunner pid=664535)[0m step:32 - global_seqlen/min:151402 - global_seqlen/max:504366 - global_seqlen/minmax_diff:352964 - global_seqlen/balanced_min:313321 - global_seqlen/balanced_max:313321 - global_seqlen/mean:313321.0 - actor/entropy:0.20644739270210266 - perf/mfu/actor_infer:0.3727355047213993 - actor/pg_clipfrac:0.0 - actor/ppo_kl:0.0 - actor/pg_clipfrac_lower:0.0 - actor/pg_loss:0.0006071427087590564 - actor/kl_loss:0.018854760760642936 - actor/kl_coef:0.05000000000000001 - actor/loss:0.001549883745610714 - actor/grad_norm:1.153925895690918 - actor/lr:5e-07 - perf/mfu/actor:0.28383615562645154 - training/global_step:32 - training/epoch:2 - critic/score/mean:0.16226202249526978 - critic/score/max:0.7781907320022583 - critic/score/min:0.0 - critic/rewards/mean:0.16226202249526978 - critic/rewards/max:0.7781907320022583 - critic/rewards/min:0.0 - critic/advantages/mean:-0.0006071407115086913 - critic/advantages/max:3.749979257583618 - critic/advantages/min:-3.749925374984741 - critic/returns/mean:-0.0006071407115086913 - critic/returns/max:3.749979257583618 - critic/returns/min:-3.749925374984741 - response_length/mean:11.2578125 - response_length/max:16.0 - response_length/min:9.0 - response_length/clip_ratio:0.0 - response_length_non_aborted/mean:11.2578125 - response_length_non_aborted/max:16.0 - response_length_non_aborted/min:9.0 - response_length_non_aborted/clip_ratio:0.0 - response/aborted_ratio:0.0 - prompt_length/mean:2436.5625 - prompt_length/max:7695.0 - prompt_length/min:557.0 - prompt_length/clip_ratio:0.0 - num_turns/min:2 - num_turns/max:2 - num_turns/mean:2.0 - timing_s/start_profile:9.781499829841778e-05 - timing_s/agent_loop/num_preempted/min:-1 - timing_s/agent_loop/num_preempted/max:-1 - timing_s/agent_loop/num_preempted/mean:-1.0 - timing_s/agent_loop/generate_sequences/min:0.7402253550026217 - timing_s/agent_loop/generate_sequences/max:2.4890665200000512 - timing_s/agent_loop/generate_sequences/mean:1.6644741033758308 - timing_s/agent_loop/tool_calls/min:0.0 - timing_s/agent_loop/tool_calls/max:0.0 - timing_s/agent_loop/tool_calls/mean:0.0 - timing_s/agent_loop/compute_score/min:0.0037524139988818206 - timing_s/agent_loop/compute_score/max:0.8099312519989326 - timing_s/agent_loop/compute_score/mean:0.22564635224213703 - timing_s/agent_loop/slowest/generate_sequences:2.3562042670018855 - timing_s/agent_loop/slowest/tool_calls:0.0 - timing_s/agent_loop/slowest/compute_score:0.20361580100143328 - timing_s/agent_loop/slowest/num_preempted:-1 - timing_s/agent_loop/slowest/prompt_length:561 - timing_s/agent_loop/slowest/response_length:16 - timing_s/gen:3.8176105300008203 - timing_s/reward:3.843200101982802e-05 - timing_s/old_log_prob:15.104955235998204 - timing_s/ref:26.231890711998858 - timing_s/adv:0.014582158000848722 - timing_s/update_actor:55.421123610001814 - timing_s/update_weights:5.139542053002515 - timing_s/step:105.85056036999595 - timing_s/stop_profile:3.950199607061222e-05 - timing_per_token_ms/ref:0.010465261948608159 - timing_per_token_ms/gen:0.3311598308467054 - timing_per_token_ms/adv:5.817579256117816e-06 - timing_per_token_ms/update_actor:0.02211036110331011 - perf/total_num_tokens:2506568 - perf/time_per_step:105.85056036999595 - perf/throughput:2960.03156624585
[36m(TaskRunner pid=664535)[0m step:33 - global_seqlen/min:296170 - global_seqlen/max:509025 - global_seqlen/minmax_diff:212855 - global_seqlen/balanced_min:395663 - global_seqlen/balanced_max:395835 - global_seqlen/mean:395702.875 - actor/entropy:0.17843392491340637 - perf/mfu/actor_infer:0.39654756900330596 - actor/pg_clipfrac:0.0 - actor/ppo_kl:0.0 - actor/pg_clipfrac_lower:0.0 - actor/pg_loss:0.020386350265653164 - actor/kl_loss:0.015561029442234503 - actor/kl_coef:0.05000000000000001 - actor/loss:0.02116440236568451 - actor/grad_norm:1.4742225408554077 - actor/lr:5e-07 - perf/mfu/actor:0.3028000524503953 - training/global_step:33 - training/epoch:2 - critic/score/mean:0.19864243268966675 - critic/score/max:0.7704545259475708 - critic/score/min:0.0 - critic/rewards/mean:0.19864243268966675 - critic/rewards/max:0.7704545259475708 - critic/rewards/min:0.0 - critic/advantages/mean:-0.02038634568452835 - critic/advantages/max:3.7499804496765137 - critic/advantages/min:-2.0142858028411865 - critic/returns/mean:-0.02038634568452835 - critic/returns/max:3.7499804496765137 - critic/returns/min:-2.0142858028411865 - response_length/mean:11.2255859375 - response_length/max:502.0 - response_length/min:9.0 - response_length/clip_ratio:0.0 - response_length_non_aborted/mean:11.2255859375 - response_length_non_aborted/max:502.0 - response_length_non_aborted/min:9.0 - response_length_non_aborted/clip_ratio:0.0 - response/aborted_ratio:0.0 - prompt_length/mean:3080.203125 - prompt_length/max:8034.0 - prompt_length/min:557.0 - prompt_length/clip_ratio:0.0 - num_turns/min:2 - num_turns/max:2 - num_turns/mean:2.0 - timing_s/start_profile:3.14920034725219e-05 - timing_s/agent_loop/num_preempted/min:-1 - timing_s/agent_loop/num_preempted/max:-1 - timing_s/agent_loop/num_preempted/mean:-1.0 - timing_s/agent_loop/generate_sequences/min:0.8474812560016289 - timing_s/agent_loop/generate_sequences/max:3.9416916990012396 - timing_s/agent_loop/generate_sequences/mean:1.8120307778320424 - timing_s/agent_loop/tool_calls/min:0.0 - timing_s/agent_loop/tool_calls/max:0.0 - timing_s/agent_loop/tool_calls/mean:0.0 - timing_s/agent_loop/compute_score/min:0.003473600998404436 - timing_s/agent_loop/compute_score/max:0.5485829750032281 - timing_s/agent_loop/compute_score/mean:0.127026153917285 - timing_s/agent_loop/slowest/generate_sequences:3.9416916990012396 - timing_s/agent_loop/slowest/tool_calls:0.0 - timing_s/agent_loop/slowest/compute_score:0.007057476999762002 - timing_s/agent_loop/slowest/num_preempted:-1 - timing_s/agent_loop/slowest/prompt_length:564 - timing_s/agent_loop/slowest/response_length:502 - timing_s/gen:5.166718671003764 - timing_s/reward:9.728399891173467e-05 - timing_s/old_log_prob:18.49375106399384 - timing_s/ref:27.258515114001057 - timing_s/adv:0.014772643000469543 - timing_s/update_actor:66.00709732300311 - timing_s/update_weights:5.2344547850007075 - timing_s/step:122.33676315400226 - timing_s/stop_profile:3.819199628196657e-05 - timing_per_token_ms/ref:0.00861079007639288 - timing_per_token_ms/gen:0.4494753084822761 - timing_per_token_ms/adv:4.666583165610542e-06 - timing_per_token_ms/update_actor:0.02085121864574623 - perf/total_num_tokens:3165623 - perf/time_per_step:122.33676315400226 - perf/throughput:3234.537720291601
[36m(TaskRunner pid=664535)[0m step:34 - global_seqlen/min:135665 - global_seqlen/max:391167 - global_seqlen/minmax_diff:255502 - global_seqlen/balanced_min:274111 - global_seqlen/balanced_max:274112 - global_seqlen/mean:274111.5 - actor/entropy:0.24131037294864655 - perf/mfu/actor_infer:0.3589991576937128 - actor/pg_clipfrac:0.0 - actor/ppo_kl:0.0 - actor/pg_clipfrac_lower:0.0 - actor/pg_loss:-0.005292600684242643 - actor/kl_loss:0.020505605488428905 - actor/kl_coef:0.05000000000000001 - actor/loss:-0.004267320968210697 - actor/grad_norm:0.9419254064559937 - actor/lr:5e-07 - perf/mfu/actor:0.2717639829157373 - training/global_step:34 - training/epoch:2 - critic/score/mean:0.15701629221439362 - critic/score/max:0.7889610528945923 - critic/score/min:0.0 - critic/rewards/mean:0.15701629221439362 - critic/rewards/max:0.7889610528945923 - critic/rewards/min:0.0 - critic/advantages/mean:0.005292598623782396 - critic/advantages/max:3.7499799728393555 - critic/advantages/min:-2.0146548748016357 - critic/returns/mean:0.005292598623782396 - critic/returns/max:3.7499799728393555 - critic/returns/min:-2.0146548748016357 - response_length/mean:11.83984375 - response_length/max:16.0 - response_length/min:9.0 - response_length/clip_ratio:0.0 - response_length_non_aborted/mean:11.83984375 - response_length_non_aborted/max:16.0 - response_length_non_aborted/min:9.0 - response_length_non_aborted/clip_ratio:0.0 - response/aborted_ratio:0.0 - prompt_length/mean:2129.65625 - prompt_length/max:8156.0 - prompt_length/min:556.0 - prompt_length/clip_ratio:0.0 - num_turns/min:2 - num_turns/max:2 - num_turns/mean:2.0 - timing_s/start_profile:3.491200186545029e-05 - timing_s/agent_loop/num_preempted/min:-1 - timing_s/agent_loop/num_preempted/max:-1 - timing_s/agent_loop/num_preempted/mean:-1.0 - timing_s/agent_loop/generate_sequences/min:0.8297897649972583 - timing_s/agent_loop/generate_sequences/max:2.2468762499993318 - timing_s/agent_loop/generate_sequences/mean:1.611793165564471 - timing_s/agent_loop/tool_calls/min:0.0 - timing_s/agent_loop/tool_calls/max:0.0 - timing_s/agent_loop/tool_calls/mean:0.0 - timing_s/agent_loop/compute_score/min:0.0035140019972459413 - timing_s/agent_loop/compute_score/max:0.6377013940000325 - timing_s/agent_loop/compute_score/mean:0.2075962456592393 - timing_s/agent_loop/slowest/generate_sequences:1.926908829002059 - timing_s/agent_loop/slowest/tool_calls:0.0 - timing_s/agent_loop/slowest/compute_score:0.36221346400270704 - timing_s/agent_loop/slowest/num_preempted:-1 - timing_s/agent_loop/slowest/prompt_length:557 - timing_s/agent_loop/slowest/response_length:14 - timing_s/gen:3.5987252069971873 - timing_s/reward:3.394100349396467e-05 - timing_s/old_log_prob:14.184743275000073 - timing_s/ref:25.757376744004432 - timing_s/adv:0.014529970998410136 - timing_s/update_actor:50.64177005399688 - timing_s/update_weights:5.358319323997421 - timing_s/step:99.71458307700232 - timing_s/stop_profile:3.8392005080822855e-05 - timing_per_token_ms/ref:0.011745848288016204 - timing_per_token_ms/gen:0.29682655946859016 - timing_per_token_ms/adv:6.625940082051527e-06 - timing_per_token_ms/update_actor:0.02309359970942339 - perf/total_num_tokens:2192892 - perf/time_per_step:99.71458307700232 - perf/throughput:2748.960999900322[36m(TaskRunner pid=664535)[0m Training Progress:  45%|████▌     | 34/75 [1:00:50<1:14:04, 108.40s/it]
[36m(WorkerDict pid=674904)[0m INFO:2026-07-11 08:25:43,538:update_weights done, time cost: 3.44s
[36m(TaskRunner pid=664535)[0m Training Progress:  47%|████▋     | 35/75 [1:02:47<1:13:57, 110.94s/it]
[36m(WorkerDict pid=674904)[0m INFO:2026-07-11 08:27:23,086:update_weights done, time cost: 3.23s
[36m(TaskRunner pid=664535)[0m Training Progress:  48%|████▊     | 36/75 [1:04:27<1:09:52, 107.51s/it]
[36m(WorkerDict pid=674904)[0m INFO:2026-07-11 08:28:57,050:update_weights done, time cost: 3.17s

[36m(TaskRunner pid=664535)[0m step:35 - global_seqlen/min:202785 - global_seqlen/max:476946 - global_seqlen/minmax_diff:274161 - global_seqlen/balanced_min:376316 - global_seqlen/balanced_max:376317 - global_seqlen/mean:376316.625 - actor/entropy:0.18555279076099396 - perf/mfu/actor_infer:0.3935110761896594 - actor/pg_clipfrac:0.0 - actor/ppo_kl:0.0 - actor/pg_clipfrac_lower:0.0 - actor/pg_loss:0.008748990063395468 - actor/kl_loss:0.016816704540319166 - actor/kl_coef:0.05000000000000001 - actor/loss:0.009589827619493008 - actor/grad_norm:1.0880531072616577 - actor/lr:5e-07 - perf/mfu/actor:0.3001093111549 - training/global_step:35 - training/epoch:2 - critic/score/mean:0.16846734285354614 - critic/score/max:0.7689130306243896 - critic/score/min:0.0 - critic/rewards/mean:0.16846734285354614 - critic/rewards/max:0.7689130306243896 - critic/rewards/min:0.0 - critic/advantages/mean:-0.008748989552259445 - critic/advantages/max:3.7499802112579346 - critic/advantages/min:-2.3107876777648926 - critic/returns/mean:-0.008748989552259445 - critic/returns/max:3.7499802112579346 - critic/returns/min:-2.3107876777648926 - response_length/mean:11.0048828125 - response_length/max:17.0 - response_length/min:9.0 - response_length/clip_ratio:0.0 - response_length_non_aborted/mean:11.0048828125 - response_length_non_aborted/max:17.0 - response_length_non_aborted/min:9.0 - response_length_non_aborted/clip_ratio:0.0 - response/aborted_ratio:0.0 - prompt_length/mean:2928.96875 - prompt_length/max:7436.0 - prompt_length/min:557.0 - prompt_length/clip_ratio:0.0 - num_turns/min:2 - num_turns/max:2 - num_turns/mean:2.0 - timing_s/start_profile:3.2941003155428916e-05 - timing_s/agent_loop/num_preempted/min:-1 - timing_s/agent_loop/num_preempted/max:-1 - timing_s/agent_loop/num_preempted/mean:-1.0 - timing_s/agent_loop/generate_sequences/min:0.773921715997858 - timing_s/agent_loop/generate_sequences/max:2.670627223997144 - timing_s/agent_loop/generate_sequences/mean:1.8002275553602018 - timing_s/agent_loop/tool_calls/min:0.0 - timing_s/agent_loop/tool_calls/max:0.0 - timing_s/agent_loop/tool_calls/mean:0.0 - timing_s/agent_loop/compute_score/min:0.0034862509928643703 - timing_s/agent_loop/compute_score/max:0.7077408629993442 - timing_s/agent_loop/compute_score/mean:0.1338116194002552 - timing_s/agent_loop/slowest/generate_sequences:2.4334969429983175 - timing_s/agent_loop/slowest/tool_calls:0.0 - timing_s/agent_loop/slowest/compute_score:0.2880362649957533 - timing_s/agent_loop/slowest/num_preempted:-1 - timing_s/agent_loop/slowest/prompt_length:693 - timing_s/agent_loop/slowest/response_length:15 - timing_s/gen:3.9235801940012607 - timing_s/reward:3.3871998311951756e-05 - timing_s/old_log_prob:17.39968036600476 - timing_s/ref:26.642203980001796 - timing_s/adv:0.014469621004536748 - timing_s/update_actor:63.474615858001926 - timing_s/update_weights:5.239227963000303 - timing_s/step:116.84651850699447 - timing_s/stop_profile:4.127300053369254e-05 - timing_per_token_ms/ref:0.008849663491482005 - timing_per_token_ms/gen:0.3481746556039809 - timing_per_token_ms/adv:4.8063319699657e-06 - timing_per_token_ms/update_actor:0.02108417873446394 - perf/total_num_tokens:3010533 - perf/time_per_step:116.84651850699447 - perf/throughput:3220.606226085149
[36m(TaskRunner pid=664535)[0m step:36 - global_seqlen/min:213585 - global_seqlen/max:391376 - global_seqlen/minmax_diff:177791 - global_seqlen/balanced_min:276684 - global_seqlen/balanced_max:276685 - global_seqlen/mean:276684.875 - actor/entropy:0.25359657406806946 - perf/mfu/actor_infer:0.3591044485813993 - actor/pg_clipfrac:0.0 - actor/ppo_kl:0.0 - actor/pg_clipfrac_lower:0.0 - actor/pg_loss:0.003937128259167366 - actor/kl_loss:0.026449466915681133 - actor/kl_coef:0.05000000000000001 - actor/loss:0.005259605590254068 - actor/grad_norm:1.1255985498428345 - actor/lr:5e-07 - perf/mfu/actor:0.2733240757196863 - training/global_step:36 - training/epoch:2 - critic/score/mean:0.17157338559627533 - critic/score/max:0.7707920670509338 - critic/score/min:0.0 - critic/rewards/mean:0.17157338559627533 - critic/rewards/max:0.7707920670509338 - critic/rewards/min:0.0 - critic/advantages/mean:-0.003937122877687216 - critic/advantages/max:3.7499804496765137 - critic/advantages/min:-3.507204055786133 - critic/returns/mean:-0.003937122877687216 - critic/returns/max:3.7499804496765137 - critic/returns/min:-3.507204055786133 - response_length/mean:12.1162109375 - response_length/max:17.0 - response_length/min:9.0 - response_length/clip_ratio:0.0 - response_length_non_aborted/mean:12.1162109375 - response_length_non_aborted/max:17.0 - response_length_non_aborted/min:9.0 - response_length_non_aborted/clip_ratio:0.0 - response/aborted_ratio:0.0 - prompt_length/mean:2149.484375 - prompt_length/max:7585.0 - prompt_length/min:556.0 - prompt_length/clip_ratio:0.0 - num_turns/min:2 - num_turns/max:2 - num_turns/mean:2.0 - timing_s/start_profile:3.188099799444899e-05 - timing_s/agent_loop/num_preempted/min:-1 - timing_s/agent_loop/num_preempted/max:-1 - timing_s/agent_loop/num_preempted/mean:-1.0 - timing_s/agent_loop/generate_sequences/min:0.8141379570006393 - timing_s/agent_loop/generate_sequences/max:2.265766340002301 - timing_s/agent_loop/generate_sequences/mean:1.6661354195137008 - timing_s/agent_loop/tool_calls/min:0.0 - timing_s/agent_loop/tool_calls/max:0.0 - timing_s/agent_loop/tool_calls/mean:0.0 - timing_s/agent_loop/compute_score/min:0.0035753760021179914 - timing_s/agent_loop/compute_score/max:0.7210438180045458 - timing_s/agent_loop/compute_score/mean:0.22119057783497453 - timing_s/agent_loop/slowest/generate_sequences:2.1912886749996687 - timing_s/agent_loop/slowest/tool_calls:0.0 - timing_s/agent_loop/slowest/compute_score:0.12822124300146243 - timing_s/agent_loop/slowest/num_preempted:-1 - timing_s/agent_loop/slowest/prompt_length:976 - timing_s/agent_loop/slowest/response_length:15 - timing_s/gen:3.557505326003593 - timing_s/reward:3.860200376948342e-05 - timing_s/old_log_prob:13.920547430003353 - timing_s/ref:25.866984132000653 - timing_s/adv:0.01465217999793822 - timing_s/update_actor:50.877577063998615 - timing_s/update_weights:5.092427993004094 - timing_s/step:99.48981784699572 - timing_s/stop_profile:3.988199750892818e-05 - timing_per_token_ms/ref:0.011686121319425508 - timing_per_token_ms/gen:0.2867337249942446 - timing_per_token_ms/adv:6.6195251899558205e-06 - timing_per_token_ms/update_actor:0.0229853443669439 - perf/total_num_tokens:2213479 - perf/time_per_step:99.48981784699572 - perf/throughput:2781.0371049780247
[36m(TaskRunner pid=664535)[0m step:37 - global_seqlen/min:140133 - global_seqlen/max:330224 - global_seqlen/minmax_diff:190091 - global_seqlen/balanced_min:245070 - global_seqlen/balanced_max:245071 - global_seqlen/mean:245070.875 - actor/entropy:0.24590039253234863 - perf/mfu/actor_infer:0.34605835377875455 - actor/pg_clipfrac:0.0 - actor/ppo_kl:0.0 - actor/pg_clipfrac_lower:0.0 - actor/pg_loss:0.014573594010471425 - actor/kl_loss:0.022696392002989015 - actor/kl_coef:0.05000000000000001 - actor/loss:0.01570841670036316 - actor/grad_norm:1.250569224357605 - actor/lr:5e-07 - perf/mfu/actor:0.2610843028302757 - training/global_step:37 - training/epoch:2 - critic/score/mean:0.16381128132343292 - critic/score/max:0.7739361524581909 - critic/score/min:0.0 - critic/rewards/mean:0.16381128132343292 - critic/rewards/max:0.7739361524581909 - critic/rewards/min:0.0 - critic/advantages/mean:-0.014573594555258751 - critic/advantages/max:3.7499802112579346 - critic/advantages/min:-2.5617005825042725 - critic/returns/mean:-0.014573594555258751 - critic/returns/max:3.7499802112579346 - critic/returns/min:-2.5617005825042725 - response_length/mean:11.8818359375 - response_length/max:17.0 - response_length/min:9.0 - response_length/clip_ratio:0.0 - response_length_non_aborted/mean:11.8818359375 - response_length_non_aborted/max:17.0 - response_length_non_aborted/min:9.0 - response_length_non_aborted/clip_ratio:0.0 - response/aborted_ratio:0.0 - prompt_length/mean:1902.734375 - prompt_length/max:7253.0 - prompt_length/min:556.0 - prompt_length/clip_ratio:0.0 - num_turns/min:2 - num_turns/max:2 - num_turns/mean:2.0 - timing_s/start_profile:3.821199788944796e-05 - timing_s/agent_loop/num_preempted/min:-1 - timing_s/agent_loop/num_preempted/max:-1 - timing_s/agent_loop/num_preempted/mean:-1.0 - timing_s/agent_loop/generate_sequences/min:0.7935103540003183 - timing_s/agent_loop/generate_sequences/max:2.1028307390006375 - timing_s/agent_loop/generate_sequences/mean:1.5203354257021218 - timing_s/agent_loop/tool_calls/min:0.0 - timing_s/agent_loop/tool_calls/max:0.0 - timing_s/agent_loop/tool_calls/mean:0.0 - timing_s/agent_loop/compute_score/min:0.0035913059982704 - timing_s/agent_loop/compute_score/max:0.7595926989961299 - timing_s/agent_loop/compute_score/mean:0.25209741604099634 - timing_s/agent_loop/slowest/generate_sequences:1.3922795030011912 - timing_s/agent_loop/slowest/tool_calls:0.0 - timing_s/agent_loop/slowest/compute_score:0.7595926989961299 - timing_s/agent_loop/slowest/num_preempted:-1 - timing_s/agent_loop/slowest/prompt_length:3073 - timing_s/agent_loop/slowest/response_length:9 - timing_s/gen:3.4007326179998927 - timing_s/reward:2.5520996132399887e-05 - timing_s/old_log_prob:13.071785455998906 - timing_s/ref:25.05315490099747 - timing_s/adv:0.015553763005300425 - timing_s/update_actor:47.287416095998196 - timing_s/update_weights:5.022226663000765 - timing_s/step:94.00401543799671 - timing_s/stop_profile:4.918199556414038e-05 - timing_per_token_ms/ref:0.012778525243461443 - timing_per_token_ms/gen:0.27950461231198265 - timing_per_token_ms/adv:7.93329838016269e-06 - timing_per_token_ms/update_actor:0.02411925534602908 - perf/total_num_tokens:1960567 - perf/time_per_step:94.00401543799671 - perf/throughput:2607.025602663156[36m(TaskRunner pid=664535)[0m Training Progress:  49%|████▉     | 37/75 [1:06:01<1:05:31, 103.46s/it]
[36m(WorkerDict pid=674904)[0m INFO:2026-07-11 08:30:34,176:update_weights done, time cost: 3.17s
[36m(TaskRunner pid=664535)[0m Training Progress:  51%|█████     | 38/75 [1:07:38<1:02:37, 101.56s/it]
[36m(WorkerDict pid=674904)[0m INFO:2026-07-11 08:32:16,428:update_weights done, time cost: 3.52s
[36m(TaskRunner pid=664535)[0m Training Progress:  52%|█████▏    | 39/75 [1:09:20<1:01:03, 101.77s/it]
[36m(WorkerDict pid=674904)[0m INFO:2026-07-11 08:34:02,650:update_weights done, time cost: 3.46s

[36m(TaskRunner pid=664535)[0m step:38 - global_seqlen/min:145814 - global_seqlen/max:405478 - global_seqlen/minmax_diff:259664 - global_seqlen/balanced_min:264900 - global_seqlen/balanced_max:264901 - global_seqlen/mean:264900.125 - actor/entropy:0.25688478350639343 - perf/mfu/actor_infer:0.35547405473560517 - actor/pg_clipfrac:0.0 - actor/ppo_kl:0.0 - actor/pg_clipfrac_lower:0.0 - actor/pg_loss:0.005321924581949133 - actor/kl_loss:0.02219033887840762 - actor/kl_coef:0.05000000000000001 - actor/loss:0.0064314380288124084 - actor/grad_norm:0.9928654432296753 - actor/lr:5e-07 - perf/mfu/actor:0.2689959525015536 - training/global_step:38 - training/epoch:2 - critic/score/mean:0.16782276332378387 - critic/score/max:0.7664835453033447 - critic/score/min:0.0 - critic/rewards/mean:0.16782276332378387 - critic/rewards/max:0.7664835453033447 - critic/rewards/min:0.0 - critic/advantages/mean:-0.005321920849382877 - critic/advantages/max:3.7499797344207764 - critic/advantages/min:-2.0136773586273193 - critic/returns/mean:-0.005321920849382877 - critic/returns/max:3.7499797344207764 - critic/returns/min:-2.0136773586273193 - response_length/mean:12.1103515625 - response_length/max:20.0 - response_length/min:9.0 - response_length/clip_ratio:0.0 - response_length_non_aborted/mean:12.1103515625 - response_length_non_aborted/max:20.0 - response_length_non_aborted/min:9.0 - response_length_non_aborted/clip_ratio:0.0 - response/aborted_ratio:0.0 - prompt_length/mean:2057.421875 - prompt_length/max:6752.0 - prompt_length/min:556.0 - prompt_length/clip_ratio:0.0 - num_turns/min:2 - num_turns/max:2 - num_turns/mean:2.0 - timing_s/start_profile:3.45110020134598e-05 - timing_s/agent_loop/num_preempted/min:-1 - timing_s/agent_loop/num_preempted/max:-1 - timing_s/agent_loop/num_preempted/mean:-1.0 - timing_s/agent_loop/generate_sequences/min:0.8792032600031234 - timing_s/agent_loop/generate_sequences/max:2.230810854001902 - timing_s/agent_loop/generate_sequences/mean:1.6617829831025546 - timing_s/agent_loop/tool_calls/min:0.0 - timing_s/agent_loop/tool_calls/max:0.0 - timing_s/agent_loop/tool_calls/mean:0.0 - timing_s/agent_loop/compute_score/min:0.0035757950026891194 - timing_s/agent_loop/compute_score/max:0.7187143730043317 - timing_s/agent_loop/compute_score/mean:0.25242465463483654 - timing_s/agent_loop/slowest/generate_sequences:1.570007323003665 - timing_s/agent_loop/slowest/tool_calls:0.0 - timing_s/agent_loop/slowest/compute_score:0.6958690719984588 - timing_s/agent_loop/slowest/num_preempted:-1 - timing_s/agent_loop/slowest/prompt_length:4321 - timing_s/agent_loop/slowest/response_length:9 - timing_s/gen:3.5577411680060322 - timing_s/reward:3.4872005926445127e-05 - timing_s/old_log_prob:13.477519745996688 - timing_s/ref:25.57974255499721 - timing_s/adv:0.01461252599983709 - timing_s/update_actor:49.35422624599596 - timing_s/update_weights:4.993195809998724 - timing_s/step:97.10009579100006 - timing_s/stop_profile:5.1292998250573874e-05 - timing_per_token_ms/ref:0.012070465498552148 - timing_per_token_ms/gen:0.28689147391388053 - timing_per_token_ms/adv:6.895299690702811e-06 - timing_per_token_ms/update_actor:0.02328907274298 - perf/total_num_tokens:2119201 - perf/time_per_step:97.10009579100006 - perf/throughput:2728.1139410014143
[36m(TaskRunner pid=664535)[0m step:39 - global_seqlen/min:190815 - global_seqlen/max:408856 - global_seqlen/minmax_diff:218041 - global_seqlen/balanced_min:287135 - global_seqlen/balanced_max:287136 - global_seqlen/mean:287135.375 - actor/entropy:0.2458886206150055 - perf/mfu/actor_infer:0.36305940298698497 - actor/pg_clipfrac:0.0 - actor/ppo_kl:0.0 - actor/pg_clipfrac_lower:0.0 - actor/pg_loss:-0.0023251812949638406 - actor/kl_loss:0.019940441725088742 - actor/kl_coef:0.05000000000000001 - actor/loss:-0.0013281567953526974 - actor/grad_norm:1.2292494773864746 - actor/lr:5e-07 - perf/mfu/actor:0.2755720168689751 - training/global_step:39 - training/epoch:2 - critic/score/mean:0.1971927285194397 - critic/score/max:0.7668367624282837 - critic/score/min:0.0 - critic/rewards/mean:0.1971927285194397 - critic/rewards/max:0.7668367624282837 - critic/rewards/min:0.0 - critic/advantages/mean:0.0023251844104379416 - critic/advantages/max:3.7499802112579346 - critic/advantages/min:-3.7297065258026123 - critic/returns/mean:0.0023251844104379416 - critic/returns/max:3.7499802112579346 - critic/returns/min:-3.7297065258026123 - response_length/mean:12.0576171875 - response_length/max:16.0 - response_length/min:9.0 - response_length/clip_ratio:0.0 - response_length_non_aborted/mean:12.0576171875 - response_length_non_aborted/max:16.0 - response_length_non_aborted/min:9.0 - response_length_non_aborted/clip_ratio:0.0 - response/aborted_ratio:0.0 - prompt_length/mean:2231.1875 - prompt_length/max:7777.0 - prompt_length/min:557.0 - prompt_length/clip_ratio:0.0 - num_turns/min:2 - num_turns/max:2 - num_turns/mean:2.0 - timing_s/start_profile:3.8912003219593316e-05 - timing_s/agent_loop/num_preempted/min:-1 - timing_s/agent_loop/num_preempted/max:-1 - timing_s/agent_loop/num_preempted/mean:-1.0 - timing_s/agent_loop/generate_sequences/min:0.7553474930027733 - timing_s/agent_loop/generate_sequences/max:2.2539708979966235 - timing_s/agent_loop/generate_sequences/mean:1.6437683457245527 - timing_s/agent_loop/tool_calls/min:0.0 - timing_s/agent_loop/tool_calls/max:0.0 - timing_s/agent_loop/tool_calls/mean:0.0 - timing_s/agent_loop/compute_score/min:0.0034586900001158938 - timing_s/agent_loop/compute_score/max:0.6425569909988553 - timing_s/agent_loop/compute_score/mean:0.1752968618115105 - timing_s/agent_loop/slowest/generate_sequences:1.835414266002772 - timing_s/agent_loop/slowest/tool_calls:0.0 - timing_s/agent_loop/slowest/compute_score:0.46723349999956554 - timing_s/agent_loop/slowest/num_preempted:-1 - timing_s/agent_loop/slowest/prompt_length:672 - timing_s/agent_loop/slowest/response_length:15 - timing_s/gen:3.515982265002094 - timing_s/reward:2.8001995815429837e-05 - timing_s/old_log_prob:14.618334197002696 - timing_s/ref:25.836109045005287 - timing_s/adv:0.015543030000117142 - timing_s/update_actor:52.77128434399492 - timing_s/update_weights:5.323911314000725 - timing_s/step:102.23595432900038 - timing_s/stop_profile:3.928200021618977e-05 - timing_per_token_ms/ref:0.011247355469961376 - timing_per_token_ms/gen:0.28476409370714295 - timing_per_token_ms/adv:6.766420717108238e-06 - timing_per_token_ms/update_actor:0.022973172647220375 - perf/total_num_tokens:2297083 - perf/time_per_step:102.23595432900038 - perf/throughput:2808.5557266476344
[36m(TaskRunner pid=664535)[0m step:40 - global_seqlen/min:104169 - global_seqlen/max:447362 - global_seqlen/minmax_diff:343193 - global_seqlen/balanced_min:308062 - global_seqlen/balanced_max:308062 - global_seqlen/mean:308062.0 - actor/entropy:0.25477835536003113 - perf/mfu/actor_infer:0.3707000525230118 - actor/pg_clipfrac:0.0 - actor/ppo_kl:0.0 - actor/pg_clipfrac_lower:0.0 - actor/pg_loss:0.009595731031367905 - actor/kl_loss:0.024304211537713158 - actor/kl_coef:0.05000000000000001 - actor/loss:0.010810944251716137 - actor/grad_norm:1.352108120918274 - actor/lr:5e-07 - perf/mfu/actor:0.2820914403194282 - training/global_step:40 - training/epoch:2 - critic/score/mean:0.19469374418258667 - critic/score/max:0.7917721271514893 - critic/score/min:0.0 - critic/rewards/mean:0.19469374418258667 - critic/rewards/max:0.7917721271514893 - critic/rewards/min:0.0 - critic/advantages/mean:-0.009595728479325771 - critic/advantages/max:3.7499804496765137 - critic/advantages/min:-3.6319992542266846 - critic/returns/mean:-0.009595728479325771 - critic/returns/max:3.7499804496765137 - critic/returns/min:-3.6319992542266846 - response_length/mean:12.109375 - response_length/max:16.0 - response_length/min:9.0 - response_length/clip_ratio:0.0 - response_length_non_aborted/mean:12.109375 - response_length_non_aborted/max:16.0 - response_length_non_aborted/min:9.0 - response_length_non_aborted/clip_ratio:0.0 - response/aborted_ratio:0.0 - prompt_length/mean:2394.625 - prompt_length/max:7581.0 - prompt_length/min:558.0 - prompt_length/clip_ratio:0.0 - num_turns/min:2 - num_turns/max:2 - num_turns/mean:2.0 - timing_s/start_profile:6.81429955875501e-05 - timing_s/agent_loop/num_preempted/min:-1 - timing_s/agent_loop/num_preempted/max:-1 - timing_s/agent_loop/num_preempted/mean:-1.0 - timing_s/agent_loop/generate_sequences/min:0.7824273740043282 - timing_s/agent_loop/generate_sequences/max:2.4055178050039103 - timing_s/agent_loop/generate_sequences/mean:1.7003931560694454 - timing_s/agent_loop/tool_calls/min:0.0 - timing_s/agent_loop/tool_calls/max:0.0 - timing_s/agent_loop/tool_calls/mean:0.0 - timing_s/agent_loop/compute_score/min:0.003537052994943224 - timing_s/agent_loop/compute_score/max:0.6825379029978649 - timing_s/agent_loop/compute_score/mean:0.19690906241409323 - timing_s/agent_loop/slowest/generate_sequences:2.11901776400191 - timing_s/agent_loop/slowest/tool_calls:0.0 - timing_s/agent_loop/slowest/compute_score:0.33081129899801454 - timing_s/agent_loop/slowest/num_preempted:-1 - timing_s/agent_loop/slowest/prompt_length:918 - timing_s/agent_loop/slowest/response_length:15 - timing_s/gen:3.662156699996558 - timing_s/reward:2.8261005354579538e-05 - timing_s/old_log_prob:15.046846869998262 - timing_s/ref:26.614107640001748 - timing_s/adv:0.014501172001473606 - timing_s/update_actor:55.38188290999824 - timing_s/update_weights:5.299686375998135 - timing_s/step:106.2049979479998 - timing_s/stop_profile:3.968200326198712e-05 - timing_per_token_ms/ref:0.010799006222774047 - timing_per_token_ms/gen:0.2953352177416579 - timing_per_token_ms/adv:5.884031461797303e-06 - timing_per_token_ms/update_actor:0.022471889956404166 - perf/total_num_tokens:2464496 - perf/time_per_step:106.2049979479998 - perf/throughput:2900.6356193409433[36m(TaskRunner pid=664535)[0m Training Progress:  53%|█████▎    | 40/75 [1:11:07<1:00:08, 103.11s/it]
[36m(WorkerDict pid=674904)[0m INFO:2026-07-11 08:35:38,063:update_weights done, time cost: 3.29s
[36m(TaskRunner pid=664535)[0m Training Progress:  55%|█████▍    | 41/75 [1:12:42<57:06, 100.79s/it]
[36m(WorkerDict pid=674904)[0m INFO:2026-07-11 08:37:23,441:update_weights done, time cost: 3.04s
[36m(TaskRunner pid=664535)[0m Training Progress:  56%|█████▌    | 42/75 [1:14:27<56:10, 102.14s/it]
[36m(WorkerDict pid=674904)[0m INFO:2026-07-11 08:39:07,322:update_weights done, time cost: 3.20s

[36m(TaskRunner pid=664535)[0m step:41 - global_seqlen/min:147981 - global_seqlen/max:353936 - global_seqlen/minmax_diff:205955 - global_seqlen/balanced_min:249596 - global_seqlen/balanced_max:249597 - global_seqlen/mean:249596.375 - actor/entropy:0.25003722310066223 - perf/mfu/actor_infer:0.3480107117210584 - actor/pg_clipfrac:0.0 - actor/ppo_kl:0.0 - actor/pg_clipfrac_lower:0.0 - actor/pg_loss:0.00846480105064984 - actor/kl_loss:0.025922991196048573 - actor/kl_coef:0.05000000000000001 - actor/loss:0.009760950691998005 - actor/grad_norm:1.5773324966430664 - actor/lr:5e-07 - perf/mfu/actor:0.26268534930043835 - training/global_step:41 - training/epoch:2 - critic/score/mean:0.21145585179328918 - critic/score/max:0.7620000243186951 - critic/score/min:0.0 - critic/rewards/mean:0.21145585179328918 - critic/rewards/max:0.7620000243186951 - critic/rewards/min:0.0 - critic/advantages/mean:-0.00846480205655098 - critic/advantages/max:3.7499706745147705 - critic/advantages/min:-2.5617005825042725 - critic/returns/mean:-0.00846480205655098 - critic/returns/max:3.7499706745147705 - critic/returns/min:-2.5617005825042725 - response_length/mean:12.0185546875 - response_length/max:17.0 - response_length/min:9.0 - response_length/clip_ratio:0.0 - response_length_non_aborted/mean:12.0185546875 - response_length_non_aborted/max:17.0 - response_length_non_aborted/min:9.0 - response_length_non_aborted/clip_ratio:0.0 - response/aborted_ratio:0.0 - prompt_length/mean:1937.953125 - prompt_length/max:7483.0 - prompt_length/min:556.0 - prompt_length/clip_ratio:0.0 - num_turns/min:2 - num_turns/max:2 - num_turns/mean:2.0 - timing_s/start_profile:3.825200110441074e-05 - timing_s/agent_loop/num_preempted/min:-1 - timing_s/agent_loop/num_preempted/max:-1 - timing_s/agent_loop/num_preempted/mean:-1.0 - timing_s/agent_loop/generate_sequences/min:0.8235925749977469 - timing_s/agent_loop/generate_sequences/max:2.1401014360017143 - timing_s/agent_loop/generate_sequences/mean:1.5832228504286832 - timing_s/agent_loop/tool_calls/min:0.0 - timing_s/agent_loop/tool_calls/max:0.0 - timing_s/agent_loop/tool_calls/mean:0.0 - timing_s/agent_loop/compute_score/min:0.003504820997477509 - timing_s/agent_loop/compute_score/max:0.6268062329982058 - timing_s/agent_loop/compute_score/mean:0.22747034318261683 - timing_s/agent_loop/slowest/generate_sequences:1.7470926100068027 - timing_s/agent_loop/slowest/tool_calls:0.0 - timing_s/agent_loop/slowest/compute_score:0.42069371399702504 - timing_s/agent_loop/slowest/num_preempted:-1 - timing_s/agent_loop/slowest/prompt_length:3991 - timing_s/agent_loop/slowest/response_length:9 - timing_s/gen:3.4707566930010216 - timing_s/reward:2.767200203379616e-05 - timing_s/old_log_prob:13.338911311002448 - timing_s/ref:25.196521493002365 - timing_s/adv:0.01445563300512731 - timing_s/update_actor:47.957367016002536 - timing_s/update_weights:5.189771987003041 - timing_s/step:95.35199051700329 - timing_s/stop_profile:4.283199814381078e-05 - timing_per_token_ms/ref:0.01261863353033591 - timing_per_token_ms/gen:0.2820148446413441 - timing_per_token_ms/adv:7.2395046828741555e-06 - timing_per_token_ms/update_actor:0.02401745969668156 - perf/total_num_tokens:1996771 - perf/time_per_step:95.35199051700329 - perf/throughput:2617.6315108544236
[36m(TaskRunner pid=664535)[0m step:42 - global_seqlen/min:220972 - global_seqlen/max:437506 - global_seqlen/minmax_diff:216534 - global_seqlen/balanced_min:305665 - global_seqlen/balanced_max:305666 - global_seqlen/mean:305665.875 - actor/entropy:0.21627089381217957 - perf/mfu/actor_infer:0.3720950375254874 - actor/pg_clipfrac:0.0 - actor/ppo_kl:0.0 - actor/pg_clipfrac_lower:0.0 - actor/pg_loss:0.0026653890636225697 - actor/kl_loss:0.023610226558849867 - actor/kl_coef:0.05000000000000001 - actor/loss:0.0038458947092294693 - actor/grad_norm:1.1990535259246826 - actor/lr:5e-07 - perf/mfu/actor:0.2825373236212596 - training/global_step:42 - training/epoch:2 - critic/score/mean:0.19585354626178741 - critic/score/max:0.7768319249153137 - critic/score/min:0.0 - critic/rewards/mean:0.19585354626178741 - critic/rewards/max:0.7768319249153137 - critic/rewards/min:0.0 - critic/advantages/mean:-0.0026653925888240337 - critic/advantages/max:3.7499797344207764 - critic/advantages/min:-2.014008045196533 - critic/returns/mean:-0.0026653925888240337 - critic/returns/max:3.7499797344207764 - critic/returns/min:-2.014008045196533 - response_length/mean:11.5615234375 - response_length/max:17.0 - response_length/min:9.0 - response_length/clip_ratio:0.0 - response_length_non_aborted/mean:11.5615234375 - response_length_non_aborted/max:17.0 - response_length_non_aborted/min:9.0 - response_length_non_aborted/clip_ratio:0.0 - response/aborted_ratio:0.0 - prompt_length/mean:2376.453125 - prompt_length/max:7012.0 - prompt_length/min:557.0 - prompt_length/clip_ratio:0.0 - num_turns/min:2 - num_turns/max:2 - num_turns/mean:2.0 - timing_s/start_profile:4.0031998651102185e-05 - timing_s/agent_loop/num_preempted/min:-1 - timing_s/agent_loop/num_preempted/max:-1 - timing_s/agent_loop/num_preempted/mean:-1.0 - timing_s/agent_loop/generate_sequences/min:0.7684458309959155 - timing_s/agent_loop/generate_sequences/max:2.424578238998947 - timing_s/agent_loop/generate_sequences/mean:1.690735460346815 - timing_s/agent_loop/tool_calls/min:0.0 - timing_s/agent_loop/tool_calls/max:0.0 - timing_s/agent_loop/tool_calls/mean:0.0 - timing_s/agent_loop/compute_score/min:0.00359350600047037 - timing_s/agent_loop/compute_score/max:0.7660377830034122 - timing_s/agent_loop/compute_score/mean:0.18374737381641637 - timing_s/agent_loop/slowest/generate_sequences:2.3206153319988516 - timing_s/agent_loop/slowest/tool_calls:0.0 - timing_s/agent_loop/slowest/compute_score:0.13191611700312933 - timing_s/agent_loop/slowest/num_preempted:-1 - timing_s/agent_loop/slowest/prompt_length:563 - timing_s/agent_loop/slowest/response_length:16 - timing_s/gen:3.6419675680008368 - timing_s/reward:2.6792004064191133e-05 - timing_s/old_log_prob:15.333435205997375 - timing_s/ref:25.909256045000802 - timing_s/adv:0.014478648001386318 - timing_s/update_actor:54.857355500003905 - timing_s/update_weights:5.337014619995898 - timing_s/step:105.27593853099825 - timing_s/stop_profile:3.775199729716405e-05 - timing_per_token_ms/ref:0.01059541568264727 - timing_per_token_ms/gen:0.3076245939691559 - timing_per_token_ms/adv:5.920945542819557e-06 - timing_per_token_ms/update_actor:0.02243354590204251 - perf/total_num_tokens:2445327 - perf/time_per_step:105.27593853099825 - perf/throughput:2903.473284258562
[36m(TaskRunner pid=664535)[0m step:43 - global_seqlen/min:172194 - global_seqlen/max:478171 - global_seqlen/minmax_diff:305977 - global_seqlen/balanced_min:300836 - global_seqlen/balanced_max:300837 - global_seqlen/mean:300836.875 - actor/entropy:0.23387330770492554 - perf/mfu/actor_infer:0.36805300549082354 - actor/pg_clipfrac:0.0 - actor/ppo_kl:0.0 - actor/pg_clipfrac_lower:0.0 - actor/pg_loss:-0.001446004894321895 - actor/kl_loss:0.0231437999407045 - actor/kl_coef:0.05000000000000001 - actor/loss:-0.00028881244361400604 - actor/grad_norm:1.6355594396591187 - actor/lr:5e-07 - perf/mfu/actor:0.2798435245602885 - training/global_step:43 - training/epoch:2 - critic/score/mean:0.20352888107299805 - critic/score/max:0.7765979170799255 - critic/score/min:0.0 - critic/rewards/mean:0.20352888107299805 - critic/rewards/max:0.7765979170799255 - critic/rewards/min:0.0 - critic/advantages/mean:0.0014460037928074598 - critic/advantages/max:3.7499802112579346 - critic/advantages/min:-2.5617005825042725 - critic/returns/mean:0.0014460037928074598 - critic/returns/max:3.7499802112579346 - critic/returns/min:-2.5617005825042725 - response_length/mean:11.7099609375 - response_length/max:17.0 - response_length/min:9.0 - response_length/clip_ratio:0.0 - response_length_non_aborted/mean:11.7099609375 - response_length_non_aborted/max:17.0 - response_length_non_aborted/min:9.0 - response_length_non_aborted/clip_ratio:0.0 - response/aborted_ratio:0.0 - prompt_length/mean:2338.578125 - prompt_length/max:8102.0 - prompt_length/min:556.0 - prompt_length/clip_ratio:0.0 - num_turns/min:2 - num_turns/max:2 - num_turns/mean:2.0 - timing_s/start_profile:4.008200630778447e-05 - timing_s/agent_loop/num_preempted/min:-1 - timing_s/agent_loop/num_preempted/max:-1 - timing_s/agent_loop/num_preempted/mean:-1.0 - timing_s/agent_loop/generate_sequences/min:0.7766793100017821 - timing_s/agent_loop/generate_sequences/max:2.372866352998244 - timing_s/agent_loop/generate_sequences/mean:1.6985005544051859 - timing_s/agent_loop/tool_calls/min:0.0 - timing_s/agent_loop/tool_calls/max:0.0 - timing_s/agent_loop/tool_calls/mean:0.0 - timing_s/agent_loop/compute_score/min:0.0034817500054487027 - timing_s/agent_loop/compute_score/max:0.6464336130011361 - timing_s/agent_loop/compute_score/mean:0.17117695337209682 - timing_s/agent_loop/slowest/generate_sequences:2.317300005997822 - timing_s/agent_loop/slowest/tool_calls:0.0 - timing_s/agent_loop/slowest/compute_score:0.10433260099671315 - timing_s/agent_loop/slowest/num_preempted:-1 - timing_s/agent_loop/slowest/prompt_length:560 - timing_s/agent_loop/slowest/response_length:15 - timing_s/gen:3.6229315380041953 - timing_s/reward:2.9322000045794994e-05 - timing_s/old_log_prob:14.844780191997415 - timing_s/ref:26.23832700699859 - timing_s/adv:0.014760101003048476 - timing_s/update_actor:54.10373342800449 - timing_s/update_weights:4.969839085999411 - timing_s/step:103.91411329500261 - timing_s/stop_profile:4.0911996620707214e-05 - timing_per_token_ms/ref:0.010902223591688432 - timing_per_token_ms/gen:0.302137564673855 - timing_per_token_ms/adv:6.132933754816658e-06 - timing_per_token_ms/update_actor:0.02248051100285017 - perf/total_num_tokens:2406695 - perf/time_per_step:103.91411329500261 - perf/throughput:2895.053092027565[36m(TaskRunner pid=664535)[0m Training Progress:  57%|█████▋    | 43/75 [1:16:11<54:45, 102.68s/it]
[36m(WorkerDict pid=674904)[0m INFO:2026-07-11 08:41:02,152:update_weights done, time cost: 3.34s
[36m(TaskRunner pid=664535)[0m Training Progress:  59%|█████▊    | 44/75 [1:18:06<54:56, 106.33s/it]
[36m(WorkerDict pid=674905)[0m INFO:2026-07-11 08:42:44,919:[Rank 1] Saved model to /workspace/verl-x/budget-rl-training-repro/outputs/rl_pct30e5_kl005_central_lam05_seed42/global_step_45/actor/model_world_size_8_rank_1.pt
[36m(WorkerDict pid=674904)[0m INFO:2026-07-11 08:42:53,061:[Rank 0] Saved optim to /workspace/verl-x/budget-rl-training-repro/outputs/rl_pct30e5_kl005_central_lam05_seed42/global_step_45/actor/optim_world_size_8_rank_0.pt
[36m(WorkerDict pid=674904)[0m INFO:2026-07-11 08:42:53,062:[Rank 0] Saved extra_state to /workspace/verl-x/budget-rl-training-repro/outputs/rl_pct30e5_kl005_central_lam05_seed42/global_step_45/actor/extra_state_world_size_8_rank_0.pt
[36m(WorkerDict pid=674907)[0m INFO:2026-07-11 08:42:44,984:[Rank 3] Saved model to /workspace/verl-x/budget-rl-training-repro/outputs/rl_pct30e5_kl005_central_lam05_seed42/global_step_45/actor/model_world_size_8_rank_3.pt[32m [repeated 7x across cluster][0m
[36m(WorkerDict pid=674904)[0m INFO:2026-07-11 08:42:53,207:[Rank 0] Saved model config and tokenizer class to /workspace/verl-x/budget-rl-training-repro/outputs/rl_pct30e5_kl005_central_lam05_seed42/global_step_45/actor/huggingface
[36m(WorkerDict pid=674904)[0m INFO:2026-07-11 08:42:57,193:update_weights done, time cost: 3.35s
[36m(TaskRunner pid=664535)[0m Training Progress:  60%|██████    | 45/75 [1:20:01<54:28, 108.95s/it]
[36m(WorkerDict pid=674911)[0m INFO:2026-07-11 08:42:53,208:[Rank 7] Saved optim to /workspace/verl-x/budget-rl-training-repro/outputs/rl_pct30e5_kl005_central_lam05_seed42/global_step_45/actor/optim_world_size_8_rank_7.pt[32m [repeated 7x across cluster][0m
[36m(WorkerDict pid=674911)[0m INFO:2026-07-11 08:42:53,210:[Rank 7] Saved extra_state to /workspace/verl-x/budget-rl-training-repro/outputs/rl_pct30e5_kl005_central_lam05_seed42/global_step_45/actor/extra_state_world_size_8_rank_7.pt[32m [repeated 7x across cluster][0m
[36m(WorkerDict pid=674904)[0m INFO:2026-07-11 08:44:40,230:update_weights done, time cost: 3.00s

[36m(TaskRunner pid=664535)[0m step:44 - global_seqlen/min:298942 - global_seqlen/max:432487 - global_seqlen/minmax_diff:133545 - global_seqlen/balanced_min:360078 - global_seqlen/balanced_max:360079 - global_seqlen/mean:360078.75 - actor/entropy:0.20835284888744354 - perf/mfu/actor_infer:0.3862384567193637 - actor/pg_clipfrac:0.0 - actor/ppo_kl:0.0 - actor/pg_clipfrac_lower:0.0 - actor/pg_loss:0.013528417992972663 - actor/kl_loss:0.02175017100977064 - actor/kl_coef:0.05000000000000001 - actor/loss:0.014615928754210472 - actor/grad_norm:1.248562216758728 - actor/lr:5e-07 - perf/mfu/actor:0.29527457621364067 - training/global_step:44 - training/epoch:2 - critic/score/mean:0.17037177085876465 - critic/score/max:0.7662162184715271 - critic/score/min:0.0 - critic/rewards/mean:0.17037177085876465 - critic/rewards/max:0.7662162184715271 - critic/rewards/min:0.0 - critic/advantages/mean:-0.013528416864573956 - critic/advantages/max:3.749979257583618 - critic/advantages/min:-3.749925374984741 - critic/returns/mean:-0.013528416864573956 - critic/returns/max:3.749979257583618 - critic/returns/min:-3.749925374984741 - response_length/mean:11.271484375 - response_length/max:17.0 - response_length/min:9.0 - response_length/clip_ratio:0.0 - response_length_non_aborted/mean:11.271484375 - response_length_non_aborted/max:17.0 - response_length_non_aborted/min:9.0 - response_length_non_aborted/clip_ratio:0.0 - response/aborted_ratio:0.0 - prompt_length/mean:2801.84375 - prompt_length/max:7665.0 - prompt_length/min:558.0 - prompt_length/clip_ratio:0.0 - num_turns/min:2 - num_turns/max:2 - num_turns/mean:2.0 - timing_s/start_profile:3.192100120941177e-05 - timing_s/agent_loop/num_preempted/min:-1 - timing_s/agent_loop/num_preempted/max:-1 - timing_s/agent_loop/num_preempted/mean:-1.0 - timing_s/agent_loop/generate_sequences/min:0.8200126430019736 - timing_s/agent_loop/generate_sequences/max:2.6453995629999554 - timing_s/agent_loop/generate_sequences/mean:1.8436995455458245 - timing_s/agent_loop/tool_calls/min:0.0 - timing_s/agent_loop/tool_calls/max:0.0 - timing_s/agent_loop/tool_calls/mean:0.0 - timing_s/agent_loop/compute_score/min:0.003628657999797724 - timing_s/agent_loop/compute_score/max:0.75693356100237 - timing_s/agent_loop/compute_score/mean:0.1534126484093008 - timing_s/agent_loop/slowest/generate_sequences:2.592029287996411 - timing_s/agent_loop/slowest/tool_calls:0.0 - timing_s/agent_loop/slowest/compute_score:0.10871780900197336 - timing_s/agent_loop/slowest/num_preempted:-1 - timing_s/agent_loop/slowest/prompt_length:562 - timing_s/agent_loop/slowest/response_length:15 - timing_s/gen:3.9241610019962536 - timing_s/reward:2.9801005439367145e-05 - timing_s/old_log_prob:17.255519980993995 - timing_s/ref:26.705536966997897 - timing_s/adv:0.014561481002601795 - timing_s/update_actor:61.59136297900113 - timing_s/update_weights:5.174569397000596 - timing_s/step:114.82357899500494 - timing_s/stop_profile:4.393199924379587e-05 - timing_per_token_ms/ref:0.009270727919586304 - timing_per_token_ms/gen:0.3399896900014082 - timing_per_token_ms/adv:5.0549640191908695e-06 - timing_per_token_ms/update_actor:0.021381212782968007 - perf/total_num_tokens:2880630 - perf/time_per_step:114.82357899500494 - perf/throughput:3135.930382518944
[36m(TaskRunner pid=664535)[0m local_global_step_folder: /workspace/verl-x/budget-rl-training-repro/outputs/rl_pct30e5_kl005_central_lam05_seed42/global_step_45
[36m(TaskRunner pid=664535)[0m step:45 - global_seqlen/min:144962 - global_seqlen/max:407748 - global_seqlen/minmax_diff:262786 - global_seqlen/balanced_min:295092 - global_seqlen/balanced_max:295093 - global_seqlen/mean:295092.875 - actor/entropy:0.23084689676761627 - perf/mfu/actor_infer:0.3682456432017353 - actor/pg_clipfrac:0.0 - actor/ppo_kl:0.0 - actor/pg_clipfrac_lower:0.0 - actor/pg_loss:0.0025171408509381266 - actor/kl_loss:0.027231882289280418 - actor/kl_coef:0.05000000000000001 - actor/loss:0.0038787303492426872 - actor/grad_norm:0.8630691170692444 - actor/lr:5e-07 - perf/mfu/actor:0.27868978851468623 - training/global_step:45 - training/epoch:2 - critic/score/mean:0.18809480965137482 - critic/score/max:0.7664835453033447 - critic/score/min:0.0 - critic/rewards/mean:0.18809480965137482 - critic/rewards/max:0.7664835453033447 - critic/rewards/min:0.0 - critic/advantages/mean:-0.002517136512324214 - critic/advantages/max:3.7499799728393555 - critic/advantages/min:-3.749925374984741 - critic/returns/mean:-0.002517136512324214 - critic/returns/max:3.7499799728393555 - critic/returns/min:-3.749925374984741 - response_length/mean:11.7568359375 - response_length/max:17.0 - response_length/min:9.0 - response_length/clip_ratio:0.0 - response_length_non_aborted/mean:11.7568359375 - response_length_non_aborted/max:17.0 - response_length_non_aborted/min:9.0 - response_length_non_aborted/clip_ratio:0.0 - response/aborted_ratio:0.0 - prompt_length/mean:2293.65625 - prompt_length/max:7886.0 - prompt_length/min:557.0 - prompt_length/clip_ratio:0.0 - num_turns/min:2 - num_turns/max:2 - num_turns/mean:2.0 - timing_s/start_profile:4.055200406583026e-05 - timing_s/agent_loop/num_preempted/min:-1 - timing_s/agent_loop/num_preempted/max:-1 - timing_s/agent_loop/num_preempted/mean:-1.0 - timing_s/agent_loop/generate_sequences/min:0.7724367830014671 - timing_s/agent_loop/generate_sequences/max:2.3169724409963237 - timing_s/agent_loop/generate_sequences/mean:1.6925734968516721 - timing_s/agent_loop/tool_calls/min:0.0 - timing_s/agent_loop/tool_calls/max:0.0 - timing_s/agent_loop/tool_calls/mean:0.0 - timing_s/agent_loop/compute_score/min:0.00373981300072046 - timing_s/agent_loop/compute_score/max:0.7484365889977198 - timing_s/agent_loop/compute_score/mean:0.21998429597075386 - timing_s/agent_loop/slowest/generate_sequences:2.065734212999814 - timing_s/agent_loop/slowest/tool_calls:0.0 - timing_s/agent_loop/slowest/compute_score:0.30292425700463355 - timing_s/agent_loop/slowest/num_preempted:-1 - timing_s/agent_loop/slowest/prompt_length:910 - timing_s/agent_loop/slowest/response_length:15 - timing_s/gen:3.5837201719987206 - timing_s/reward:3.0641000194009393e-05 - timing_s/old_log_prob:14.757336226997722 - timing_s/ref:25.831994614003634 - timing_s/adv:0.014769471003091894 - timing_s/update_actor:53.09278050300054 - timing_s/save_checkpoint:12.840189270995324 - timing_s/update_weights:4.7614330270007486 - timing_s/step:115.03581969899824 - timing_s/stop_profile:3.8340993341989815e-05 - timing_per_token_ms/ref:0.010942315454923994 - timing_per_token_ms/gen:0.2976759009883479 - timing_per_token_ms/adv:6.256280756987057e-06 - timing_per_token_ms/update_actor:0.02248986039691764 - perf/total_num_tokens:2360743 - perf/time_per_step:115.03581969899824 - perf/throughput:2565.2259945827095
[36m(TaskRunner pid=664535)[0m step:46 - global_seqlen/min:118878 - global_seqlen/max:363699 - global_seqlen/minmax_diff:244821 - global_seqlen/balanced_min:280402 - global_seqlen/balanced_max:280403 - global_seqlen/mean:280402.375 - actor/entropy:0.22217749059200287 - perf/mfu/actor_infer:0.3608730360143099 - actor/pg_clipfrac:0.0 - actor/ppo_kl:0.0 - actor/pg_clipfrac_lower:0.0 - actor/pg_loss:0.009134154686762486 - actor/kl_loss:0.030021942872154872 - actor/kl_coef:0.05000000000000001 - actor/loss:0.010635251179337502 - actor/grad_norm:1.2269587516784668 - actor/lr:5e-07 - perf/mfu/actor:0.27391607195423656 - training/global_step:46 - training/epoch:3 - critic/score/mean:0.19341397285461426 - critic/score/max:0.7707446813583374 - critic/score/min:0.0 - critic/rewards/mean:0.19341397285461426 - critic/rewards/max:0.7707446813583374 - critic/rewards/min:0.0 - critic/advantages/mean:-0.009134153835475445 - critic/advantages/max:3.7499802112579346 - critic/advantages/min:-3.749925374984741 - critic/returns/mean:-0.009134153835475445 - critic/returns/max:3.7499802112579346 - critic/returns/min:-3.749925374984741 - response_length/mean:11.7373046875 - response_length/max:18.0 - response_length/min:9.0 - response_length/clip_ratio:0.0 - response_length_non_aborted/mean:11.7373046875 - response_length_non_aborted/max:18.0 - response_length_non_aborted/min:9.0 - response_length_non_aborted/clip_ratio:0.0 - response/aborted_ratio:0.0 - prompt_length/mean:2178.90625 - prompt_length/max:6933.0 - prompt_length/min:556.0 - prompt_length/clip_ratio:0.0 - num_turns/min:2 - num_turns/max:2 - num_turns/mean:2.0 - timing_s/start_profile:0.00038277900603134185 - timing_s/agent_loop/num_preempted/min:-1 - timing_s/agent_loop/num_preempted/max:-1 - timing_s/agent_loop/num_preempted/mean:-1.0 - timing_s/agent_loop/generate_sequences/min:0.8041769510018639 - timing_s/agent_loop/generate_sequences/max:2.263857445999747 - timing_s/agent_loop/generate_sequences/mean:1.6028309754180015 - timing_s/agent_loop/tool_calls/min:0.0 - timing_s/agent_loop/tool_calls/max:0.0 - timing_s/agent_loop/tool_calls/mean:0.0 - timing_s/agent_loop/compute_score/min:0.003603805998864118 - timing_s/agent_loop/compute_score/max:0.7153331879962934 - timing_s/agent_loop/compute_score/mean:0.19713037459862193 - timing_s/agent_loop/slowest/generate_sequences:1.8862120150006376 - timing_s/agent_loop/slowest/tool_calls:0.0 - timing_s/agent_loop/slowest/compute_score:0.44687398499809206 - timing_s/agent_loop/slowest/num_preempted:-1 - timing_s/agent_loop/slowest/prompt_length:641 - timing_s/agent_loop/slowest/response_length:15 - timing_s/gen:3.790278322994709 - timing_s/reward:8.343300578417256e-05 - timing_s/old_log_prob:15.28283228899818 - timing_s/ref:25.726453400995524 - timing_s/adv:0.016512537004018668 - timing_s/update_actor:52.069827753002755 - timing_s/update_weights:4.955506218997471 - timing_s/step:102.18337229699682 - timing_s/stop_profile:5.144299939274788e-05 - timing_per_token_ms/ref:0.011468542929154722 - timing_per_token_ms/gen:0.31535721133161737 - timing_per_token_ms/adv:7.361090024655938e-06 - timing_per_token_ms/update_actor:0.02321210178453497 - perf/total_num_tokens:2243219 - perf/time_per_step:102.18337229699682 - perf/throughput:2744.1096207415053[36m(TaskRunner pid=664535)[0m Training Progress:  61%|██████▏   | 46/75 [1:21:44<51:49, 107.21s/it]
[36m(WorkerDict pid=674904)[0m INFO:2026-07-11 08:46:21,578:update_weights done, time cost: 3.27s
[36m(TaskRunner pid=664535)[0m Training Progress:  63%|██████▎   | 47/75 [1:23:25<49:11, 105.42s/it]
[36m(WorkerDict pid=674904)[0m INFO:2026-07-11 08:48:05,655:update_weights done, time cost: 3.21s
[36m(TaskRunner pid=664535)[0m Training Progress:  64%|██████▍   | 48/75 [1:25:10<47:15, 105.02s/it]
[36m(WorkerDict pid=674904)[0m INFO:2026-07-11 08:49:47,488:update_weights done, time cost: 3.57s

[36m(TaskRunner pid=664535)[0m step:47 - global_seqlen/min:94079 - global_seqlen/max:404873 - global_seqlen/minmax_diff:310794 - global_seqlen/balanced_min:281950 - global_seqlen/balanced_max:281951 - global_seqlen/mean:281950.25 - actor/entropy:0.2516005039215088 - perf/mfu/actor_infer:0.3611594384021042 - actor/pg_clipfrac:0.0 - actor/ppo_kl:0.0 - actor/pg_clipfrac_lower:0.0 - actor/pg_loss:-0.00013880874848837266 - actor/kl_loss:0.031699261365792084 - actor/kl_coef:0.05000000000000001 - actor/loss:0.0014461525715887547 - actor/grad_norm:1.3348346948623657 - actor/lr:5e-07 - perf/mfu/actor:0.27415887928842053 - training/global_step:47 - training/epoch:3 - critic/score/mean:0.21267780661582947 - critic/score/max:0.7784535884857178 - critic/score/min:0.0 - critic/rewards/mean:0.21267780661582947 - critic/rewards/max:0.7784535884857178 - critic/rewards/min:0.0 - critic/advantages/mean:0.0001388088712701574 - critic/advantages/max:3.7499804496765137 - critic/advantages/min:-1.6762787103652954 - critic/returns/mean:0.0001388088712701574 - critic/returns/max:3.7499804496765137 - critic/returns/min:-1.6762787103652954 - response_length/mean:12.111328125 - response_length/max:17.0 - response_length/min:9.0 - response_length/clip_ratio:0.0 - response_length_non_aborted/mean:12.111328125 - response_length_non_aborted/max:17.0 - response_length_non_aborted/min:9.0 - response_length_non_aborted/clip_ratio:0.0 - response/aborted_ratio:0.0 - prompt_length/mean:2190.625 - prompt_length/max:7352.0 - prompt_length/min:557.0 - prompt_length/clip_ratio:0.0 - num_turns/min:2 - num_turns/max:2 - num_turns/mean:2.0 - timing_s/start_profile:4.476199683267623e-05 - timing_s/agent_loop/num_preempted/min:-1 - timing_s/agent_loop/num_preempted/max:-1 - timing_s/agent_loop/num_preempted/mean:-1.0 - timing_s/agent_loop/generate_sequences/min:0.7696377009997377 - timing_s/agent_loop/generate_sequences/max:2.2896941880026134 - timing_s/agent_loop/generate_sequences/mean:1.650473537547846 - timing_s/agent_loop/tool_calls/min:0.0 - timing_s/agent_loop/tool_calls/max:0.0 - timing_s/agent_loop/tool_calls/mean:0.0 - timing_s/agent_loop/compute_score/min:0.0036136569979134947 - timing_s/agent_loop/compute_score/max:0.7113306669998565 - timing_s/agent_loop/compute_score/mean:0.22019355707805488 - timing_s/agent_loop/slowest/generate_sequences:1.8711573210021015 - timing_s/agent_loop/slowest/tool_calls:0.0 - timing_s/agent_loop/slowest/compute_score:0.46689343100297265 - timing_s/agent_loop/slowest/num_preempted:-1 - timing_s/agent_loop/slowest/prompt_length:925 - timing_s/agent_loop/slowest/response_length:15 - timing_s/gen:3.8005180190011743 - timing_s/reward:3.9681995986029506e-05 - timing_s/old_log_prob:14.177675504004583 - timing_s/ref:26.08847011600301 - timing_s/adv:0.017007971997372806 - timing_s/update_actor:51.76479051600472 - timing_s/update_weights:5.187929519001045 - timing_s/step:101.22799470600148 - timing_s/stop_profile:5.907300510443747e-05 - timing_per_token_ms/ref:0.011566078641534725 - timing_per_token_ms/gen:0.30644396218361347 - timing_per_token_ms/adv:7.540324932045993e-06 - timing_per_token_ms/update_actor:0.022949434570462664 - perf/total_num_tokens:2255602 - perf/time_per_step:101.22799470600148 - perf/throughput:2785.299173601866
[36m(TaskRunner pid=664535)[0m step:48 - global_seqlen/min:244641 - global_seqlen/max:420312 - global_seqlen/minmax_diff:175671 - global_seqlen/balanced_min:297278 - global_seqlen/balanced_max:297279 - global_seqlen/mean:297278.125 - actor/entropy:0.2208559662103653 - perf/mfu/actor_infer:0.3688982856208087 - actor/pg_clipfrac:0.0 - actor/ppo_kl:0.0 - actor/pg_clipfrac_lower:0.0 - actor/pg_loss:0.005893723778171989 - actor/kl_loss:0.02696175831147713 - actor/kl_coef:0.05000000000000001 - actor/loss:0.007241814862936735 - actor/grad_norm:1.074723243713379 - actor/lr:5e-07 - perf/mfu/actor:0.2793136136274539 - training/global_step:48 - training/epoch:3 - critic/score/mean:0.1738438904285431 - critic/score/max:0.7721590995788574 - critic/score/min:0.0 - critic/rewards/mean:0.1738438904285431 - critic/rewards/max:0.7721590995788574 - critic/rewards/min:0.0 - critic/advantages/mean:-0.005893724970519543 - critic/advantages/max:3.7499802112579346 - critic/advantages/min:-2.555997610092163 - critic/returns/mean:-0.005893724970519543 - critic/returns/max:3.7499802112579346 - critic/returns/min:-2.555997610092163 - response_length/mean:11.6572265625 - response_length/max:16.0 - response_length/min:9.0 - response_length/clip_ratio:0.0 - response_length_non_aborted/mean:11.6572265625 - response_length_non_aborted/max:16.0 - response_length_non_aborted/min:9.0 - response_length_non_aborted/clip_ratio:0.0 - response/aborted_ratio:0.0 - prompt_length/mean:2310.828125 - prompt_length/max:6819.0 - prompt_length/min:556.0 - prompt_length/clip_ratio:0.0 - num_turns/min:2 - num_turns/max:2 - num_turns/mean:2.0 - timing_s/start_profile:4.024199733976275e-05 - timing_s/agent_loop/num_preempted/min:-1 - timing_s/agent_loop/num_preempted/max:-1 - timing_s/agent_loop/num_preempted/mean:-1.0 - timing_s/agent_loop/generate_sequences/min:0.8227826280053705 - timing_s/agent_loop/generate_sequences/max:2.6635247119993437 - timing_s/agent_loop/generate_sequences/mean:1.6277305403591456 - timing_s/agent_loop/tool_calls/min:0.0 - timing_s/agent_loop/tool_calls/max:0.0 - timing_s/agent_loop/tool_calls/mean:0.0 - timing_s/agent_loop/compute_score/min:0.0035154819997842424 - timing_s/agent_loop/compute_score/max:1.0586579270020593 - timing_s/agent_loop/compute_score/mean:0.225288833965962 - timing_s/agent_loop/slowest/generate_sequences:1.64264227199601 - timing_s/agent_loop/slowest/tool_calls:0.0 - timing_s/agent_loop/slowest/compute_score:1.0586579270020593 - timing_s/agent_loop/slowest/num_preempted:-1 - timing_s/agent_loop/slowest/prompt_length:5150 - timing_s/agent_loop/slowest/response_length:9 - timing_s/gen:3.979011041999911 - timing_s/reward:2.7371002943255007e-05 - timing_s/old_log_prob:15.025146137995762 - timing_s/ref:25.770298627001466 - timing_s/adv:0.015439055001479574 - timing_s/update_actor:53.980742578998615 - timing_s/update_weights:5.072857234001276 - timing_s/step:104.0466869380034 - timing_s/stop_profile:4.0102000639308244e-05 - timing_per_token_ms/ref:0.010835937990308514 - timing_per_token_ms/gen:0.3333342583563635 - timing_per_token_ms/adv:6.491839502771846e-06 - timing_per_token_ms/update_actor:0.022697912341766914 - perf/total_num_tokens:2378225 - perf/time_per_step:104.0466869380034 - perf/throughput:2857.1608933318007
[36m(TaskRunner pid=664535)[0m step:49 - global_seqlen/min:132622 - global_seqlen/max:407892 - global_seqlen/minmax_diff:275270 - global_seqlen/balanced_min:285221 - global_seqlen/balanced_max:285222 - global_seqlen/mean:285221.375 - actor/entropy:0.21870064735412598 - perf/mfu/actor_infer:0.36354762926091605 - actor/pg_clipfrac:0.0 - actor/ppo_kl:0.0 - actor/pg_clipfrac_lower:0.0 - actor/pg_loss:0.00917124071975195 - actor/kl_loss:0.028404127377265317 - actor/kl_coef:0.05000000000000001 - actor/loss:0.010591447353363037 - actor/grad_norm:1.0999480485916138 - actor/lr:5e-07 - perf/mfu/actor:0.27513616430849536 - training/global_step:49 - training/epoch:3 - critic/score/mean:0.21731027960777283 - critic/score/max:0.7722973227500916 - critic/score/min:0.0 - critic/rewards/mean:0.21731027960777283 - critic/rewards/max:0.7722973227500916 - critic/rewards/min:0.0 - critic/advantages/mean:-0.009171239100396633 - critic/advantages/max:3.7499799728393555 - critic/advantages/min:-2.5406835079193115 - critic/returns/mean:-0.009171239100396633 - critic/returns/max:3.7499799728393555 - critic/returns/min:-2.5406835079193115 - response_length/mean:11.7451171875 - response_length/max:17.0 - response_length/min:9.0 - response_length/clip_ratio:0.0 - response_length_non_aborted/mean:11.7451171875 - response_length_non_aborted/max:17.0 - response_length_non_aborted/min:9.0 - response_length_non_aborted/clip_ratio:0.0 - response/aborted_ratio:0.0 - prompt_length/mean:2216.546875 - prompt_length/max:8156.0 - prompt_length/min:557.0 - prompt_length/clip_ratio:0.0 - num_turns/min:2 - num_turns/max:2 - num_turns/mean:2.0 - timing_s/start_profile:3.365099837537855e-05 - timing_s/agent_loop/num_preempted/min:-1 - timing_s/agent_loop/num_preempted/max:-1 - timing_s/agent_loop/num_preempted/mean:-1.0 - timing_s/agent_loop/generate_sequences/min:0.8132571850001113 - timing_s/agent_loop/generate_sequences/max:2.6946383499962394 - timing_s/agent_loop/generate_sequences/mean:1.6947696901923663 - timing_s/agent_loop/tool_calls/min:0.0 - timing_s/agent_loop/tool_calls/max:0.0 - timing_s/agent_loop/tool_calls/mean:0.0 - timing_s/agent_loop/compute_score/min:0.0035947360011050478 - timing_s/agent_loop/compute_score/max:1.1281176739939838 - timing_s/agent_loop/compute_score/mean:0.2525851258282614 - timing_s/agent_loop/slowest/generate_sequences:2.5631488779981737 - timing_s/agent_loop/slowest/tool_calls:0.0 - timing_s/agent_loop/slowest/compute_score:0.15683849999913946 - timing_s/agent_loop/slowest/num_preempted:-1 - timing_s/agent_loop/slowest/prompt_length:1127 - timing_s/agent_loop/slowest/response_length:16 - timing_s/gen:3.928241303001414 - timing_s/reward:3.109100362053141e-05 - timing_s/old_log_prob:14.279811335996783 - timing_s/ref:26.000434302004578 - timing_s/adv:0.015521788998739794 - timing_s/update_actor:52.02107796900236 - timing_s/update_weights:5.396165389000089 - timing_s/step:101.81557782400341 - timing_s/stop_profile:4.697200347436592e-05 - timing_per_token_ms/ref:0.01139484825690421 - timing_per_token_ms/gen:0.32661855017888203 - timing_per_token_ms/adv:6.802518306499554e-06 - timing_per_token_ms/update_actor:0.022798553390766366 - perf/total_num_tokens:2281771 - perf/time_per_step:101.81557782400341 - perf/throughput:2801.3530060501016[36m(TaskRunner pid=664535)[0m Training Progress:  65%|██████▌   | 49/75 [1:26:51<45:05, 104.07s/it]
[36m(WorkerDict pid=674904)[0m INFO:2026-07-11 08:51:24,811:update_weights done, time cost: 3.46s
[36m(TaskRunner pid=664535)[0m Training Progress:  67%|██████▋   | 50/75 [1:28:29<42:30, 102.03s/it]
[36m(WorkerDict pid=674904)[0m INFO:2026-07-11 08:53:13,081:update_weights done, time cost: 3.41s
[36m(TaskRunner pid=664535)[0m Training Progress:  68%|██████▊   | 51/75 [1:30:17<41:33, 103.92s/it]
[36m(WorkerDict pid=674904)[0m INFO:2026-07-11 08:55:06,106:update_weights done, time cost: 3.45s

[36m(TaskRunner pid=664535)[0m step:50 - global_seqlen/min:134003 - global_seqlen/max:383322 - global_seqlen/minmax_diff:249319 - global_seqlen/balanced_min:257932 - global_seqlen/balanced_max:257933 - global_seqlen/mean:257932.375 - actor/entropy:0.250709593296051 - perf/mfu/actor_infer:0.35089100014886326 - actor/pg_clipfrac:0.0 - actor/ppo_kl:0.0 - actor/pg_clipfrac_lower:0.0 - actor/pg_loss:-0.00586877016814924 - actor/kl_loss:0.03887937195525566 - actor/kl_coef:0.05000000000000001 - actor/loss:-0.003924801014363766 - actor/grad_norm:1.2265347242355347 - actor/lr:5e-07 - perf/mfu/actor:0.26341006894616764 - training/global_step:50 - training/epoch:3 - critic/score/mean:0.21907207369804382 - critic/score/max:0.7753012180328369 - critic/score/min:0.0 - critic/rewards/mean:0.21907207369804382 - critic/rewards/max:0.7753012180328369 - critic/rewards/min:0.0 - critic/advantages/mean:0.005868773907423019 - critic/advantages/max:3.7499802112579346 - critic/advantages/min:-3.3038504123687744 - critic/returns/mean:0.005868773907423019 - critic/returns/max:3.7499802112579346 - critic/returns/min:-3.3038504123687744 - response_length/mean:12.3466796875 - response_length/max:17.0 - response_length/min:9.0 - response_length/clip_ratio:0.0 - response_length_non_aborted/mean:12.3466796875 - response_length_non_aborted/max:17.0 - response_length_non_aborted/min:9.0 - response_length_non_aborted/clip_ratio:0.0 - response/aborted_ratio:0.0 - prompt_length/mean:2002.75 - prompt_length/max:7253.0 - prompt_length/min:556.0 - prompt_length/clip_ratio:0.0 - num_turns/min:2 - num_turns/max:2 - num_turns/mean:2.0 - timing_s/start_profile:4.409200482768938e-05 - timing_s/agent_loop/num_preempted/min:-1 - timing_s/agent_loop/num_preempted/max:-1 - timing_s/agent_loop/num_preempted/mean:-1.0 - timing_s/agent_loop/generate_sequences/min:0.8546440669961157 - timing_s/agent_loop/generate_sequences/max:2.472994270006893 - timing_s/agent_loop/generate_sequences/mean:1.6911439605527718 - timing_s/agent_loop/tool_calls/min:0.0 - timing_s/agent_loop/tool_calls/max:0.0 - timing_s/agent_loop/tool_calls/mean:0.0 - timing_s/agent_loop/compute_score/min:0.0033458739999332465 - timing_s/agent_loop/compute_score/max:1.118546376004815 - timing_s/agent_loop/compute_score/mean:0.22904683763187705 - timing_s/agent_loop/slowest/generate_sequences:1.883195116999559 - timing_s/agent_loop/slowest/tool_calls:0.0 - timing_s/agent_loop/slowest/compute_score:0.6226781619989197 - timing_s/agent_loop/slowest/num_preempted:-1 - timing_s/agent_loop/slowest/prompt_length:7110 - timing_s/agent_loop/slowest/response_length:9 - timing_s/gen:3.694219682001858 - timing_s/reward:3.3042000723071396e-05 - timing_s/old_log_prob:13.751375289997668 - timing_s/ref:25.381000255998515 - timing_s/adv:0.01506943999993382 - timing_s/update_actor:49.693493757004035 - timing_s/update_weights:4.519773150997935 - timing_s/step:97.26566398200521 - timing_s/stop_profile:5.3012998250778764e-05 - timing_per_token_ms/ref:0.012300220288359746 - timing_per_token_ms/gen:0.292194865301104 - timing_per_token_ms/adv:7.302999478028795e-06 - timing_per_token_ms/update_actor:0.024082617467564918 - perf/total_num_tokens:2063459 - perf/time_per_step:97.26566398200521 - perf/throughput:2651.833796638855
[36m(TaskRunner pid=664535)[0m step:51 - global_seqlen/min:232562 - global_seqlen/max:423069 - global_seqlen/minmax_diff:190507 - global_seqlen/balanced_min:326760 - global_seqlen/balanced_max:326761 - global_seqlen/mean:326760.625 - actor/entropy:0.19790561497211456 - perf/mfu/actor_infer:0.37881508697812666 - actor/pg_clipfrac:0.0 - actor/ppo_kl:0.0 - actor/pg_clipfrac_lower:0.0 - actor/pg_loss:0.013190487096479409 - actor/kl_loss:0.03225350123982027 - actor/kl_coef:0.05000000000000001 - actor/loss:0.014803161844611168 - actor/grad_norm:1.151926875114441 - actor/lr:5e-07 - perf/mfu/actor:0.28816582164125815 - training/global_step:51 - training/epoch:3 - critic/score/mean:0.17014814913272858 - critic/score/max:0.7696078419685364 - critic/score/min:0.0 - critic/rewards/mean:0.17014814913272858 - critic/rewards/max:0.7696078419685364 - critic/rewards/min:0.0 - critic/advantages/mean:-0.013190485537052155 - critic/advantages/max:3.7499797344207764 - critic/advantages/min:-3.749925374984741 - critic/returns/mean:-0.013190485537052155 - critic/returns/max:3.7499797344207764 - critic/returns/min:-3.749925374984741 - response_length/mean:11.4111328125 - response_length/max:17.0 - response_length/min:9.0 - response_length/clip_ratio:0.0 - response_length_non_aborted/mean:11.4111328125 - response_length_non_aborted/max:17.0 - response_length_non_aborted/min:9.0 - response_length_non_aborted/clip_ratio:0.0 - response/aborted_ratio:0.0 - prompt_length/mean:2541.40625 - prompt_length/max:7313.0 - prompt_length/min:556.0 - prompt_length/clip_ratio:0.0 - num_turns/min:2 - num_turns/max:2 - num_turns/mean:2.0 - timing_s/start_profile:4.0621998778078705e-05 - timing_s/agent_loop/num_preempted/min:-1 - timing_s/agent_loop/num_preempted/max:-1 - timing_s/agent_loop/num_preempted/mean:-1.0 - timing_s/agent_loop/generate_sequences/min:0.7494667499995558 - timing_s/agent_loop/generate_sequences/max:2.464284889996634 - timing_s/agent_loop/generate_sequences/mean:1.7608265753943328 - timing_s/agent_loop/tool_calls/min:0.0 - timing_s/agent_loop/tool_calls/max:0.0 - timing_s/agent_loop/tool_calls/mean:0.0 - timing_s/agent_loop/compute_score/min:0.003400947003683541 - timing_s/agent_loop/compute_score/max:0.6376122439978644 - timing_s/agent_loop/compute_score/mean:0.14727211790327743 - timing_s/agent_loop/slowest/generate_sequences:2.2627341659972444 - timing_s/agent_loop/slowest/tool_calls:0.0 - timing_s/agent_loop/slowest/compute_score:0.2366537400012021 - timing_s/agent_loop/slowest/num_preempted:-1 - timing_s/agent_loop/slowest/prompt_length:556 - timing_s/agent_loop/slowest/response_length:15 - timing_s/gen:3.7277007270022295 - timing_s/reward:4.1772000258788466e-05 - timing_s/old_log_prob:15.59274208900024 - timing_s/ref:26.545351590997598 - timing_s/adv:0.01614407000306528 - timing_s/update_actor:56.99747920399386 - timing_s/update_weights:5.218576653001946 - timing_s/step:108.27259622400015 - timing_s/stop_profile:5.6832999689504504e-05 - timing_per_token_ms/ref:0.010154739264789629 - timing_per_token_ms/gen:0.3190158944802935 - timing_per_token_ms/adv:6.175801476641074e-06 - timing_per_token_ms/update_actor:0.02180398847168086 - perf/total_num_tokens:2614085 - perf/time_per_step:108.27259622400015 - perf/throughput:3017.9439340678605
[36m(TaskRunner pid=664535)[0m step:52 - global_seqlen/min:208064 - global_seqlen/max:514897 - global_seqlen/minmax_diff:306833 - global_seqlen/balanced_min:353095 - global_seqlen/balanced_max:353096 - global_seqlen/mean:353095.125 - actor/entropy:0.15423662960529327 - perf/mfu/actor_infer:0.38733350532694294 - actor/pg_clipfrac:0.0 - actor/ppo_kl:0.0 - actor/pg_clipfrac_lower:0.0 - actor/pg_loss:0.008697376408235868 - actor/kl_loss:0.026806003301427246 - actor/kl_coef:0.05000000000000001 - actor/loss:0.010037676431238651 - actor/grad_norm:0.8791838884353638 - actor/lr:5e-07 - perf/mfu/actor:0.29532874253998204 - training/global_step:52 - training/epoch:3 - critic/score/mean:0.21636860072612762 - critic/score/max:0.7810794115066528 - critic/score/min:0.0 - critic/rewards/mean:0.21636860072612762 - critic/rewards/max:0.7810794115066528 - critic/rewards/min:0.0 - critic/advantages/mean:-0.008697371929883957 - critic/advantages/max:3.749980926513672 - critic/advantages/min:-3.7406837940216064 - critic/returns/mean:-0.008697371929883957 - critic/returns/max:3.749980926513672 - critic/returns/min:-3.7406837940216064 - response_length/mean:10.8369140625 - response_length/max:16.0 - response_length/min:9.0 - response_length/clip_ratio:0.0 - response_length_non_aborted/mean:10.8369140625 - response_length_non_aborted/max:16.0 - response_length_non_aborted/min:9.0 - response_length_non_aborted/clip_ratio:0.0 - response/aborted_ratio:0.0 - prompt_length/mean:2747.71875 - prompt_length/max:8034.0 - prompt_length/min:557.0 - prompt_length/clip_ratio:0.0 - num_turns/min:2 - num_turns/max:2 - num_turns/mean:2.0 - timing_s/start_profile:6.061400199541822e-05 - timing_s/agent_loop/num_preempted/min:-1 - timing_s/agent_loop/num_preempted/max:-1 - timing_s/agent_loop/num_preempted/mean:-1.0 - timing_s/agent_loop/generate_sequences/min:0.8212522250032634 - timing_s/agent_loop/generate_sequences/max:2.466606774003594 - timing_s/agent_loop/generate_sequences/mean:1.7209011113836254 - timing_s/agent_loop/tool_calls/min:0.0 - timing_s/agent_loop/tool_calls/max:0.0 - timing_s/agent_loop/tool_calls/mean:0.0 - timing_s/agent_loop/compute_score/min:0.003754263001610525 - timing_s/agent_loop/compute_score/max:0.596522179999738 - timing_s/agent_loop/compute_score/mean:0.14951227235249576 - timing_s/agent_loop/slowest/generate_sequences:2.3281638529952033 - timing_s/agent_loop/slowest/tool_calls:0.0 - timing_s/agent_loop/slowest/compute_score:0.2114933379998547 - timing_s/agent_loop/slowest/num_preempted:-1 - timing_s/agent_loop/slowest/prompt_length:563 - timing_s/agent_loop/slowest/response_length:15 - timing_s/gen:3.7999317450012313 - timing_s/reward:3.5472003219183534e-05 - timing_s/old_log_prob:16.925252471999556 - timing_s/ref:26.219514193995565 - timing_s/adv:0.016660975001286715 - timing_s/update_actor:60.55836901099974 - timing_s/update_weights:5.265507960997638 - timing_s/step:112.9134637689931 - timing_s/stop_profile:3.879200085066259e-05 - timing_per_token_ms/ref:0.00928202923857826 - timing_per_token_ms/gen:0.3424287415518817 - timing_per_token_ms/adv:5.898189263193139e-06 - timing_per_token_ms/update_actor:0.02143840452732098 - perf/total_num_tokens:2824761 - perf/time_per_step:112.9134637689931 - perf/throughput:3127.130398925576[36m(TaskRunner pid=664535)[0m Training Progress:  69%|██████▉   | 52/75 [1:32:10<40:52, 106.62s/it]
[36m(WorkerDict pid=674904)[0m INFO:2026-07-11 08:56:50,272:update_weights done, time cost: 3.37s
[36m(TaskRunner pid=664535)[0m Training Progress:  71%|███████   | 53/75 [1:33:54<38:49, 105.90s/it]
[36m(WorkerDict pid=674904)[0m INFO:2026-07-11 08:58:44,092:update_weights done, time cost: 3.33s
[36m(TaskRunner pid=664535)[0m Training Progress:  72%|███████▏  | 54/75 [1:35:48<37:53, 108.26s/it]
[36m(WorkerDict pid=674904)[0m INFO:2026-07-11 09:00:23,664:update_weights done, time cost: 3.28s

[36m(TaskRunner pid=664535)[0m step:53 - global_seqlen/min:132887 - global_seqlen/max:485818 - global_seqlen/minmax_diff:352931 - global_seqlen/balanced_min:297684 - global_seqlen/balanced_max:297685 - global_seqlen/mean:297684.875 - actor/entropy:0.2016037255525589 - perf/mfu/actor_infer:0.366225556663419 - actor/pg_clipfrac:0.0 - actor/ppo_kl:0.0 - actor/pg_clipfrac_lower:0.0 - actor/pg_loss:0.0005948810612608213 - actor/kl_loss:0.036872691020946896 - actor/kl_coef:0.05000000000000001 - actor/loss:0.0024385168217122555 - actor/grad_norm:1.5533630847930908 - actor/lr:5e-07 - perf/mfu/actor:0.2783943320442885 - training/global_step:53 - training/epoch:3 - critic/score/mean:0.1594817191362381 - critic/score/max:0.766406238079071 - critic/score/min:0.0 - critic/rewards/mean:0.1594817191362381 - critic/rewards/max:0.766406238079071 - critic/rewards/min:0.0 - critic/advantages/mean:-0.0005948847392573953 - critic/advantages/max:3.7499802112579346 - critic/advantages/min:-2.560641050338745 - critic/returns/mean:-0.0005948847392573953 - critic/returns/max:3.7499802112579346 - critic/returns/min:-2.560641050338745 - response_length/mean:11.7255859375 - response_length/max:17.0 - response_length/min:9.0 - response_length/clip_ratio:0.0 - response_length_non_aborted/mean:11.7255859375 - response_length_non_aborted/max:17.0 - response_length_non_aborted/min:9.0 - response_length_non_aborted/clip_ratio:0.0 - response/aborted_ratio:0.0 - prompt_length/mean:2313.9375 - prompt_length/max:7886.0 - prompt_length/min:557.0 - prompt_length/clip_ratio:0.0 - num_turns/min:2 - num_turns/max:2 - num_turns/mean:2.0 - timing_s/start_profile:7.87940007285215e-05 - timing_s/agent_loop/num_preempted/min:-1 - timing_s/agent_loop/num_preempted/max:-1 - timing_s/agent_loop/num_preempted/mean:-1.0 - timing_s/agent_loop/generate_sequences/min:0.832424877997255 - timing_s/agent_loop/generate_sequences/max:2.383183657999325 - timing_s/agent_loop/generate_sequences/mean:1.6634873752608215 - timing_s/agent_loop/tool_calls/min:0.0 - timing_s/agent_loop/tool_calls/max:0.0 - timing_s/agent_loop/tool_calls/mean:0.0 - timing_s/agent_loop/compute_score/min:0.0037554349983111024 - timing_s/agent_loop/compute_score/max:0.7944724720000522 - timing_s/agent_loop/compute_score/mean:0.21301508517088763 - timing_s/agent_loop/slowest/generate_sequences:2.360354065000138 - timing_s/agent_loop/slowest/tool_calls:0.0 - timing_s/agent_loop/slowest/compute_score:0.07990862799488241 - timing_s/agent_loop/slowest/num_preempted:-1 - timing_s/agent_loop/slowest/prompt_length:671 - timing_s/agent_loop/slowest/response_length:15 - timing_s/gen:3.716379011995741 - timing_s/reward:2.7022004360333085e-05 - timing_s/old_log_prob:14.547302765997301 - timing_s/ref:26.316620849000174 - timing_s/adv:0.014663259004009888 - timing_s/update_actor:53.88209430999996 - timing_s/update_weights:5.594261455000378 - timing_s/step:104.18706401999953 - timing_s/stop_profile:3.945200296584517e-05 - timing_per_token_ms/ref:0.01105053659889513 - timing_per_token_ms/gen:0.30951769900855675 - timing_per_token_ms/adv:6.1572069306552304e-06 - timing_per_token_ms/update_actor:0.022625475307571453 - perf/total_num_tokens:2381479 - perf/time_per_step:104.18706401999953 - perf/throughput:2857.2153155487426
[36m(TaskRunner pid=664535)[0m step:54 - global_seqlen/min:201243 - global_seqlen/max:445030 - global_seqlen/minmax_diff:243787 - global_seqlen/balanced_min:354025 - global_seqlen/balanced_max:354092 - global_seqlen/mean:354034.0 - actor/entropy:0.18662825226783752 - perf/mfu/actor_infer:0.3863404712214331 - actor/pg_clipfrac:0.0 - actor/ppo_kl:0.0 - actor/pg_clipfrac_lower:0.0 - actor/pg_loss:-0.02433697527158074 - actor/kl_loss:0.03458496475434905 - actor/kl_coef:0.05000000000000001 - actor/loss:-0.022607725113630295 - actor/grad_norm:1.4820917844772339 - actor/lr:5e-07 - perf/mfu/actor:0.2938513533206353 - training/global_step:54 - training/epoch:3 - critic/score/mean:0.17449364066123962 - critic/score/max:0.7768319249153137 - critic/score/min:0.0 - critic/rewards/mean:0.17449364066123962 - critic/rewards/max:0.7768319249153137 - critic/rewards/min:0.0 - critic/advantages/mean:0.02433697320520878 - critic/advantages/max:3.7499802112579346 - critic/advantages/min:-2.0141682624816895 - critic/returns/mean:0.02433697320520878 - critic/returns/max:3.7499802112579346 - critic/returns/min:-2.0141682624816895 - response_length/mean:11.5 - response_length/max:150.0 - response_length/min:9.0 - response_length/clip_ratio:0.0 - response_length_non_aborted/mean:11.5 - response_length_non_aborted/max:150.0 - response_length_non_aborted/min:9.0 - response_length_non_aborted/clip_ratio:0.0 - response/aborted_ratio:0.0 - prompt_length/mean:2754.390625 - prompt_length/max:7960.0 - prompt_length/min:556.0 - prompt_length/clip_ratio:0.0 - num_turns/min:2 - num_turns/max:2 - num_turns/mean:2.0 - timing_s/start_profile:7.105300028342754e-05 - timing_s/agent_loop/num_preempted/min:-1 - timing_s/agent_loop/num_preempted/max:-1 - timing_s/agent_loop/num_preempted/mean:-1.0 - timing_s/agent_loop/generate_sequences/min:0.8253574789996492 - timing_s/agent_loop/generate_sequences/max:2.5052004039971507 - timing_s/agent_loop/generate_sequences/mean:1.7962167829247022 - timing_s/agent_loop/tool_calls/min:0.0 - timing_s/agent_loop/tool_calls/max:0.0 - timing_s/agent_loop/tool_calls/mean:0.0 - timing_s/agent_loop/compute_score/min:0.003722661997016985 - timing_s/agent_loop/compute_score/max:0.5518239599987282 - timing_s/agent_loop/compute_score/mean:0.12372783274411603 - timing_s/agent_loop/slowest/generate_sequences:2.008109245005471 - timing_s/agent_loop/slowest/tool_calls:0.0 - timing_s/agent_loop/slowest/compute_score:0.529402772001049 - timing_s/agent_loop/slowest/num_preempted:-1 - timing_s/agent_loop/slowest/prompt_length:2175 - timing_s/agent_loop/slowest/response_length:9 - timing_s/gen:3.825140469998587 - timing_s/reward:2.8811002266593277e-05 - timing_s/old_log_prob:16.950929902995995 - timing_s/ref:26.28305407899461 - timing_s/adv:0.014560113995685242 - timing_s/update_actor:61.007337021997955 - timing_s/update_weights:5.493767795000167 - timing_s/step:113.72717153799749 - timing_s/stop_profile:4.157199873588979e-05 - timing_per_token_ms/ref:0.00927984814982269 - timing_per_token_ms/gen:0.3248251078463474 - timing_per_token_ms/adv:5.140789442428285e-06 - timing_per_token_ms/update_actor:0.021540069958675565 - perf/total_num_tokens:2832272 - perf/time_per_step:113.72717153799749 - perf/throughput:3113.011562779554
[36m(TaskRunner pid=664535)[0m step:55 - global_seqlen/min:193470 - global_seqlen/max:380577 - global_seqlen/minmax_diff:187107 - global_seqlen/balanced_min:272760 - global_seqlen/balanced_max:272761 - global_seqlen/mean:272760.875 - actor/entropy:0.21527868509292603 - perf/mfu/actor_infer:0.3582272920973674 - actor/pg_clipfrac:0.0 - actor/ppo_kl:0.0 - actor/pg_clipfrac_lower:0.0 - actor/pg_loss:0.011637044623512338 - actor/kl_loss:0.044843835247835896 - actor/kl_coef:0.05000000000000001 - actor/loss:0.013879234902560711 - actor/grad_norm:1.2609635591506958 - actor/lr:5e-07 - perf/mfu/actor:0.27134873732207443 - training/global_step:55 - training/epoch:3 - critic/score/mean:0.1783047914505005 - critic/score/max:0.7757142782211304 - critic/score/min:0.0 - critic/rewards/mean:0.1783047914505005 - critic/rewards/max:0.7757142782211304 - critic/rewards/min:0.0 - critic/advantages/mean:-0.011637047864496708 - critic/advantages/max:3.7499797344207764 - critic/advantages/min:-3.749925374984741 - critic/returns/mean:-0.011637047864496708 - critic/returns/max:3.7499797344207764 - critic/returns/min:-3.749925374984741 - response_length/mean:11.8349609375 - response_length/max:28.0 - response_length/min:9.0 - response_length/clip_ratio:0.0 - response_length_non_aborted/mean:11.8349609375 - response_length_non_aborted/max:28.0 - response_length_non_aborted/min:9.0 - response_length_non_aborted/clip_ratio:0.0 - response/aborted_ratio:0.0 - prompt_length/mean:2119.109375 - prompt_length/max:7448.0 - prompt_length/min:557.0 - prompt_length/clip_ratio:0.0 - num_turns/min:2 - num_turns/max:2 - num_turns/mean:2.0 - timing_s/start_profile:4.282200097804889e-05 - timing_s/agent_loop/num_preempted/min:-1 - timing_s/agent_loop/num_preempted/max:-1 - timing_s/agent_loop/num_preempted/mean:-1.0 - timing_s/agent_loop/generate_sequences/min:0.7735491529965657 - timing_s/agent_loop/generate_sequences/max:2.2215854169990052 - timing_s/agent_loop/generate_sequences/mean:1.5711964940818817 - timing_s/agent_loop/tool_calls/min:0.0 - timing_s/agent_loop/tool_calls/max:0.0 - timing_s/agent_loop/tool_calls/mean:0.0 - timing_s/agent_loop/compute_score/min:0.003365884993399959 - timing_s/agent_loop/compute_score/max:0.7330756009978359 - timing_s/agent_loop/compute_score/mean:0.21490738583285918 - timing_s/agent_loop/slowest/generate_sequences:1.5937045269965893 - timing_s/agent_loop/slowest/tool_calls:0.0 - timing_s/agent_loop/slowest/compute_score:0.6561019219952868 - timing_s/agent_loop/slowest/num_preempted:-1 - timing_s/agent_loop/slowest/prompt_length:4344 - timing_s/agent_loop/slowest/response_length:9 - timing_s/gen:3.530455047999567 - timing_s/reward:2.805200347211212e-05 - timing_s/old_log_prob:13.689913736998278 - timing_s/ref:25.959436297998764 - timing_s/adv:0.01457429400034016 - timing_s/update_actor:50.60967792500014 - timing_s/update_weights:5.595937395002693 - timing_s/step:99.57742431400402 - timing_s/stop_profile:4.14120004279539e-05 - timing_per_token_ms/ref:0.0118966092085232 - timing_per_token_ms/gen:0.2913157065764145 - timing_per_token_ms/adv:6.6790618340791e-06 - timing_per_token_ms/update_actor:0.02319324478125764 - perf/total_num_tokens:2182087 - perf/time_per_step:99.57742431400402 - perf/throughput:2739.1838750506868[36m(TaskRunner pid=664535)[0m Training Progress:  73%|███████▎  | 55/75 [1:37:27<35:13, 105.67s/it]
[36m(WorkerDict pid=674904)[0m INFO:2026-07-11 09:02:15,052:update_weights done, time cost: 3.51s
[36m(TaskRunner pid=664535)[0m Training Progress:  75%|███████▍  | 56/75 [1:39:19<34:00, 107.38s/it]
[36m(WorkerDict pid=674904)[0m INFO:2026-07-11 09:03:58,385:update_weights done, time cost: 3.27s
[36m(TaskRunner pid=664535)[0m Training Progress:  76%|███████▌  | 57/75 [1:41:02<31:50, 106.16s/it]
[36m(WorkerDict pid=674904)[0m INFO:2026-07-11 09:05:41,205:update_weights done, time cost: 3.44s

[36m(TaskRunner pid=664535)[0m step:56 - global_seqlen/min:253303 - global_seqlen/max:438991 - global_seqlen/minmax_diff:185688 - global_seqlen/balanced_min:344492 - global_seqlen/balanced_max:344493 - global_seqlen/mean:344492.25 - actor/entropy:0.1681070774793625 - perf/mfu/actor_infer:0.38417215234066027 - actor/pg_clipfrac:0.0 - actor/ppo_kl:0.0 - actor/pg_clipfrac_lower:0.0 - actor/pg_loss:0.006358595140227408 - actor/kl_loss:0.030031057580000943 - actor/kl_coef:0.05000000000000001 - actor/loss:0.007860145531594753 - actor/grad_norm:1.1776965856552124 - actor/lr:5e-07 - perf/mfu/actor:0.2920713715159023 - training/global_step:56 - training/epoch:3 - critic/score/mean:0.18143905699253082 - critic/score/max:0.7952054738998413 - critic/score/min:0.0 - critic/rewards/mean:0.18143905699253082 - critic/rewards/max:0.7952054738998413 - critic/rewards/min:0.0 - critic/advantages/mean:-0.006358596030622721 - critic/advantages/max:3.7499802112579346 - critic/advantages/min:-3.7451748847961426 - critic/returns/mean:-0.006358596030622721 - critic/returns/max:3.7499802112579346 - critic/returns/min:-3.7451748847961426 - response_length/mean:11.158203125 - response_length/max:16.0 - response_length/min:9.0 - response_length/clip_ratio:0.0 - response_length_non_aborted/mean:11.158203125 - response_length_non_aborted/max:16.0 - response_length_non_aborted/min:9.0 - response_length_non_aborted/clip_ratio:0.0 - response/aborted_ratio:0.0 - prompt_length/mean:2680.1875 - prompt_length/max:7695.0 - prompt_length/min:556.0 - prompt_length/clip_ratio:0.0 - num_turns/min:2 - num_turns/max:2 - num_turns/mean:2.0 - timing_s/start_profile:4.506199911702424e-05 - timing_s/agent_loop/num_preempted/min:-1 - timing_s/agent_loop/num_preempted/max:-1 - timing_s/agent_loop/num_preempted/mean:-1.0 - timing_s/agent_loop/generate_sequences/min:0.7207737759963493 - timing_s/agent_loop/generate_sequences/max:2.4167891519973637 - timing_s/agent_loop/generate_sequences/mean:1.6906782449326911 - timing_s/agent_loop/tool_calls/min:0.0 - timing_s/agent_loop/tool_calls/max:0.0 - timing_s/agent_loop/tool_calls/mean:0.0 - timing_s/agent_loop/compute_score/min:0.003544553001120221 - timing_s/agent_loop/compute_score/max:0.5865434840015951 - timing_s/agent_loop/compute_score/mean:0.13504356135070594 - timing_s/agent_loop/slowest/generate_sequences:2.0515009829978226 - timing_s/agent_loop/slowest/tool_calls:0.0 - timing_s/agent_loop/slowest/compute_score:0.4315939959997195 - timing_s/agent_loop/slowest/num_preempted:-1 - timing_s/agent_loop/slowest/prompt_length:7695 - timing_s/agent_loop/slowest/response_length:9 - timing_s/gen:3.641536859002372 - timing_s/reward:4.8081994464155287e-05 - timing_s/old_log_prob:16.44826679000107 - timing_s/ref:26.206459817003633 - timing_s/adv:0.014812307003012393 - timing_s/update_actor:59.57994489900011 - timing_s/update_weights:5.328299052001967 - timing_s/step:111.37120798099932 - timing_s/stop_profile:3.740199463209137e-05 - timing_per_token_ms/ref:0.009509089035023151 - timing_per_token_ms/gen:0.3187061840541197 - timing_per_token_ms/adv:5.374688038342079e-06 - timing_per_token_ms/update_actor:0.021618753723414718 - perf/total_num_tokens:2755938 - perf/time_per_step:111.37120798099932 - perf/throughput:3093.1894898614437
[36m(TaskRunner pid=664535)[0m step:57 - global_seqlen/min:198120 - global_seqlen/max:434240 - global_seqlen/minmax_diff:236120 - global_seqlen/balanced_min:293866 - global_seqlen/balanced_max:293866 - global_seqlen/mean:293866.0 - actor/entropy:0.21495692431926727 - perf/mfu/actor_infer:0.3650759700113288 - actor/pg_clipfrac:0.0 - actor/ppo_kl:0.0 - actor/pg_clipfrac_lower:0.0 - actor/pg_loss:0.0033206697744390112 - actor/kl_loss:0.04198116942828323 - actor/kl_coef:0.05000000000000001 - actor/loss:0.0054197292774915695 - actor/grad_norm:0.8102390170097351 - actor/lr:5e-07 - perf/mfu/actor:0.27669552931263636 - training/global_step:57 - training/epoch:3 - critic/score/mean:0.20800445973873138 - critic/score/max:0.7797414064407349 - critic/score/min:0.0 - critic/rewards/mean:0.20800445973873138 - critic/rewards/max:0.7797414064407349 - critic/rewards/min:0.0 - critic/advantages/mean:-0.00332067022100091 - critic/advantages/max:3.7499685287475586 - critic/advantages/min:-3.737001657485962 - critic/returns/mean:-0.00332067022100091 - critic/returns/max:3.7499685287475586 - critic/returns/min:-3.737001657485962 - response_length/mean:11.90625 - response_length/max:17.0 - response_length/min:9.0 - response_length/clip_ratio:0.0 - response_length_non_aborted/mean:11.90625 - response_length_non_aborted/max:17.0 - response_length_non_aborted/min:9.0 - response_length_non_aborted/clip_ratio:0.0 - response/aborted_ratio:0.0 - prompt_length/mean:2283.921875 - prompt_length/max:7543.0 - prompt_length/min:557.0 - prompt_length/clip_ratio:0.0 - num_turns/min:2 - num_turns/max:2 - num_turns/mean:2.0 - timing_s/start_profile:4.485200042836368e-05 - timing_s/agent_loop/num_preempted/min:-1 - timing_s/agent_loop/num_preempted/max:-1 - timing_s/agent_loop/num_preempted/mean:-1.0 - timing_s/agent_loop/generate_sequences/min:0.7580403659958392 - timing_s/agent_loop/generate_sequences/max:2.3544075509998947 - timing_s/agent_loop/generate_sequences/mean:1.6786384000428853 - timing_s/agent_loop/tool_calls/min:0.0 - timing_s/agent_loop/tool_calls/max:0.0 - timing_s/agent_loop/tool_calls/mean:0.0 - timing_s/agent_loop/compute_score/min:0.0034691900000325404 - timing_s/agent_loop/compute_score/max:0.7550659599946812 - timing_s/agent_loop/compute_score/mean:0.2199839205722398 - timing_s/agent_loop/slowest/generate_sequences:2.2838112129975343 - timing_s/agent_loop/slowest/tool_calls:0.0 - timing_s/agent_loop/slowest/compute_score:0.15149592899979325 - timing_s/agent_loop/slowest/num_preempted:-1 - timing_s/agent_loop/slowest/prompt_length:561 - timing_s/agent_loop/slowest/response_length:16 - timing_s/gen:3.628196277000825 - timing_s/reward:2.638099977048114e-05 - timing_s/old_log_prob:14.483725422003772 - timing_s/ref:26.331191923003644 - timing_s/adv:0.014728961999935564 - timing_s/update_actor:53.55621412300388 - timing_s/update_weights:5.154791133005347 - timing_s/step:103.28660946699529 - timing_s/stop_profile:3.9351994928438216e-05 - timing_per_token_ms/ref:0.01120033957781933 - timing_per_token_ms/gen:0.2975882773130598 - timing_per_token_ms/adv:6.265169328850379e-06 - timing_per_token_ms/update_actor:0.022780882325194086 - perf/total_num_tokens:2350928 - perf/time_per_step:103.28660946699529 - perf/throughput:2845.1509979510306
[36m(TaskRunner pid=664535)[0m step:58 - global_seqlen/min:175406 - global_seqlen/max:384543 - global_seqlen/minmax_diff:209137 - global_seqlen/balanced_min:287374 - global_seqlen/balanced_max:287375 - global_seqlen/mean:287374.25 - actor/entropy:0.23631808161735535 - perf/mfu/actor_infer:0.3613140183452143 - actor/pg_clipfrac:0.0 - actor/ppo_kl:0.0 - actor/pg_clipfrac_lower:0.0 - actor/pg_loss:-0.0007459437074430753 - actor/kl_loss:0.038156671428881364 - actor/kl_coef:0.05000000000000001 - actor/loss:0.0011618896387517452 - actor/grad_norm:1.3211385011672974 - actor/lr:5e-07 - perf/mfu/actor:0.27408997738223695 - training/global_step:58 - training/epoch:3 - critic/score/mean:0.1972326785326004 - critic/score/max:0.7654638886451721 - critic/score/min:0.0 - critic/rewards/mean:0.1972326785326004 - critic/rewards/max:0.7654638886451721 - critic/rewards/min:0.0 - critic/advantages/mean:0.0007459420594386756 - critic/advantages/max:3.7499802112579346 - critic/advantages/min:-2.5595521926879883 - critic/returns/mean:0.0007459420594386756 - critic/returns/max:3.7499802112579346 - critic/returns/min:-2.5595521926879883 - response_length/mean:12.126953125 - response_length/max:16.0 - response_length/min:9.0 - response_length/clip_ratio:0.0 - response_length_non_aborted/mean:12.126953125 - response_length_non_aborted/max:16.0 - response_length_non_aborted/min:9.0 - response_length_non_aborted/clip_ratio:0.0 - response/aborted_ratio:0.0 - prompt_length/mean:2232.984375 - prompt_length/max:7777.0 - prompt_length/min:558.0 - prompt_length/clip_ratio:0.0 - num_turns/min:2 - num_turns/max:2 - num_turns/mean:2.0 - timing_s/start_profile:3.976200241595507e-05 - timing_s/agent_loop/num_preempted/min:-1 - timing_s/agent_loop/num_preempted/max:-1 - timing_s/agent_loop/num_preempted/mean:-1.0 - timing_s/agent_loop/generate_sequences/min:0.8254519249967416 - timing_s/agent_loop/generate_sequences/max:2.304732488002628 - timing_s/agent_loop/generate_sequences/mean:1.6677742776952726 - timing_s/agent_loop/tool_calls/min:0.0 - timing_s/agent_loop/tool_calls/max:0.0 - timing_s/agent_loop/tool_calls/mean:0.0 - timing_s/agent_loop/compute_score/min:0.0034072979979100637 - timing_s/agent_loop/compute_score/max:0.7586100659973454 - timing_s/agent_loop/compute_score/mean:0.21930705500584224 - timing_s/agent_loop/slowest/generate_sequences:1.6104535780032165 - timing_s/agent_loop/slowest/tool_calls:0.0 - timing_s/agent_loop/slowest/compute_score:0.7586100659973454 - timing_s/agent_loop/slowest/num_preempted:-1 - timing_s/agent_loop/slowest/prompt_length:5989 - timing_s/agent_loop/slowest/response_length:9 - timing_s/gen:3.570510502999241 - timing_s/reward:3.6292003642302006e-05 - timing_s/old_log_prob:14.748408572995686 - timing_s/ref:25.858972572998027 - timing_s/adv:0.01496601300459588 - timing_s/update_actor:53.25350977899507 - timing_s/update_weights:5.27293235900288 - timing_s/step:102.83746181500464 - timing_s/stop_profile:3.9751997974235564e-05 - timing_per_token_ms/ref:0.011247951309571938 - timing_per_token_ms/gen:0.2875270174745725 - timing_per_token_ms/adv:6.50980950998388e-06 - timing_per_token_ms/update_actor:0.023163831562411676 - perf/total_num_tokens:2298994 - perf/time_per_step:102.83746181500464 - perf/throughput:2794.4510193859164[36m(TaskRunner pid=664535)[0m Training Progress:  77%|███████▋  | 58/75 [1:42:45<29:47, 105.17s/it]
[36m(WorkerDict pid=674904)[0m INFO:2026-07-11 09:07:26,863:update_weights done, time cost: 3.45s
[36m(TaskRunner pid=664535)[0m Training Progress:  79%|███████▊  | 59/75 [1:44:31<28:05, 105.31s/it]
[36m(WorkerDict pid=674905)[0m INFO:2026-07-11 09:09:16,177:[Rank 1] Saved model to /workspace/verl-x/budget-rl-training-repro/outputs/rl_pct30e5_kl005_central_lam05_seed42/global_step_60/actor/model_world_size_8_rank_1.pt
[36m(WorkerDict pid=674905)[0m INFO:2026-07-11 09:09:24,354:[Rank 1] Saved optim to /workspace/verl-x/budget-rl-training-repro/outputs/rl_pct30e5_kl005_central_lam05_seed42/global_step_60/actor/optim_world_size_8_rank_1.pt
[36m(WorkerDict pid=674905)[0m INFO:2026-07-11 09:09:24,355:[Rank 1] Saved extra_state to /workspace/verl-x/budget-rl-training-repro/outputs/rl_pct30e5_kl005_central_lam05_seed42/global_step_60/actor/extra_state_world_size_8_rank_1.pt
[36m(WorkerDict pid=674911)[0m INFO:2026-07-11 09:09:16,232:[Rank 7] Saved model to /workspace/verl-x/budget-rl-training-repro/outputs/rl_pct30e5_kl005_central_lam05_seed42/global_step_60/actor/model_world_size_8_rank_7.pt[32m [repeated 7x across cluster][0m
[36m(WorkerDict pid=674904)[0m INFO:2026-07-11 09:09:24,611:[Rank 0] Saved model config and tokenizer class to /workspace/verl-x/budget-rl-training-repro/outputs/rl_pct30e5_kl005_central_lam05_seed42/global_step_60/actor/huggingface
[36m(WorkerDict pid=674904)[0m INFO:2026-07-11 09:09:28,449:update_weights done, time cost: 3.23s
[36m(TaskRunner pid=664535)[0m Training Progress:  80%|████████  | 60/75 [1:46:32<27:32, 110.19s/it]
[36m(WorkerDict pid=674904)[0m INFO:2026-07-11 09:11:14,995:update_weights done, time cost: 3.23s
[36m(WorkerDict pid=674907)[0m INFO:2026-07-11 09:09:24,531:[Rank 3] Saved optim to /workspace/verl-x/budget-rl-training-repro/outputs/rl_pct30e5_kl005_central_lam05_seed42/global_step_60/actor/optim_world_size_8_rank_3.pt[32m [repeated 7x across cluster][0m
[36m(WorkerDict pid=674907)[0m INFO:2026-07-11 09:09:24,533:[Rank 3] Saved extra_state to /workspace/verl-x/budget-rl-training-repro/outputs/rl_pct30e5_kl005_central_lam05_seed42/global_step_60/actor/extra_state_world_size_8_rank_3.pt[32m [repeated 7x across cluster][0m

[36m(TaskRunner pid=664535)[0m step:59 - global_seqlen/min:227731 - global_seqlen/max:522753 - global_seqlen/minmax_diff:295022 - global_seqlen/balanced_min:309317 - global_seqlen/balanced_max:309318 - global_seqlen/mean:309317.875 - actor/entropy:0.22043293714523315 - perf/mfu/actor_infer:0.372103455890292 - actor/pg_clipfrac:0.0 - actor/ppo_kl:0.0 - actor/pg_clipfrac_lower:0.0 - actor/pg_loss:-0.00077834926196374 - actor/kl_loss:0.039684404136299534 - actor/kl_coef:0.05000000000000001 - actor/loss:0.00120586808770895 - actor/grad_norm:1.8111635446548462 - actor/lr:5e-07 - perf/mfu/actor:0.28277954624993 - training/global_step:59 - training/epoch:3 - critic/score/mean:0.15711241960525513 - critic/score/max:0.7743750214576721 - critic/score/min:0.0 - critic/rewards/mean:0.15711241960525513 - critic/rewards/max:0.7743750214576721 - critic/rewards/min:0.0 - critic/advantages/mean:0.0007783512701280415 - critic/advantages/max:3.7499804496765137 - critic/advantages/min:-1.997530460357666 - critic/returns/mean:0.0007783512701280415 - critic/returns/max:3.7499804496765137 - critic/returns/min:-1.997530460357666 - response_length/mean:11.7646484375 - response_length/max:25.0 - response_length/min:9.0 - response_length/clip_ratio:0.0 - response_length_non_aborted/mean:11.7646484375 - response_length_non_aborted/max:25.0 - response_length_non_aborted/min:9.0 - response_length_non_aborted/clip_ratio:0.0 - response/aborted_ratio:0.0 - prompt_length/mean:2404.78125 - prompt_length/max:8102.0 - prompt_length/min:559.0 - prompt_length/clip_ratio:0.0 - num_turns/min:2 - num_turns/max:2 - num_turns/mean:2.0 - timing_s/start_profile:4.0972001443151385e-05 - timing_s/agent_loop/num_preempted/min:-1 - timing_s/agent_loop/num_preempted/max:-1 - timing_s/agent_loop/num_preempted/mean:-1.0 - timing_s/agent_loop/generate_sequences/min:0.7939068790001329 - timing_s/agent_loop/generate_sequences/max:2.3818598649959313 - timing_s/agent_loop/generate_sequences/mean:1.6955840769481725 - timing_s/agent_loop/tool_calls/min:0.0 - timing_s/agent_loop/tool_calls/max:0.0 - timing_s/agent_loop/tool_calls/mean:0.0 - timing_s/agent_loop/compute_score/min:0.0037346330063883215 - timing_s/agent_loop/compute_score/max:0.610799923997547 - timing_s/agent_loop/compute_score/mean:0.1577428202822162 - timing_s/agent_loop/slowest/generate_sequences:2.050649352000619 - timing_s/agent_loop/slowest/tool_calls:0.0 - timing_s/agent_loop/slowest/compute_score:0.3814627739993739 - timing_s/agent_loop/slowest/num_preempted:-1 - timing_s/agent_loop/slowest/prompt_length:6142 - timing_s/agent_loop/slowest/response_length:9 - timing_s/gen:3.622072342004685 - timing_s/reward:2.4690998543519527e-05 - timing_s/old_log_prob:15.005835539006512 - timing_s/ref:26.475909219996538 - timing_s/adv:0.02410350200079847 - timing_s/update_actor:55.11101048300043 - timing_s/update_weights:5.281391002004966 - timing_s/step:105.636380835007 - timing_s/stop_profile:4.114200419280678e-05 - timing_per_token_ms/ref:0.010699312648839216 - timing_per_token_ms/gen:0.30066176990160914 - timing_per_token_ms/adv:9.740587252191e-06 - timing_per_token_ms/update_actor:0.022271187238613526 - perf/total_num_tokens:2474543 - perf/time_per_step:105.636380835007 - perf/throughput:2928.1377547676707
[36m(TaskRunner pid=664535)[0m local_global_step_folder: /workspace/verl-x/budget-rl-training-repro/outputs/rl_pct30e5_kl005_central_lam05_seed42/global_step_60
[36m(TaskRunner pid=664535)[0m step:60 - global_seqlen/min:188562 - global_seqlen/max:493802 - global_seqlen/minmax_diff:305240 - global_seqlen/balanced_min:324936 - global_seqlen/balanced_max:324937 - global_seqlen/mean:324936.125 - actor/entropy:0.21158738434314728 - perf/mfu/actor_infer:0.3785691394728013 - actor/pg_clipfrac:0.0 - actor/ppo_kl:0.0 - actor/pg_clipfrac_lower:0.0 - actor/pg_loss:0.0031316044987761416 - actor/kl_loss:0.03392034290590573 - actor/kl_coef:0.05000000000000001 - actor/loss:0.004827621392905712 - actor/grad_norm:1.655234694480896 - actor/lr:5e-07 - perf/mfu/actor:0.2868917084368594 - training/global_step:60 - training/epoch:3 - critic/score/mean:0.22088542580604553 - critic/score/max:0.7707286477088928 - critic/score/min:0.0 - critic/rewards/mean:0.22088542580604553 - critic/rewards/max:0.7707286477088928 - critic/rewards/min:0.0 - critic/advantages/mean:-0.003131601959466934 - critic/advantages/max:3.7499804496765137 - critic/advantages/min:-3.469238758087158 - critic/returns/mean:-0.003131601959466934 - critic/returns/max:3.7499804496765137 - critic/returns/min:-3.469238758087158 - response_length/mean:11.5947265625 - response_length/max:16.0 - response_length/min:9.0 - response_length/clip_ratio:0.0 - response_length_non_aborted/mean:11.5947265625 - response_length_non_aborted/max:16.0 - response_length_non_aborted/min:9.0 - response_length_non_aborted/clip_ratio:0.0 - response/aborted_ratio:0.0 - prompt_length/mean:2526.96875 - prompt_length/max:7606.0 - prompt_length/min:557.0 - prompt_length/clip_ratio:0.0 - num_turns/min:2 - num_turns/max:2 - num_turns/mean:2.0 - timing_s/start_profile:4.782299947692081e-05 - timing_s/agent_loop/num_preempted/min:-1 - timing_s/agent_loop/num_preempted/max:-1 - timing_s/agent_loop/num_preempted/mean:-1.0 - timing_s/agent_loop/generate_sequences/min:0.7996535220008809 - timing_s/agent_loop/generate_sequences/max:2.4759411060003913 - timing_s/agent_loop/generate_sequences/mean:1.7193939182801898 - timing_s/agent_loop/tool_calls/min:0.0 - timing_s/agent_loop/tool_calls/max:0.0 - timing_s/agent_loop/tool_calls/mean:0.0 - timing_s/agent_loop/compute_score/min:0.003605186997447163 - timing_s/agent_loop/compute_score/max:0.606970494001871 - timing_s/agent_loop/compute_score/mean:0.16687611342675268 - timing_s/agent_loop/slowest/generate_sequences:2.320672885995009 - timing_s/agent_loop/slowest/tool_calls:0.0 - timing_s/agent_loop/slowest/compute_score:0.21810671599814668 - timing_s/agent_loop/slowest/num_preempted:-1 - timing_s/agent_loop/slowest/prompt_length:564 - timing_s/agent_loop/slowest/response_length:15 - timing_s/gen:3.765128219994949 - timing_s/reward:2.7021000278182328e-05 - timing_s/old_log_prob:16.020591180997144 - timing_s/ref:26.318212769001548 - timing_s/adv:0.014676558996143285 - timing_s/update_actor:57.58270421800262 - timing_s/save_checkpoint:13.103307930003211 - timing_s/update_weights:4.611725644004764 - timing_s/step:121.53390990700427 - timing_s/stop_profile:3.9842001569923013e-05 - timing_per_token_ms/ref:0.010124379356481812 - timing_per_token_ms/gen:0.31711683820390374 - timing_per_token_ms/adv:5.645940027498976e-06 - timing_per_token_ms/update_actor:0.022151547561079357 - perf/total_num_tokens:2599489 - perf/time_per_step:121.53390990700427 - perf/throughput:2673.6252067314854
[36m(TaskRunner pid=664535)[0m step:61 - global_seqlen/min:142716 - global_seqlen/max:510563 - global_seqlen/minmax_diff:367847 - global_seqlen/balanced_min:299563 - global_seqlen/balanced_max:299564 - global_seqlen/mean:299563.5 - actor/entropy:0.2249860316514969 - perf/mfu/actor_infer:0.3658952582226514 - actor/pg_clipfrac:0.0 - actor/ppo_kl:0.0 - actor/pg_clipfrac_lower:0.0 - actor/pg_loss:0.0032508000722373254 - actor/kl_loss:0.04176987671006447 - actor/kl_coef:0.05000000000000001 - actor/loss:0.005339294672012329 - actor/grad_norm:1.525954246520996 - actor/lr:5e-07 - perf/mfu/actor:0.27865589903532456 - training/global_step:61 - training/epoch:4 - critic/score/mean:0.20581917464733124 - critic/score/max:0.7767057418823242 - critic/score/min:0.0 - critic/rewards/mean:0.20581917464733124 - critic/rewards/max:0.7767057418823242 - critic/rewards/min:0.0 - critic/advantages/mean:-0.003250796115025878 - critic/advantages/max:3.7499797344207764 - critic/advantages/min:-3.7235500812530518 - critic/returns/mean:-0.003250796115025878 - critic/returns/max:3.7499797344207764 - critic/returns/min:-3.7235500812530518 - response_length/mean:11.98046875 - response_length/max:16.0 - response_length/min:9.0 - response_length/clip_ratio:0.0 - response_length_non_aborted/mean:11.98046875 - response_length_non_aborted/max:16.0 - response_length_non_aborted/min:9.0 - response_length_non_aborted/clip_ratio:0.0 - response/aborted_ratio:0.0 - prompt_length/mean:2328.359375 - prompt_length/max:7695.0 - prompt_length/min:556.0 - prompt_length/clip_ratio:0.0 - num_turns/min:2 - num_turns/max:2 - num_turns/mean:2.0 - timing_s/start_profile:0.00039971999649424106 - timing_s/agent_loop/num_preempted/min:-1 - timing_s/agent_loop/num_preempted/max:-1 - timing_s/agent_loop/num_preempted/mean:-1.0 - timing_s/agent_loop/generate_sequences/min:0.8215121579996776 - timing_s/agent_loop/generate_sequences/max:2.263769029006653 - timing_s/agent_loop/generate_sequences/mean:1.680415551610281 - timing_s/agent_loop/tool_calls/min:0.0 - timing_s/agent_loop/tool_calls/max:0.0 - timing_s/agent_loop/tool_calls/mean:0.0 - timing_s/agent_loop/compute_score/min:0.0033147630019811913 - timing_s/agent_loop/compute_score/max:0.6768577750044642 - timing_s/agent_loop/compute_score/mean:0.2081474766895255 - timing_s/agent_loop/slowest/generate_sequences:2.106413363995671 - timing_s/agent_loop/slowest/tool_calls:0.0 - timing_s/agent_loop/slowest/compute_score:0.23600391099898843 - timing_s/agent_loop/slowest/num_preempted:-1 - timing_s/agent_loop/slowest/prompt_length:1061 - timing_s/agent_loop/slowest/response_length:15 - timing_s/gen:3.807277134998003 - timing_s/reward:5.327300459612161e-05 - timing_s/old_log_prob:15.251419592001184 - timing_s/ref:26.73354629199457 - timing_s/adv:0.01661223500559572 - timing_s/update_actor:54.33267541399982 - timing_s/update_weights:5.113671556995541 - timing_s/step:105.59574726000574 - timing_s/stop_profile:5.1401999371591955e-05 - timing_per_token_ms/ref:0.011155208449959096 - timing_per_token_ms/gen:0.3103421205573853 - timing_per_token_ms/adv:6.931850428037678e-06 - timing_per_token_ms/update_actor:0.022671601936651086 - perf/total_num_tokens:2396508 - perf/time_per_step:105.59574726000574 - perf/throughput:2836.8898158596517[36m(TaskRunner pid=664535)[0m Training Progress:  81%|████████▏ | 61/75 [1:48:19<25:27, 109.10s/it]
[36m(WorkerDict pid=674904)[0m INFO:2026-07-11 09:13:06,678:update_weights done, time cost: 3.60s
[36m(TaskRunner pid=664535)[0m Training Progress:  83%|████████▎ | 62/75 [1:50:10<23:48, 109.86s/it]
[36m(WorkerDict pid=674904)[0m INFO:2026-07-11 09:14:57,421:update_weights done, time cost: 3.40s
[36m(TaskRunner pid=664535)[0m Training Progress:  84%|████████▍ | 63/75 [1:52:01<22:01, 110.12s/it]
[36m(WorkerDict pid=674904)[0m INFO:2026-07-11 09:16:36,408:update_weights done, time cost: 3.03s

[36m(TaskRunner pid=664535)[0m step:62 - global_seqlen/min:120768 - global_seqlen/max:480014 - global_seqlen/minmax_diff:359246 - global_seqlen/balanced_min:340519 - global_seqlen/balanced_max:340520 - global_seqlen/mean:340519.375 - actor/entropy:0.19714245200157166 - perf/mfu/actor_infer:0.3813476133749513 - actor/pg_clipfrac:0.0 - actor/ppo_kl:0.0 - actor/pg_clipfrac_lower:0.0 - actor/pg_loss:0.010907346118074202 - actor/kl_loss:0.03300770955033837 - actor/kl_coef:0.05000000000000001 - actor/loss:0.012557733803987503 - actor/grad_norm:1.0039803981781006 - actor/lr:5e-07 - perf/mfu/actor:0.2901710168930241 - training/global_step:62 - training/epoch:4 - critic/score/mean:0.2027149647474289 - critic/score/max:0.7757142782211304 - critic/score/min:0.0 - critic/rewards/mean:0.2027149647474289 - critic/rewards/max:0.7757142782211304 - critic/rewards/min:0.0 - critic/advantages/mean:-0.010907348245382309 - critic/advantages/max:3.7499799728393555 - critic/advantages/min:-2.5607051849365234 - critic/returns/mean:-0.010907348245382309 - critic/returns/max:3.7499799728393555 - critic/returns/min:-2.5607051849365234 - response_length/mean:11.4169921875 - response_length/max:17.0 - response_length/min:9.0 - response_length/clip_ratio:0.0 - response_length_non_aborted/mean:11.4169921875 - response_length_non_aborted/max:17.0 - response_length_non_aborted/min:9.0 - response_length_non_aborted/clip_ratio:0.0 - response/aborted_ratio:0.0 - prompt_length/mean:2648.890625 - prompt_length/max:8034.0 - prompt_length/min:556.0 - prompt_length/clip_ratio:0.0 - num_turns/min:2 - num_turns/max:2 - num_turns/mean:2.0 - timing_s/start_profile:4.337199789006263e-05 - timing_s/agent_loop/num_preempted/min:-1 - timing_s/agent_loop/num_preempted/max:-1 - timing_s/agent_loop/num_preempted/mean:-1.0 - timing_s/agent_loop/generate_sequences/min:0.7069843170029344 - timing_s/agent_loop/generate_sequences/max:2.4086104599991813 - timing_s/agent_loop/generate_sequences/mean:1.7357157109845787 - timing_s/agent_loop/tool_calls/min:0.0 - timing_s/agent_loop/tool_calls/max:0.0 - timing_s/agent_loop/tool_calls/mean:0.0 - timing_s/agent_loop/compute_score/min:0.0034334579977439716 - timing_s/agent_loop/compute_score/max:0.5532772200022009 - timing_s/agent_loop/compute_score/mean:0.145799039084892 - timing_s/agent_loop/slowest/generate_sequences:2.0922301130049163 - timing_s/agent_loop/slowest/tool_calls:0.0 - timing_s/agent_loop/slowest/compute_score:0.3620318289977149 - timing_s/agent_loop/slowest/num_preempted:-1 - timing_s/agent_loop/slowest/prompt_length:673 - timing_s/agent_loop/slowest/response_length:17 - timing_s/gen:3.6561499620001996 - timing_s/reward:2.934100484708324e-05 - timing_s/old_log_prob:16.417086077999556 - timing_s/ref:26.37742649699794 - timing_s/adv:0.014879850001307204 - timing_s/update_actor:59.609581864002394 - timing_s/update_weights:5.388315199998033 - timing_s/step:111.61535844299942 - timing_s/stop_profile:4.2192004912067205e-05 - timing_per_token_ms/ref:0.00968279209406144 - timing_per_token_ms/gen:0.3127320128303994 - timing_per_token_ms/adv:5.462189193091878e-06 - timing_per_token_ms/update_actor:0.021881861297907937 - perf/total_num_tokens:2724155 - perf/time_per_step:111.61535844299942 - perf/throughput:3050.8290234439287
[36m(TaskRunner pid=664535)[0m step:63 - global_seqlen/min:191395 - global_seqlen/max:472389 - global_seqlen/minmax_diff:280994 - global_seqlen/balanced_min:338069 - global_seqlen/balanced_max:338070 - global_seqlen/mean:338069.125 - actor/entropy:0.19531264901161194 - perf/mfu/actor_infer:0.37947208788389336 - actor/pg_clipfrac:0.0 - actor/ppo_kl:0.0 - actor/pg_clipfrac_lower:0.0 - actor/pg_loss:0.002927996387370513 - actor/kl_loss:0.0388426880876953 - actor/kl_coef:0.05000000000000001 - actor/loss:0.004870128817856312 - actor/grad_norm:0.9214799404144287 - actor/lr:5e-07 - perf/mfu/actor:0.28991330468803583 - training/global_step:63 - training/epoch:4 - critic/score/mean:0.1976078301668167 - critic/score/max:0.7854294180870056 - critic/score/min:0.0 - critic/rewards/mean:0.1976078301668167 - critic/rewards/max:0.7854294180870056 - critic/rewards/min:0.0 - critic/advantages/mean:-0.0029279969166964293 - critic/advantages/max:3.749981164932251 - critic/advantages/min:-3.745676279067993 - critic/returns/mean:-0.0029279969166964293 - critic/returns/max:3.749981164932251 - critic/returns/min:-3.745676279067993 - response_length/mean:11.5400390625 - response_length/max:17.0 - response_length/min:9.0 - response_length/clip_ratio:0.0 - response_length_non_aborted/mean:11.5400390625 - response_length_non_aborted/max:17.0 - response_length_non_aborted/min:9.0 - response_length_non_aborted/clip_ratio:0.0 - response/aborted_ratio:0.0 - prompt_length/mean:2629.625 - prompt_length/max:8156.0 - prompt_length/min:556.0 - prompt_length/clip_ratio:0.0 - num_turns/min:2 - num_turns/max:2 - num_turns/mean:2.0 - timing_s/start_profile:4.300199361750856e-05 - timing_s/agent_loop/num_preempted/min:-1 - timing_s/agent_loop/num_preempted/max:-1 - timing_s/agent_loop/num_preempted/mean:-1.0 - timing_s/agent_loop/generate_sequences/min:0.8239905250011361 - timing_s/agent_loop/generate_sequences/max:2.460354594004457 - timing_s/agent_loop/generate_sequences/mean:1.7234084279950608 - timing_s/agent_loop/tool_calls/min:0.0 - timing_s/agent_loop/tool_calls/max:0.0 - timing_s/agent_loop/tool_calls/mean:0.0 - timing_s/agent_loop/compute_score/min:0.0034890919996541925 - timing_s/agent_loop/compute_score/max:0.645479451995925 - timing_s/agent_loop/compute_score/mean:0.14847763812898762 - timing_s/agent_loop/slowest/generate_sequences:1.8770441230008146 - timing_s/agent_loop/slowest/tool_calls:0.0 - timing_s/agent_loop/slowest/compute_score:0.645479451995925 - timing_s/agent_loop/slowest/num_preempted:-1 - timing_s/agent_loop/slowest/prompt_length:1988 - timing_s/agent_loop/slowest/response_length:9 - timing_s/gen:3.7090095830062637 - timing_s/reward:2.9180999263189733e-05 - timing_s/old_log_prob:16.046389656999963 - timing_s/ref:26.85508269999991 - timing_s/adv:0.014751814000192098 - timing_s/update_actor:58.789840543002356 - timing_s/update_weights:5.131572714999493 - timing_s/step:110.69817443899956 - timing_s/stop_profile:4.01619981857948e-05 - timing_per_token_ms/ref:0.009929582707382666 - timing_per_token_ms/gen:0.31387065947416976 - timing_per_token_ms/adv:5.454437017944221e-06 - timing_per_token_ms/update_actor:0.02173735938730073 - perf/total_num_tokens:2704553 - perf/time_per_step:110.69817443899956 - perf/throughput:3053.971998303311
[36m(TaskRunner pid=664535)[0m step:64 - global_seqlen/min:185854 - global_seqlen/max:406160 - global_seqlen/minmax_diff:220306 - global_seqlen/balanced_min:278080 - global_seqlen/balanced_max:278120 - global_seqlen/mean:278089.875 - actor/entropy:0.22936676442623138 - perf/mfu/actor_infer:0.36165589240698526 - actor/pg_clipfrac:0.0 - actor/ppo_kl:0.0 - actor/pg_clipfrac_lower:0.0 - actor/pg_loss:0.001533800736496005 - actor/kl_loss:0.04084357941379346 - actor/kl_coef:0.05000000000000001 - actor/loss:0.0035759732127189636 - actor/grad_norm:1.2095414400100708 - actor/lr:5e-07 - perf/mfu/actor:0.2743124638248589 - training/global_step:64 - training/epoch:4 - critic/score/mean:0.2227819263935089 - critic/score/max:0.7654017806053162 - critic/score/min:0.0 - critic/rewards/mean:0.2227819263935089 - critic/rewards/max:0.7654017806053162 - critic/rewards/min:0.0 - critic/advantages/mean:-0.001533806324005127 - critic/advantages/max:3.7499804496765137 - critic/advantages/min:-3.6977715492248535 - critic/returns/mean:-0.001533806324005127 - critic/returns/max:3.7499804496765137 - critic/returns/min:-3.6977715492248535 - response_length/mean:11.9833984375 - response_length/max:229.0 - response_length/min:9.0 - response_length/clip_ratio:0.0 - response_length_non_aborted/mean:11.9833984375 - response_length_non_aborted/max:229.0 - response_length_non_aborted/min:9.0 - response_length_non_aborted/clip_ratio:0.0 - response/aborted_ratio:0.0 - prompt_length/mean:2160.59375 - prompt_length/max:6484.0 - prompt_length/min:556.0 - prompt_length/clip_ratio:0.0 - num_turns/min:2 - num_turns/max:2 - num_turns/mean:2.0 - timing_s/start_profile:4.2081999708898365e-05 - timing_s/agent_loop/num_preempted/min:-1 - timing_s/agent_loop/num_preempted/max:-1 - timing_s/agent_loop/num_preempted/mean:-1.0 - timing_s/agent_loop/generate_sequences/min:0.7705239939969033 - timing_s/agent_loop/generate_sequences/max:2.29260658199928 - timing_s/agent_loop/generate_sequences/mean:1.6337545297490834 - timing_s/agent_loop/tool_calls/min:0.0 - timing_s/agent_loop/tool_calls/max:0.0 - timing_s/agent_loop/tool_calls/mean:0.0 - timing_s/agent_loop/compute_score/min:0.0034130279964301735 - timing_s/agent_loop/compute_score/max:0.6948432700010017 - timing_s/agent_loop/compute_score/mean:0.23833950240133106 - timing_s/agent_loop/slowest/generate_sequences:2.29260658199928 - timing_s/agent_loop/slowest/tool_calls:0.0 - timing_s/agent_loop/slowest/compute_score:0.005510260998562444 - timing_s/agent_loop/slowest/num_preempted:-1 - timing_s/agent_loop/slowest/prompt_length:563 - timing_s/agent_loop/slowest/response_length:229 - timing_s/gen:3.534036573000776 - timing_s/reward:2.7842004783451557e-05 - timing_s/old_log_prob:14.206574568001088 - timing_s/ref:25.221718706998217 - timing_s/adv:0.014867229001538362 - timing_s/update_actor:51.08573842700571 - timing_s/update_weights:4.807482958000037 - timing_s/step:99.01925461700012 - timing_s/stop_profile:4.285199975129217e-05 - timing_per_token_ms/ref:0.011337035691697792 - timing_per_token_ms/gen:0.2879990687801138 - timing_per_token_ms/adv:6.682744652937456e-06 - timing_per_token_ms/update_actor:0.022962782457921972 - perf/total_num_tokens:2224719 - perf/time_per_step:99.01925461700012 - perf/throughput:2808.442419362104[36m(TaskRunner pid=664535)[0m Training Progress:  85%|████████▌ | 64/75 [1:53:40<19:34, 106.79s/it]
[36m(WorkerDict pid=674904)[0m INFO:2026-07-11 09:18:13,355:update_weights done, time cost: 3.07s
[36m(TaskRunner pid=664535)[0m Training Progress:  87%|████████▋ | 65/75 [1:55:17<17:18, 103.84s/it]
[36m(WorkerDict pid=674904)[0m INFO:2026-07-11 09:19:49,542:update_weights done, time cost: 3.15s
[36m(TaskRunner pid=664535)[0m Training Progress:  88%|████████▊ | 66/75 [1:56:53<15:14, 101.56s/it]
[36m(WorkerDict pid=674904)[0m INFO:2026-07-11 09:21:43,051:update_weights done, time cost: 3.47s

[36m(TaskRunner pid=664535)[0m step:65 - global_seqlen/min:158392 - global_seqlen/max:321567 - global_seqlen/minmax_diff:163175 - global_seqlen/balanced_min:261638 - global_seqlen/balanced_max:261639 - global_seqlen/mean:261638.625 - actor/entropy:0.22066374123096466 - perf/mfu/actor_infer:0.3534834145203785 - actor/pg_clipfrac:0.0 - actor/ppo_kl:0.0 - actor/pg_clipfrac_lower:0.0 - actor/pg_loss:0.008044000385780237 - actor/kl_loss:0.04828862887667374 - actor/kl_coef:0.05000000000000001 - actor/loss:0.010458434000611305 - actor/grad_norm:1.364257574081421 - actor/lr:5e-07 - perf/mfu/actor:0.2679714326674094 - training/global_step:65 - training/epoch:4 - critic/score/mean:0.18044209480285645 - critic/score/max:0.7620967626571655 - critic/score/min:0.0 - critic/rewards/mean:0.18044209480285645 - critic/rewards/max:0.7620967626571655 - critic/rewards/min:0.0 - critic/advantages/mean:-0.00804399698972702 - critic/advantages/max:3.7499804496765137 - critic/advantages/min:-3.7432281970977783 - critic/returns/mean:-0.00804399698972702 - critic/returns/max:3.7499804496765137 - critic/returns/min:-3.7432281970977783 - response_length/mean:11.8642578125 - response_length/max:17.0 - response_length/min:9.0 - response_length/clip_ratio:0.0 - response_length_non_aborted/mean:11.8642578125 - response_length_non_aborted/max:17.0 - response_length_non_aborted/min:9.0 - response_length_non_aborted/clip_ratio:0.0 - response/aborted_ratio:0.0 - prompt_length/mean:2032.1875 - prompt_length/max:6811.0 - prompt_length/min:556.0 - prompt_length/clip_ratio:0.0 - num_turns/min:2 - num_turns/max:2 - num_turns/mean:2.0 - timing_s/start_profile:4.220200207782909e-05 - timing_s/agent_loop/num_preempted/min:-1 - timing_s/agent_loop/num_preempted/max:-1 - timing_s/agent_loop/num_preempted/mean:-1.0 - timing_s/agent_loop/generate_sequences/min:0.815502954996191 - timing_s/agent_loop/generate_sequences/max:2.17388987600134 - timing_s/agent_loop/generate_sequences/mean:1.582493795850752 - timing_s/agent_loop/tool_calls/min:0.0 - timing_s/agent_loop/tool_calls/max:0.0 - timing_s/agent_loop/tool_calls/mean:0.0 - timing_s/agent_loop/compute_score/min:0.003328742997837253 - timing_s/agent_loop/compute_score/max:0.7656314539999585 - timing_s/agent_loop/compute_score/mean:0.22923742897645383 - timing_s/agent_loop/slowest/generate_sequences:1.5358476030014572 - timing_s/agent_loop/slowest/tool_calls:0.0 - timing_s/agent_loop/slowest/compute_score:0.6989761169970734 - timing_s/agent_loop/slowest/num_preempted:-1 - timing_s/agent_loop/slowest/prompt_length:5493 - timing_s/agent_loop/slowest/response_length:9 - timing_s/gen:3.432716953000636 - timing_s/reward:2.719099575188011e-05 - timing_s/old_log_prob:13.435928042999876 - timing_s/ref:25.576798117006547 - timing_s/adv:0.014855836001515854 - timing_s/update_actor:49.27059423799801 - timing_s/update_weights:5.036138802002824 - timing_s/step:96.91809127500164 - timing_s/stop_profile:3.9532002119813114e-05 - timing_per_token_ms/ref:0.012219525173799619 - timing_per_token_ms/gen:0.28255139953910907 - timing_per_token_ms/adv:7.097497551019013e-06 - timing_per_token_ms/update_actor:0.023539430692810556 - perf/total_num_tokens:2093109 - perf/time_per_step:96.91809127500164 - perf/throughput:2699.58499551554
[36m(TaskRunner pid=664535)[0m step:66 - global_seqlen/min:90317 - global_seqlen/max:433056 - global_seqlen/minmax_diff:342739 - global_seqlen/balanced_min:257774 - global_seqlen/balanced_max:257775 - global_seqlen/mean:257774.375 - actor/entropy:0.2322990596294403 - perf/mfu/actor_infer:0.35398230126945157 - actor/pg_clipfrac:0.0 - actor/ppo_kl:0.0 - actor/pg_clipfrac_lower:0.0 - actor/pg_loss:0.0019636336728581227 - actor/kl_loss:0.04089850599602332 - actor/kl_coef:0.05000000000000001 - actor/loss:0.004008556716144085 - actor/grad_norm:1.5235035419464111 - actor/lr:5e-07 - perf/mfu/actor:0.26653846184619057 - training/global_step:66 - training/epoch:4 - critic/score/mean:0.21199887990951538 - critic/score/max:0.778202474117279 - critic/score/min:0.0 - critic/rewards/mean:0.21199887990951538 - critic/rewards/max:0.778202474117279 - critic/rewards/min:0.0 - critic/advantages/mean:-0.001963626127690077 - critic/advantages/max:3.7499799728393555 - critic/advantages/min:-3.691148519515991 - critic/returns/mean:-0.001963626127690077 - critic/returns/max:3.7499799728393555 - critic/returns/min:-3.691148519515991 - response_length/mean:12.1123046875 - response_length/max:30.0 - response_length/min:9.0 - response_length/clip_ratio:0.0 - response_length_non_aborted/mean:12.1123046875 - response_length_non_aborted/max:30.0 - response_length_non_aborted/min:9.0 - response_length_non_aborted/clip_ratio:0.0 - response/aborted_ratio:0.0 - prompt_length/mean:2001.75 - prompt_length/max:6779.0 - prompt_length/min:557.0 - prompt_length/clip_ratio:0.0 - num_turns/min:2 - num_turns/max:2 - num_turns/mean:2.0 - timing_s/start_profile:3.374199877725914e-05 - timing_s/agent_loop/num_preempted/min:-1 - timing_s/agent_loop/num_preempted/max:-1 - timing_s/agent_loop/num_preempted/mean:-1.0 - timing_s/agent_loop/generate_sequences/min:0.7683954800013453 - timing_s/agent_loop/generate_sequences/max:2.563861606999126 - timing_s/agent_loop/generate_sequences/mean:1.6324503381475282 - timing_s/agent_loop/tool_calls/min:0.0 - timing_s/agent_loop/tool_calls/max:0.0 - timing_s/agent_loop/tool_calls/mean:0.0 - timing_s/agent_loop/compute_score/min:0.00357005499972729 - timing_s/agent_loop/compute_score/max:1.1603108740018797 - timing_s/agent_loop/compute_score/mean:0.31640951250293625 - timing_s/agent_loop/slowest/generate_sequences:2.4969097240027622 - timing_s/agent_loop/slowest/tool_calls:0.0 - timing_s/agent_loop/slowest/compute_score:0.11715974699473009 - timing_s/agent_loop/slowest/num_preempted:-1 - timing_s/agent_loop/slowest/prompt_length:990 - timing_s/agent_loop/slowest/response_length:15 - timing_s/gen:3.8287619309994625 - timing_s/reward:2.731199492700398e-05 - timing_s/old_log_prob:13.114212668995606 - timing_s/ref:25.71507373699569 - timing_s/adv:0.01596198300103424 - timing_s/update_actor:48.45588104500348 - timing_s/update_weights:4.987459736999881 - timing_s/step:96.24053333399934 - timing_s/stop_profile:4.101199738215655e-05 - timing_per_token_ms/ref:0.012469758551929227 - timing_per_token_ms/gen:0.30869643884539727 - timing_per_token_ms/adv:7.740287897620856e-06 - timing_per_token_ms/update_actor:0.02349723524933553 - perf/total_num_tokens:2062195 - perf/time_per_step:96.24053333399934 - perf/throughput:2678.4387624432966
[36m(TaskRunner pid=664535)[0m step:67 - global_seqlen/min:200708 - global_seqlen/max:490439 - global_seqlen/minmax_diff:289731 - global_seqlen/balanced_min:356619 - global_seqlen/balanced_max:356620 - global_seqlen/mean:356619.375 - actor/entropy:0.18307164311408997 - perf/mfu/actor_infer:0.3869091033872383 - actor/pg_clipfrac:0.0 - actor/ppo_kl:0.0 - actor/pg_clipfrac_lower:0.0 - actor/pg_loss:0.007262259618300959 - actor/kl_loss:0.04324328720275858 - actor/kl_coef:0.05000000000000001 - actor/loss:0.009424424730241299 - actor/grad_norm:1.1813548803329468 - actor/lr:5e-07 - perf/mfu/actor:0.2958170343111144 - training/global_step:67 - training/epoch:4 - critic/score/mean:0.2006085216999054 - critic/score/max:0.7785000205039978 - critic/score/min:0.0 - critic/rewards/mean:0.2006085216999054 - critic/rewards/max:0.7785000205039978 - critic/rewards/min:0.0 - critic/advantages/mean:-0.007262257393449545 - critic/advantages/max:3.7499804496765137 - critic/advantages/min:-2.560399055480957 - critic/returns/mean:-0.007262257393449545 - critic/returns/max:3.7499804496765137 - critic/returns/min:-2.560399055480957 - response_length/mean:11.1982421875 - response_length/max:17.0 - response_length/min:9.0 - response_length/clip_ratio:0.0 - response_length_non_aborted/mean:11.1982421875 - response_length_non_aborted/max:17.0 - response_length_non_aborted/min:9.0 - response_length_non_aborted/clip_ratio:0.0 - response/aborted_ratio:0.0 - prompt_length/mean:2774.890625 - prompt_length/max:7445.0 - prompt_length/min:556.0 - prompt_length/clip_ratio:0.0 - num_turns/min:2 - num_turns/max:2 - num_turns/mean:2.0 - timing_s/start_profile:6.287300493568182e-05 - timing_s/agent_loop/num_preempted/min:-1 - timing_s/agent_loop/num_preempted/max:-1 - timing_s/agent_loop/num_preempted/mean:-1.0 - timing_s/agent_loop/generate_sequences/min:0.8276880419944064 - timing_s/agent_loop/generate_sequences/max:2.4393197360041086 - timing_s/agent_loop/generate_sequences/mean:1.6834819363690556 - timing_s/agent_loop/tool_calls/min:0.0 - timing_s/agent_loop/tool_calls/max:0.0 - timing_s/agent_loop/tool_calls/mean:0.0 - timing_s/agent_loop/compute_score/min:0.003562824997061398 - timing_s/agent_loop/compute_score/max:0.6808114779996686 - timing_s/agent_loop/compute_score/mean:0.202852097381772 - timing_s/agent_loop/slowest/generate_sequences:2.179288785002427 - timing_s/agent_loop/slowest/tool_calls:0.0 - timing_s/agent_loop/slowest/compute_score:0.3054838239986566 - timing_s/agent_loop/slowest/num_preempted:-1 - timing_s/agent_loop/slowest/prompt_length:5590 - timing_s/agent_loop/slowest/response_length:9 - timing_s/gen:3.8704899570002453 - timing_s/reward:3.07220034301281e-05 - timing_s/old_log_prob:17.0045351009976 - timing_s/ref:26.48214866500348 - timing_s/adv:0.015363245001935866 - timing_s/update_actor:60.669153243004985 - timing_s/update_weights:5.204333270005009 - timing_s/step:113.40504660199804 - timing_s/stop_profile:4.2152001697104424e-05 - timing_per_token_ms/ref:0.009282357648474468 - timing_per_token_ms/gen:0.33753291680476544 - timing_per_token_ms/adv:5.385028856724297e-06 - timing_per_token_ms/update_actor:0.021265373356048372 - perf/total_num_tokens:2852955 - perf/time_per_step:113.40504660199804 - perf/throughput:3144.651721290478[36m(TaskRunner pid=664535)[0m Training Progress:  89%|████████▉ | 67/75 [1:58:47<14:00, 105.12s/it]
[36m(WorkerDict pid=674904)[0m INFO:2026-07-11 09:23:38,021:update_weights done, time cost: 3.30s
[36m(TaskRunner pid=664535)[0m Training Progress:  91%|█████████ | 68/75 [2:00:42<12:36, 108.10s/it]
[36m(WorkerDict pid=674904)[0m INFO:2026-07-11 09:25:31,702:update_weights done, time cost: 3.27s
[36m(TaskRunner pid=664535)[0m Training Progress:  92%|█████████▏| 69/75 [2:02:36<10:58, 109.78s/it]
[36m(WorkerDict pid=674904)[0m INFO:2026-07-11 09:27:14,326:update_weights done, time cost: 3.28s

[36m(TaskRunner pid=664535)[0m step:68 - global_seqlen/min:143481 - global_seqlen/max:563216 - global_seqlen/minmax_diff:419735 - global_seqlen/balanced_min:360704 - global_seqlen/balanced_max:360705 - global_seqlen/mean:360704.875 - actor/entropy:0.19086527824401855 - perf/mfu/actor_infer:0.38768897259144114 - actor/pg_clipfrac:0.0 - actor/ppo_kl:0.0 - actor/pg_clipfrac_lower:0.0 - actor/pg_loss:0.007555571075499756 - actor/kl_loss:0.03559993901049863 - actor/kl_coef:0.05000000000000001 - actor/loss:0.009335565380752087 - actor/grad_norm:0.9502906799316406 - actor/lr:5e-07 - perf/mfu/actor:0.2954708725363581 - training/global_step:68 - training/epoch:4 - critic/score/mean:0.2154628187417984 - critic/score/max:0.7953310608863831 - critic/score/min:0.0 - critic/rewards/mean:0.2154628187417984 - critic/rewards/max:0.7953310608863831 - critic/rewards/min:0.0 - critic/advantages/mean:-0.007555572781711817 - critic/advantages/max:3.749971389770508 - critic/advantages/min:-2.470247983932495 - critic/returns/mean:-0.007555572781711817 - critic/returns/max:3.749971389770508 - critic/returns/min:-2.470247983932495 - response_length/mean:11.3037109375 - response_length/max:17.0 - response_length/min:9.0 - response_length/clip_ratio:0.0 - response_length_non_aborted/mean:11.3037109375 - response_length_non_aborted/max:17.0 - response_length_non_aborted/min:9.0 - response_length_non_aborted/clip_ratio:0.0 - response/aborted_ratio:0.0 - prompt_length/mean:2806.703125 - prompt_length/max:8102.0 - prompt_length/min:558.0 - prompt_length/clip_ratio:0.0 - num_turns/min:2 - num_turns/max:2 - num_turns/mean:2.0 - timing_s/start_profile:4.0321996493730694e-05 - timing_s/agent_loop/num_preempted/min:-1 - timing_s/agent_loop/num_preempted/max:-1 - timing_s/agent_loop/num_preempted/mean:-1.0 - timing_s/agent_loop/generate_sequences/min:0.7809741810051491 - timing_s/agent_loop/generate_sequences/max:2.7464229830002296 - timing_s/agent_loop/generate_sequences/mean:1.8624692769921438 - timing_s/agent_loop/tool_calls/min:0.0 - timing_s/agent_loop/tool_calls/max:0.0 - timing_s/agent_loop/tool_calls/mean:0.0 - timing_s/agent_loop/compute_score/min:0.0035984060014015995 - timing_s/agent_loop/compute_score/max:0.7965920370043023 - timing_s/agent_loop/compute_score/mean:0.1438159555899361 - timing_s/agent_loop/slowest/generate_sequences:2.3350376579983276 - timing_s/agent_loop/slowest/tool_calls:0.0 - timing_s/agent_loop/slowest/compute_score:0.4516703879999113 - timing_s/agent_loop/slowest/num_preempted:-1 - timing_s/agent_loop/slowest/prompt_length:677 - timing_s/agent_loop/slowest/response_length:15 - timing_s/gen:4.068547677001334 - timing_s/reward:2.6231995434500277e-05 - timing_s/old_log_prob:16.764127989998087 - timing_s/ref:27.176187770004617 - timing_s/adv:0.014901950002240483 - timing_s/update_actor:61.66836275600508 - timing_s/update_weights:5.236986158997752 - timing_s/step:115.04393484500179 - timing_s/stop_profile:3.8541002140846103e-05 - timing_per_token_ms/ref:0.009417736511741288 - timing_per_token_ms/gen:0.351494399740936 - timing_per_token_ms/adv:5.164176808755525e-06 - timing_per_token_ms/update_actor:0.02137078226209345 - perf/total_num_tokens:2885639 - perf/time_per_step:115.04393484500179 - perf/throughput:3135.366288418213
[36m(TaskRunner pid=664535)[0m step:69 - global_seqlen/min:233841 - global_seqlen/max:474158 - global_seqlen/minmax_diff:240317 - global_seqlen/balanced_min:352594 - global_seqlen/balanced_max:352595 - global_seqlen/mean:352594.625 - actor/entropy:0.18648487329483032 - perf/mfu/actor_infer:0.3866469577689094 - actor/pg_clipfrac:0.0 - actor/ppo_kl:0.0 - actor/pg_clipfrac_lower:0.0 - actor/pg_loss:0.007461146974492294 - actor/kl_loss:0.0480633976401766 - actor/kl_coef:0.05000000000000001 - actor/loss:0.009864319115877151 - actor/grad_norm:1.1348823308944702 - actor/lr:5e-07 - perf/mfu/actor:0.2940114503779083 - training/global_step:69 - training/epoch:4 - critic/score/mean:0.1990634649991989 - critic/score/max:0.7808823585510254 - critic/score/min:0.0 - critic/rewards/mean:0.1990634649991989 - critic/rewards/max:0.7808823585510254 - critic/rewards/min:0.0 - critic/advantages/mean:-0.00746114831417799 - critic/advantages/max:3.7499802112579346 - critic/advantages/min:-3.7468714714050293 - critic/returns/mean:-0.00746114831417799 - critic/returns/max:3.7499802112579346 - critic/returns/min:-3.7468714714050293 - response_length/mean:11.4111328125 - response_length/max:17.0 - response_length/min:9.0 - response_length/clip_ratio:0.0 - response_length_non_aborted/mean:11.4111328125 - response_length_non_aborted/max:17.0 - response_length_non_aborted/min:9.0 - response_length_non_aborted/clip_ratio:0.0 - response/aborted_ratio:0.0 - prompt_length/mean:2743.234375 - prompt_length/max:7960.0 - prompt_length/min:558.0 - prompt_length/clip_ratio:0.0 - num_turns/min:2 - num_turns/max:2 - num_turns/mean:2.0 - timing_s/start_profile:6.64730032440275e-05 - timing_s/agent_loop/num_preempted/min:-1 - timing_s/agent_loop/num_preempted/max:-1 - timing_s/agent_loop/num_preempted/mean:-1.0 - timing_s/agent_loop/generate_sequences/min:0.7832481910008937 - timing_s/agent_loop/generate_sequences/max:2.6057547989985324 - timing_s/agent_loop/generate_sequences/mean:1.790289950132788 - timing_s/agent_loop/tool_calls/min:0.0 - timing_s/agent_loop/tool_calls/max:0.0 - timing_s/agent_loop/tool_calls/mean:0.0 - timing_s/agent_loop/compute_score/min:0.0036223669958417304 - timing_s/agent_loop/compute_score/max:0.6693949339969549 - timing_s/agent_loop/compute_score/mean:0.14455694859384494 - timing_s/agent_loop/slowest/generate_sequences:2.0802134900004603 - timing_s/agent_loop/slowest/tool_calls:0.0 - timing_s/agent_loop/slowest/compute_score:0.5775928980001481 - timing_s/agent_loop/slowest/num_preempted:-1 - timing_s/agent_loop/slowest/prompt_length:4532 - timing_s/agent_loop/slowest/response_length:9 - timing_s/gen:3.9181912959975307 - timing_s/reward:3.260100493207574e-05 - timing_s/old_log_prob:16.914533654002298 - timing_s/ref:26.506476734997705 - timing_s/adv:0.016050673999416176 - timing_s/update_actor:61.00207870500162 - timing_s/update_weights:5.145780412996828 - timing_s/step:113.65558711500489 - timing_s/stop_profile:3.853200178127736e-05 - timing_per_token_ms/ref:0.009396937323916135 - timing_per_token_ms/gen:0.33531803987997694 - timing_per_token_ms/adv:5.690200892673908e-06 - timing_per_token_ms/update_actor:0.021626137488979597 - perf/total_num_tokens:2820757 - perf/time_per_step:113.65558711500489 - perf/throughput:3102.3078930842125
[36m(TaskRunner pid=664535)[0m step:70 - global_seqlen/min:164092 - global_seqlen/max:429212 - global_seqlen/minmax_diff:265120 - global_seqlen/balanced_min:292347 - global_seqlen/balanced_max:292348 - global_seqlen/mean:292347.5 - actor/entropy:0.22405767440795898 - perf/mfu/actor_infer:0.36566684458491144 - actor/pg_clipfrac:0.0 - actor/ppo_kl:0.0 - actor/pg_clipfrac_lower:0.0 - actor/pg_loss:0.006960488359993633 - actor/kl_loss:0.05471034419303006 - actor/kl_coef:0.05000000000000001 - actor/loss:0.00969600584357977 - actor/grad_norm:1.1339715719223022 - actor/lr:5e-07 - perf/mfu/actor:0.2776573166001941 - training/global_step:70 - training/epoch:4 - critic/score/mean:0.1901957243680954 - critic/score/max:0.7681818008422852 - critic/score/min:0.0 - critic/rewards/mean:0.1901957243680954 - critic/rewards/max:0.7681818008422852 - critic/rewards/min:0.0 - critic/advantages/mean:-0.006960490718483925 - critic/advantages/max:3.7499618530273438 - critic/advantages/min:-3.749925374984741 - critic/returns/mean:-0.006960490718483925 - critic/returns/max:3.7499618530273438 - critic/returns/min:-3.749925374984741 - response_length/mean:11.80859375 - response_length/max:17.0 - response_length/min:9.0 - response_length/clip_ratio:0.0 - response_length_non_aborted/mean:11.80859375 - response_length_non_aborted/max:17.0 - response_length_non_aborted/min:9.0 - response_length_non_aborted/clip_ratio:0.0 - response/aborted_ratio:0.0 - prompt_length/mean:2272.15625 - prompt_length/max:7483.0 - prompt_length/min:557.0 - prompt_length/clip_ratio:0.0 - num_turns/min:2 - num_turns/max:2 - num_turns/mean:2.0 - timing_s/start_profile:3.812200156971812e-05 - timing_s/agent_loop/num_preempted/min:-1 - timing_s/agent_loop/num_preempted/max:-1 - timing_s/agent_loop/num_preempted/mean:-1.0 - timing_s/agent_loop/generate_sequences/min:0.8325611000036588 - timing_s/agent_loop/generate_sequences/max:2.291123422997771 - timing_s/agent_loop/generate_sequences/mean:1.6592735777616383 - timing_s/agent_loop/tool_calls/min:0.0 - timing_s/agent_loop/tool_calls/max:0.0 - timing_s/agent_loop/tool_calls/mean:0.0 - timing_s/agent_loop/compute_score/min:0.003567437997844536 - timing_s/agent_loop/compute_score/max:0.6856772679966525 - timing_s/agent_loop/compute_score/mean:0.20801258981632742 - timing_s/agent_loop/slowest/generate_sequences:1.991276442000526 - timing_s/agent_loop/slowest/tool_calls:0.0 - timing_s/agent_loop/slowest/compute_score:0.3686512499989476 - timing_s/agent_loop/slowest/num_preempted:-1 - timing_s/agent_loop/slowest/prompt_length:666 - timing_s/agent_loop/slowest/response_length:15 - timing_s/gen:3.6164775240031304 - timing_s/reward:2.7272006263956428e-05 - timing_s/old_log_prob:14.472509010003705 - timing_s/ref:26.154692905998672 - timing_s/adv:0.014797433999774512 - timing_s/update_actor:53.052041433998966 - timing_s/update_weights:5.064017386997875 - timing_s/step:102.52592574099981 - timing_s/stop_profile:3.906199708580971e-05 - timing_per_token_ms/ref:0.011183049669485233 - timing_per_token_ms/gen:0.2990801789615556 - timing_per_token_ms/adv:6.326988429768731e-06 - timing_per_token_ms/update_actor:0.022683639091320675 - perf/total_num_tokens:2338780 - perf/time_per_step:102.52592574099981 - perf/throughput:2851.4495030118132[36m(TaskRunner pid=664535)[0m Training Progress:  93%|█████████▎| 70/75 [2:04:18<08:58, 107.61s/it]
[36m(WorkerDict pid=674904)[0m INFO:2026-07-11 09:29:00,501:update_weights done, time cost: 3.50s
[36m(TaskRunner pid=664535)[0m Training Progress:  95%|█████████▍| 71/75 [2:06:04<07:08, 107.17s/it]
[36m(WorkerDict pid=674904)[0m INFO:2026-07-11 09:30:43,684:update_weights done, time cost: 3.26s
[36m(TaskRunner pid=664535)[0m Training Progress:  96%|█████████▌| 72/75 [2:07:47<05:17, 105.97s/it]
[36m(WorkerDict pid=674904)[0m INFO:2026-07-11 09:32:18,038:update_weights done, time cost: 3.37s

[36m(TaskRunner pid=664535)[0m step:71 - global_seqlen/min:200526 - global_seqlen/max:466249 - global_seqlen/minmax_diff:265723 - global_seqlen/balanced_min:306301 - global_seqlen/balanced_max:306302 - global_seqlen/mean:306301.375 - actor/entropy:0.19332541525363922 - perf/mfu/actor_infer:0.3714298653288734 - actor/pg_clipfrac:0.0 - actor/ppo_kl:0.0 - actor/pg_clipfrac_lower:0.0 - actor/pg_loss:3.342238051118329e-05 - actor/kl_loss:0.047495698332752134 - actor/kl_coef:0.05000000000000001 - actor/loss:0.002408211585134268 - actor/grad_norm:1.5057344436645508 - actor/lr:5e-07 - perf/mfu/actor:0.28126076533964167 - training/global_step:71 - training/epoch:4 - critic/score/mean:0.22152262926101685 - critic/score/max:0.7696078419685364 - critic/score/min:0.0 - critic/rewards/mean:0.22152262926101685 - critic/rewards/max:0.7696078419685364 - critic/rewards/min:0.0 - critic/advantages/mean:-3.3420175896026194e-05 - critic/advantages/max:3.7499752044677734 - critic/advantages/min:-3.2532291412353516 - critic/returns/mean:-3.3420175896026194e-05 - critic/returns/max:3.7499752044677734 - critic/returns/min:-3.2532291412353516 - response_length/mean:11.7607421875 - response_length/max:17.0 - response_length/min:9.0 - response_length/clip_ratio:0.0 - response_length_non_aborted/mean:11.7607421875 - response_length_non_aborted/max:17.0 - response_length_non_aborted/min:9.0 - response_length_non_aborted/clip_ratio:0.0 - response/aborted_ratio:0.0 - prompt_length/mean:2381.21875 - prompt_length/max:7478.0 - prompt_length/min:557.0 - prompt_length/clip_ratio:0.0 - num_turns/min:2 - num_turns/max:2 - num_turns/mean:2.0 - timing_s/start_profile:3.6171993997413665e-05 - timing_s/agent_loop/num_preempted/min:-1 - timing_s/agent_loop/num_preempted/max:-1 - timing_s/agent_loop/num_preempted/mean:-1.0 - timing_s/agent_loop/generate_sequences/min:0.8118003330018837 - timing_s/agent_loop/generate_sequences/max:2.409160407005402 - timing_s/agent_loop/generate_sequences/mean:1.697740802575133 - timing_s/agent_loop/tool_calls/min:0.0 - timing_s/agent_loop/tool_calls/max:0.0 - timing_s/agent_loop/tool_calls/mean:0.0 - timing_s/agent_loop/compute_score/min:0.003632786996604409 - timing_s/agent_loop/compute_score/max:0.7217972479993477 - timing_s/agent_loop/compute_score/mean:0.18421438591126105 - timing_s/agent_loop/slowest/generate_sequences:1.7480285999990883 - timing_s/agent_loop/slowest/tool_calls:0.0 - timing_s/agent_loop/slowest/compute_score:0.7188599450018955 - timing_s/agent_loop/slowest/num_preempted:-1 - timing_s/agent_loop/slowest/prompt_length:6331 - timing_s/agent_loop/slowest/response_length:9 - timing_s/gen:3.668909161002375 - timing_s/reward:4.642299609258771e-05 - timing_s/old_log_prob:15.29534115899878 - timing_s/ref:26.331575677002547 - timing_s/adv:0.01494206600182224 - timing_s/update_actor:55.372753442999965 - timing_s/update_weights:5.295193175996246 - timing_s/step:106.12749904800148 - timing_s/stop_profile:3.84010054403916e-05 - timing_per_token_ms/ref:0.010745779249686092 - timing_per_token_ms/gen:0.3046507648428444 - timing_per_token_ms/adv:6.097779516098418e-06 - timing_per_token_ms/update_actor:0.022597333036376333 - perf/total_num_tokens:2450411 - perf/time_per_step:106.12749904800148 - perf/throughput:2886.164073851018
[36m(TaskRunner pid=664535)[0m step:72 - global_seqlen/min:182045 - global_seqlen/max:397490 - global_seqlen/minmax_diff:215445 - global_seqlen/balanced_min:297276 - global_seqlen/balanced_max:297277 - global_seqlen/mean:297276.875 - actor/entropy:0.17432242631912231 - perf/mfu/actor_infer:0.3657093590573643 - actor/pg_clipfrac:0.0 - actor/ppo_kl:0.0 - actor/pg_clipfrac_lower:0.0 - actor/pg_loss:-0.006564353780277088 - actor/kl_loss:0.052326778916026224 - actor/kl_coef:0.05000000000000001 - actor/loss:-0.00394801888614893 - actor/grad_norm:1.6129671335220337 - actor/lr:5e-07 - perf/mfu/actor:0.27879891005868485 - training/global_step:72 - training/epoch:4 - critic/score/mean:0.2374538779258728 - critic/score/max:0.7785000205039978 - critic/score/min:0.0 - critic/rewards/mean:0.2374538779258728 - critic/rewards/max:0.7785000205039978 - critic/rewards/min:0.0 - critic/advantages/mean:0.006564358249306679 - critic/advantages/max:3.7499804496765137 - critic/advantages/min:-3.749925374984741 - critic/returns/mean:0.006564358249306679 - critic/returns/max:3.7499804496765137 - critic/returns/min:-3.749925374984741 - response_length/mean:11.4755859375 - response_length/max:17.0 - response_length/min:9.0 - response_length/clip_ratio:0.0 - response_length_non_aborted/mean:11.4755859375 - response_length_non_aborted/max:17.0 - response_length_non_aborted/min:9.0 - response_length_non_aborted/clip_ratio:0.0 - response/aborted_ratio:0.0 - prompt_length/mean:2311.0 - prompt_length/max:7543.0 - prompt_length/min:557.0 - prompt_length/clip_ratio:0.0 - num_turns/min:2 - num_turns/max:2 - num_turns/mean:2.0 - timing_s/start_profile:4.452199937077239e-05 - timing_s/agent_loop/num_preempted/min:-1 - timing_s/agent_loop/num_preempted/max:-1 - timing_s/agent_loop/num_preempted/mean:-1.0 - timing_s/agent_loop/generate_sequences/min:0.8538429420004832 - timing_s/agent_loop/generate_sequences/max:2.351460521997069 - timing_s/agent_loop/generate_sequences/mean:1.6835942534619832 - timing_s/agent_loop/tool_calls/min:0.0 - timing_s/agent_loop/tool_calls/max:0.0 - timing_s/agent_loop/tool_calls/mean:0.0 - timing_s/agent_loop/compute_score/min:0.0035700770022231154 - timing_s/agent_loop/compute_score/max:0.7062274069976411 - timing_s/agent_loop/compute_score/mean:0.20051225744331447 - timing_s/agent_loop/slowest/generate_sequences:2.1241767930041533 - timing_s/agent_loop/slowest/tool_calls:0.0 - timing_s/agent_loop/slowest/compute_score:0.2779101519990945 - timing_s/agent_loop/slowest/num_preempted:-1 - timing_s/agent_loop/slowest/prompt_length:675 - timing_s/agent_loop/slowest/response_length:15 - timing_s/gen:3.5972449649998453 - timing_s/reward:2.5540997739881277e-05 - timing_s/old_log_prob:14.75974800500262 - timing_s/ref:26.04780599699734 - timing_s/adv:0.014636384999903385 - timing_s/update_actor:53.57898556700093 - timing_s/update_weights:5.042992038004741 - timing_s/step:103.15878745200462 - timing_s/stop_profile:4.0571998397354037e-05 - timing_per_token_ms/ref:0.01095267080436266 - timing_per_token_ms/gen:0.3061224546846945 - timing_per_token_ms/adv:6.154357364621527e-06 - timing_per_token_ms/update_actor:0.02252907561637654 - perf/total_num_tokens:2378215 - perf/time_per_step:103.15878745200462 - perf/throughput:2881.740686786477
[36m(TaskRunner pid=664535)[0m step:73 - global_seqlen/min:119444 - global_seqlen/max:422108 - global_seqlen/minmax_diff:302664 - global_seqlen/balanced_min:243659 - global_seqlen/balanced_max:243660 - global_seqlen/mean:243659.375 - actor/entropy:0.26994943618774414 - perf/mfu/actor_infer:0.34440931258703417 - actor/pg_clipfrac:0.0 - actor/ppo_kl:0.0 - actor/pg_clipfrac_lower:0.0 - actor/pg_loss:0.018694098760079214 - actor/kl_loss:0.048995575557743226 - actor/kl_coef:0.05000000000000001 - actor/loss:0.021143876016139984 - actor/grad_norm:2.5395824909210205 - actor/lr:5e-07 - perf/mfu/actor:0.2599294142872089 - training/global_step:73 - training/epoch:4 - critic/score/mean:0.1679522842168808 - critic/score/max:0.7768319249153137 - critic/score/min:0.0 - critic/rewards/mean:0.1679522842168808 - critic/rewards/max:0.7768319249153137 - critic/rewards/min:0.0 - critic/advantages/mean:-0.01869410276412964 - critic/advantages/max:3.7499797344207764 - critic/advantages/min:-3.7130510807037354 - critic/returns/mean:-0.01869410276412964 - critic/returns/max:3.7499797344207764 - critic/returns/min:-3.7130510807037354 - response_length/mean:12.6044921875 - response_length/max:25.0 - response_length/min:9.0 - response_length/clip_ratio:0.0 - response_length_non_aborted/mean:12.6044921875 - response_length_non_aborted/max:25.0 - response_length_non_aborted/min:9.0 - response_length_non_aborted/clip_ratio:0.0 - response/aborted_ratio:0.0 - prompt_length/mean:1890.984375 - prompt_length/max:7271.0 - prompt_length/min:557.0 - prompt_length/clip_ratio:0.0 - num_turns/min:2 - num_turns/max:2 - num_turns/mean:2.0 - timing_s/start_profile:4.0301994886249304e-05 - timing_s/agent_loop/num_preempted/min:-1 - timing_s/agent_loop/num_preempted/max:-1 - timing_s/agent_loop/num_preempted/mean:-1.0 - timing_s/agent_loop/generate_sequences/min:0.8447089249966666 - timing_s/agent_loop/generate_sequences/max:2.1256775119982194 - timing_s/agent_loop/generate_sequences/mean:1.5619988538790395 - timing_s/agent_loop/tool_calls/min:0.0 - timing_s/agent_loop/tool_calls/max:0.0 - timing_s/agent_loop/tool_calls/mean:0.0 - timing_s/agent_loop/compute_score/min:0.0034125660022255033 - timing_s/agent_loop/compute_score/max:0.7494813969969982 - timing_s/agent_loop/compute_score/mean:0.27763616270308944 - timing_s/agent_loop/slowest/generate_sequences:1.8581997969959048 - timing_s/agent_loop/slowest/tool_calls:0.0 - timing_s/agent_loop/slowest/compute_score:0.3008505329999025 - timing_s/agent_loop/slowest/num_preempted:-1 - timing_s/agent_loop/slowest/prompt_length:886 - timing_s/agent_loop/slowest/response_length:15 - timing_s/gen:3.43444454499695 - timing_s/reward:2.775099710561335e-05 - timing_s/old_log_prob:13.080781254997419 - timing_s/ref:25.520996225997806 - timing_s/adv:0.014794192000408657 - timing_s/update_actor:46.997344364994206 - timing_s/update_weights:5.188592641003197 - timing_s/step:94.39245014300104 - timing_s/stop_profile:4.100200021639466e-05 - timing_per_token_ms/ref:0.013092558118273617 - timing_per_token_ms/gen:0.26609162043828544 - timing_per_token_ms/adv:7.589586897902378e-06 - timing_per_token_ms/update_actor:0.0241101662746376 - perf/total_num_tokens:1949275 - perf/time_per_step:94.39245014300104 - perf/throughput:2581.3438959457576[36m(TaskRunner pid=664535)[0m Training Progress:  97%|█████████▋| 73/75 [2:09:22<03:25, 102.50s/it]
[36m(WorkerDict pid=674904)[0m INFO:2026-07-11 09:34:04,289:update_weights done, time cost: 3.45s
[36m(TaskRunner pid=664535)[0m Training Progress:  99%|█████████▊| 74/75 [2:11:08<01:43, 103.64s/it]
[36m(WorkerDict pid=674906)[0m INFO:2026-07-11 09:35:43,159:[Rank 2] Saved model to /workspace/verl-x/budget-rl-training-repro/outputs/rl_pct30e5_kl005_central_lam05_seed42/global_step_75/actor/model_world_size_8_rank_2.pt
[36m(WorkerDict pid=674908)[0m INFO:2026-07-11 09:35:51,249:[Rank 4] Saved optim to /workspace/verl-x/budget-rl-training-repro/outputs/rl_pct30e5_kl005_central_lam05_seed42/global_step_75/actor/optim_world_size_8_rank_4.pt
[36m(WorkerDict pid=674908)[0m INFO:2026-07-11 09:35:51,250:[Rank 4] Saved extra_state to /workspace/verl-x/budget-rl-training-repro/outputs/rl_pct30e5_kl005_central_lam05_seed42/global_step_75/actor/extra_state_world_size_8_rank_4.pt
[36m(WorkerDict pid=674907)[0m INFO:2026-07-11 09:35:43,192:[Rank 3] Saved model to /workspace/verl-x/budget-rl-training-repro/outputs/rl_pct30e5_kl005_central_lam05_seed42/global_step_75/actor/model_world_size_8_rank_3.pt[32m [repeated 7x across cluster][0m
[36m(WorkerDict pid=674904)[0m INFO:2026-07-11 09:35:51,567:[Rank 0] Saved model config and tokenizer class to /workspace/verl-x/budget-rl-training-repro/outputs/rl_pct30e5_kl005_central_lam05_seed42/global_step_75/actor/huggingface
[36m(WorkerDict pid=674904)[0m INFO:2026-07-11 09:35:55,601:update_weights done, time cost: 3.38s

[36m(TaskRunner pid=664535)[0m step:74 - global_seqlen/min:97662 - global_seqlen/max:515489 - global_seqlen/minmax_diff:417827 - global_seqlen/balanced_min:307551 - global_seqlen/balanced_max:307552 - global_seqlen/mean:307551.125 - actor/entropy:0.20865732431411743 - perf/mfu/actor_infer:0.36787890716047994 - actor/pg_clipfrac:0.0 - actor/ppo_kl:0.0 - actor/pg_clipfrac_lower:0.0 - actor/pg_loss:0.009900430874040467 - actor/kl_loss:0.05515792927404082 - actor/kl_coef:0.05000000000000001 - actor/loss:0.012658325955271721 - actor/grad_norm:1.476187825202942 - actor/lr:5e-07 - perf/mfu/actor:0.28119928259548915 - training/global_step:74 - training/epoch:4 - critic/score/mean:0.22532619535923004 - critic/score/max:0.7664835453033447 - critic/score/min:0.0 - critic/rewards/mean:0.22532619535923004 - critic/rewards/max:0.7664835453033447 - critic/rewards/min:0.0 - critic/advantages/mean:-0.009900430217385292 - critic/advantages/max:3.7499804496765137 - critic/advantages/min:-3.74324631690979 - critic/returns/mean:-0.009900430217385292 - critic/returns/max:3.7499804496765137 - critic/returns/min:-3.74324631690979 - response_length/mean:11.7900390625 - response_length/max:20.0 - response_length/min:9.0 - response_length/clip_ratio:0.0 - response_length_non_aborted/mean:11.7900390625 - response_length_non_aborted/max:20.0 - response_length_non_aborted/min:9.0 - response_length_non_aborted/clip_ratio:0.0 - response/aborted_ratio:0.0 - prompt_length/mean:2390.953125 - prompt_length/max:7886.0 - prompt_length/min:556.0 - prompt_length/clip_ratio:0.0 - num_turns/min:2 - num_turns/max:2 - num_turns/mean:2.0 - timing_s/start_profile:3.8901998777873814e-05 - timing_s/agent_loop/num_preempted/min:-1 - timing_s/agent_loop/num_preempted/max:-1 - timing_s/agent_loop/num_preempted/mean:-1.0 - timing_s/agent_loop/generate_sequences/min:0.8141102999943541 - timing_s/agent_loop/generate_sequences/max:2.350145509997674 - timing_s/agent_loop/generate_sequences/mean:1.6704336811572063 - timing_s/agent_loop/tool_calls/min:0.0 - timing_s/agent_loop/tool_calls/max:0.0 - timing_s/agent_loop/tool_calls/mean:0.0 - timing_s/agent_loop/compute_score/min:0.0034074470022460446 - timing_s/agent_loop/compute_score/max:0.7009709220001241 - timing_s/agent_loop/compute_score/mean:0.17431274749217351 - timing_s/agent_loop/slowest/generate_sequences:1.7455021119967569 - timing_s/agent_loop/slowest/tool_calls:0.0 - timing_s/agent_loop/slowest/compute_score:0.6830154729977949 - timing_s/agent_loop/slowest/num_preempted:-1 - timing_s/agent_loop/slowest/prompt_length:5557 - timing_s/agent_loop/slowest/response_length:9 - timing_s/gen:3.618333917002019 - timing_s/reward:2.658200537553057e-05 - timing_s/old_log_prob:15.543111289996887 - timing_s/ref:26.029793433001032 - timing_s/adv:0.014874047999910545 - timing_s/update_actor:55.655785388997174 - timing_s/update_weights:5.296313245999045 - timing_s/step:106.27609857500647 - timing_s/stop_profile:4.062100197188556e-05 - timing_per_token_ms/ref:0.010579457900292607 - timing_per_token_ms/gen:0.29970462329180975 - timing_per_token_ms/adv:6.045355873722842e-06 - timing_per_token_ms/update_actor:0.022620542108648268 - perf/total_num_tokens:2460409 - perf/time_per_step:106.27609857500647 - perf/throughput:2893.887987268743
[36m(TaskRunner pid=664535)[0m local_global_step_folder: /workspace/verl-x/budget-rl-training-repro/outputs/rl_pct30e5_kl005_central_lam05_seed42/global_step_75
[36m(TaskRunner pid=664535)[0m Training Progress: 100%|██████████| 75/75 [2:12:59<00:00, 105.92s/it]Training Progress: 100%|██████████| 75/75 [2:12:59<00:00, 106.40s/it]
[36m(WorkerDict pid=674909)[0m INFO:2026-07-11 09:35:51,465:[Rank 5] Saved optim to /workspace/verl-x/budget-rl-training-repro/outputs/rl_pct30e5_kl005_central_lam05_seed42/global_step_75/actor/optim_world_size_8_rank_5.pt[32m [repeated 7x across cluster][0m
[36m(WorkerDict pid=674909)[0m INFO:2026-07-11 09:35:51,466:[Rank 5] Saved extra_state to /workspace/verl-x/budget-rl-training-repro/outputs/rl_pct30e5_kl005_central_lam05_seed42/global_step_75/actor/extra_state_world_size_8_rank_5.pt[32m [repeated 7x across cluster][0m
[36m(TaskRunner pid=664535)[0m Traceback (most recent call last):
[36m(TaskRunner pid=664535)[0m   File "/usr/local/lib/python3.12/dist-packages/ray/_private/workers/default_worker.py", line 322, in <module>
[36m(TaskRunner pid=664535)[0m     worker.main_loop()
[36m(TaskRunner pid=664535)[0m   File "/usr/local/lib/python3.12/dist-packages/ray/_private/worker.py", line 1047, in main_loop
[36m(TaskRunner pid=664535)[0m     self.core_worker.run_task_loop()
[36m(TaskRunner pid=664535)[0m   File "/usr/local/lib/python3.12/dist-packages/torch/utils/data/_utils/signal_handling.py", line 73, in handler
[36m(TaskRunner pid=664535)[0m     _error_if_any_worker_fails()
[36m(TaskRunner pid=664535)[0m RuntimeError: DataLoader worker (pid 814048) is killed by signal: Killed.
[36m(TaskRunner pid=664535)[0m step:75 - global_seqlen/min:111696 - global_seqlen/max:479816 - global_seqlen/minmax_diff:368120 - global_seqlen/balanced_min:273008 - global_seqlen/balanced_max:273009 - global_seqlen/mean:273008.75 - actor/entropy:0.19383472204208374 - perf/mfu/actor_infer:0.35940283040750115 - actor/pg_clipfrac:0.0 - actor/ppo_kl:0.0 - actor/pg_clipfrac_lower:0.0 - actor/pg_loss:0.005617615504888818 - actor/kl_loss:0.0461615632173302 - actor/kl_coef:0.05000000000000001 - actor/loss:0.007925692945718765 - actor/grad_norm:1.398308277130127 - actor/lr:5e-07 - perf/mfu/actor:0.27155642343014225 - training/global_step:75 - training/epoch:4 - critic/score/mean:0.17623591423034668 - critic/score/max:0.7746835350990295 - critic/score/min:0.0 - critic/rewards/mean:0.17623591423034668 - critic/rewards/max:0.7746835350990295 - critic/rewards/min:0.0 - critic/advantages/mean:-0.005617618095129728 - critic/advantages/max:3.7499797344207764 - critic/advantages/min:-2.014664649963379 - critic/returns/mean:-0.005617618095129728 - critic/returns/max:3.7499797344207764 - critic/returns/min:-2.014664649963379 - response_length/mean:11.615234375 - response_length/max:16.0 - response_length/min:9.0 - response_length/clip_ratio:0.0 - response_length_non_aborted/mean:11.615234375 - response_length_non_aborted/max:16.0 - response_length_non_aborted/min:9.0 - response_length_non_aborted/clip_ratio:0.0 - response/aborted_ratio:0.0 - prompt_length/mean:2121.265625 - prompt_length/max:6772.0 - prompt_length/min:557.0 - prompt_length/clip_ratio:0.0 - num_turns/min:2 - num_turns/max:2 - num_turns/mean:2.0 - timing_s/start_profile:4.90829988848418e-05 - timing_s/agent_loop/num_preempted/min:-1 - timing_s/agent_loop/num_preempted/max:-1 - timing_s/agent_loop/num_preempted/mean:-1.0 - timing_s/agent_loop/generate_sequences/min:0.7387336989995674 - timing_s/agent_loop/generate_sequences/max:2.260862251998333 - timing_s/agent_loop/generate_sequences/mean:1.5852212083768435 - timing_s/agent_loop/tool_calls/min:0.0 - timing_s/agent_loop/tool_calls/max:0.0 - timing_s/agent_loop/tool_calls/mean:0.0 - timing_s/agent_loop/compute_score/min:0.00366081899846904 - timing_s/agent_loop/compute_score/max:0.7831562219944317 - timing_s/agent_loop/compute_score/mean:0.21510553973933355 - timing_s/agent_loop/slowest/generate_sequences:1.5674786219969974 - timing_s/agent_loop/slowest/tool_calls:0.0 - timing_s/agent_loop/slowest/compute_score:0.7235791470011463 - timing_s/agent_loop/slowest/num_preempted:-1 - timing_s/agent_loop/slowest/prompt_length:1484 - timing_s/agent_loop/slowest/response_length:9 - timing_s/gen:3.5277747869986342 - timing_s/reward:3.3042000723071396e-05 - timing_s/old_log_prob:13.691904773004353 - timing_s/ref:25.753769237999222 - timing_s/adv:0.014907882999978028 - timing_s/update_actor:50.367764648995944 - timing_s/save_checkpoint:12.958336957999563 - timing_s/update_weights:4.803745479999634 - timing_s/step:111.23513696999726 - timing_s/stop_profile:3.973099956056103e-05 - timing_per_token_ms/ref:0.01179164094465801 - timing_per_token_ms/gen:0.29660120960136493 - timing_per_token_ms/adv:6.825734981011611e-06 - timing_per_token_ms/update_actor:0.0230614241526123 - perf/total_num_tokens:2184070 - perf/time_per_step:111.23513696999726 - perf/throughput:2454.339136325574
[36m(TaskRunner pid=664535)[0m 'Final validation metrics: None'
