WARNING:2026-07-10 21:13:08,787:fused_indices_to_multihot has reached end of life. Please migrate to a non-experimental function.
ANTLR runtime and generated code versions disagree: 4.7.2!=4.9.3
ANTLR runtime and generated code versions disagree: 4.7.2!=4.9.3
ANTLR runtime and generated code versions disagree: 4.7.2!=4.9.3
ANTLR runtime and generated code versions disagree: 4.7.2!=4.9.3
ANTLR runtime and generated code versions disagree: 4.7.2!=4.9.3
ANTLR runtime and generated code versions disagree: 4.7.2!=4.9.3
ANTLR runtime and generated code versions disagree: 4.7.2!=4.9.3
ANTLR runtime and generated code versions disagree: 4.7.2!=4.9.3
ANTLR runtime and generated code versions disagree: 4.7.2!=4.9.3
ANTLR runtime and generated code versions disagree: 4.7.2!=4.9.3
ANTLR runtime and generated code versions disagree: 4.7.2!=4.9.3
ANTLR runtime and generated code versions disagree: 4.7.2!=4.9.3
ANTLR runtime and generated code versions disagree: 4.7.2!=4.9.3
ANTLR runtime and generated code versions disagree: 4.7.2!=4.9.3
ANTLR runtime and generated code versions disagree: 4.7.2!=4.9.3
ANTLR runtime and generated code versions disagree: 4.7.2!=4.9.3
ANTLR runtime and generated code versions disagree: 4.7.2!=4.9.3
ANTLR runtime and generated code versions disagree: 4.7.2!=4.9.3
ANTLR runtime and generated code versions disagree: 4.7.2!=4.9.3
ANTLR runtime and generated code versions disagree: 4.7.2!=4.9.3
ANTLR runtime and generated code versions disagree: 4.7.2!=4.9.3
ANTLR runtime and generated code versions disagree: 4.7.2!=4.9.3
ANTLR runtime and generated code versions disagree: 4.7.2!=4.9.3
ANTLR runtime and generated code versions disagree: 4.7.2!=4.9.3
ANTLR runtime and generated code versions disagree: 4.7.2!=4.9.3
ANTLR runtime and generated code versions disagree: 4.7.2!=4.9.3
ANTLR runtime and generated code versions disagree: 4.7.2!=4.9.3
ANTLR runtime and generated code versions disagree: 4.7.2!=4.9.3
ANTLR runtime and generated code versions disagree: 4.7.2!=4.9.3
ANTLR runtime and generated code versions disagree: 4.7.2!=4.9.3
ANTLR runtime and generated code versions disagree: 4.7.2!=4.9.3
ANTLR runtime and generated code versions disagree: 4.7.2!=4.9.3
ANTLR runtime and generated code versions disagree: 4.7.2!=4.9.3
ANTLR runtime and generated code versions disagree: 4.7.2!=4.9.3
ANTLR runtime and generated code versions disagree: 4.7.2!=4.9.3
ANTLR runtime and generated code versions disagree: 4.7.2!=4.9.3
ANTLR runtime and generated code versions disagree: 4.7.2!=4.9.3
ANTLR runtime and generated code versions disagree: 4.7.2!=4.9.3
ANTLR runtime and generated code versions disagree: 4.7.2!=4.9.3
ANTLR runtime and generated code versions disagree: 4.7.2!=4.9.3
ANTLR runtime and generated code versions disagree: 4.7.2!=4.9.3
ANTLR runtime and generated code versions disagree: 4.7.2!=4.9.3
ANTLR runtime and generated code versions disagree: 4.7.2!=4.9.3
ANTLR runtime and generated code versions disagree: 4.7.2!=4.9.3
ANTLR runtime and generated code versions disagree: 4.7.2!=4.9.3
ANTLR runtime and generated code versions disagree: 4.7.2!=4.9.3
ANTLR runtime and generated code versions disagree: 4.7.2!=4.9.3
ANTLR runtime and generated code versions disagree: 4.7.2!=4.9.3
ANTLR runtime and generated code versions disagree: 4.7.2!=4.9.3
ANTLR runtime and generated code versions disagree: 4.7.2!=4.9.3
ANTLR runtime and generated code versions disagree: 4.7.2!=4.9.3
ANTLR runtime and generated code versions disagree: 4.7.2!=4.9.3
ANTLR runtime and generated code versions disagree: 4.7.2!=4.9.3
ANTLR runtime and generated code versions disagree: 4.7.2!=4.9.3
ANTLR runtime and generated code versions disagree: 4.7.2!=4.9.3
ANTLR runtime and generated code versions disagree: 4.7.2!=4.9.3
ANTLR runtime and generated code versions disagree: 4.7.2!=4.9.3
ANTLR runtime and generated code versions disagree: 4.7.2!=4.9.3
ANTLR runtime and generated code versions disagree: 4.7.2!=4.9.3
ANTLR runtime and generated code versions disagree: 4.7.2!=4.9.3
ANTLR runtime and generated code versions disagree: 4.7.2!=4.9.3
ANTLR runtime and generated code versions disagree: 4.7.2!=4.9.3
ANTLR runtime and generated code versions disagree: 4.7.2!=4.9.3
ANTLR runtime and generated code versions disagree: 4.7.2!=4.9.3
ANTLR runtime and generated code versions disagree: 4.7.2!=4.9.3
ANTLR runtime and generated code versions disagree: 4.7.2!=4.9.3
ANTLR runtime and generated code versions disagree: 4.7.2!=4.9.3
ANTLR runtime and generated code versions disagree: 4.7.2!=4.9.3
ANTLR runtime and generated code versions disagree: 4.7.2!=4.9.3
ANTLR runtime and generated code versions disagree: 4.7.2!=4.9.3
ANTLR runtime and generated code versions disagree: 4.7.2!=4.9.3
ANTLR runtime and generated code versions disagree: 4.7.2!=4.9.3
ANTLR runtime and generated code versions disagree: 4.7.2!=4.9.3
ANTLR runtime and generated code versions disagree: 4.7.2!=4.9.3
ANTLR runtime and generated code versions disagree: 4.7.2!=4.9.3
ANTLR runtime and generated code versions disagree: 4.7.2!=4.9.3
ANTLR runtime and generated code versions disagree: 4.7.2!=4.9.3
ANTLR runtime and generated code versions disagree: 4.7.2!=4.9.3
ANTLR runtime and generated code versions disagree: 4.7.2!=4.9.3
ANTLR runtime and generated code versions disagree: 4.7.2!=4.9.3
ANTLR runtime and generated code versions disagree: 4.7.2!=4.9.3
ANTLR runtime and generated code versions disagree: 4.7.2!=4.9.3
ANTLR runtime and generated code versions disagree: 4.7.2!=4.9.3
ANTLR runtime and generated code versions disagree: 4.7.2!=4.9.3
ANTLR runtime and generated code versions disagree: 4.7.2!=4.9.3
ANTLR runtime and generated code versions disagree: 4.7.2!=4.9.3
ANTLR runtime and generated code versions disagree: 4.7.2!=4.9.3
ANTLR runtime and generated code versions disagree: 4.7.2!=4.9.3
ANTLR runtime and generated code versions disagree: 4.7.2!=4.9.3
ANTLR runtime and generated code versions disagree: 4.7.2!=4.9.3
ANTLR runtime and generated code versions disagree: 4.7.2!=4.9.3
ANTLR runtime and generated code versions disagree: 4.7.2!=4.9.3
ANTLR runtime and generated code versions disagree: 4.7.2!=4.9.3
ANTLR runtime and generated code versions disagree: 4.7.2!=4.9.3
ANTLR runtime and generated code versions disagree: 4.7.2!=4.9.3
ANTLR runtime and generated code versions disagree: 4.7.2!=4.9.3
ANTLR runtime and generated code versions disagree: 4.7.2!=4.9.3
ANTLR runtime and generated code versions disagree: 4.7.2!=4.9.3
ANTLR runtime and generated code versions disagree: 4.7.2!=4.9.3
ANTLR runtime and generated code versions disagree: 4.7.2!=4.9.3
ANTLR runtime and generated code versions disagree: 4.7.2!=4.9.3
ANTLR runtime and generated code versions disagree: 4.7.2!=4.9.3
ANTLR runtime and generated code versions disagree: 4.7.2!=4.9.3
ANTLR runtime and generated code versions disagree: 4.7.2!=4.9.3
ANTLR runtime and generated code versions disagree: 4.7.2!=4.9.3
ANTLR runtime and generated code versions disagree: 4.7.2!=4.9.3
ANTLR runtime and generated code versions disagree: 4.7.2!=4.9.3
ANTLR runtime and generated code versions disagree: 4.7.2!=4.9.3
ANTLR runtime and generated code versions disagree: 4.7.2!=4.9.3
ANTLR runtime and generated code versions disagree: 4.7.2!=4.9.3
ANTLR runtime and generated code versions disagree: 4.7.2!=4.9.3
ANTLR runtime and generated code versions disagree: 4.7.2!=4.9.3
ANTLR runtime and generated code versions disagree: 4.7.2!=4.9.3
ANTLR runtime and generated code versions disagree: 4.7.2!=4.9.3
ANTLR runtime and generated code versions disagree: 4.7.2!=4.9.3
ANTLR runtime and generated code versions disagree: 4.7.2!=4.9.3
ANTLR runtime and generated code versions disagree: 4.7.2!=4.9.3
ANTLR runtime and generated code versions disagree: 4.7.2!=4.9.3
ANTLR runtime and generated code versions disagree: 4.7.2!=4.9.3
ANTLR runtime and generated code versions disagree: 4.7.2!=4.9.3
ANTLR runtime and generated code versions disagree: 4.7.2!=4.9.3
ANTLR runtime and generated code versions disagree: 4.7.2!=4.9.3
ANTLR runtime and generated code versions disagree: 4.7.2!=4.9.3
ANTLR runtime and generated code versions disagree: 4.7.2!=4.9.3
ANTLR runtime and generated code versions disagree: 4.7.2!=4.9.3
ANTLR runtime and generated code versions disagree: 4.7.2!=4.9.3
ANTLR runtime and generated code versions disagree: 4.7.2!=4.9.3
ANTLR runtime and generated code versions disagree: 4.7.2!=4.9.3
ANTLR runtime and generated code versions disagree: 4.7.2!=4.9.3
ANTLR runtime and generated code versions disagree: 4.7.2!=4.9.3
ANTLR runtime and generated code versions disagree: 4.7.2!=4.9.3
ANTLR runtime and generated code versions disagree: 4.7.2!=4.9.3
ANTLR runtime and generated code versions disagree: 4.7.2!=4.9.3
ANTLR runtime and generated code versions disagree: 4.7.2!=4.9.3
ANTLR runtime and generated code versions disagree: 4.7.2!=4.9.3
ANTLR runtime and generated code versions disagree: 4.7.2!=4.9.3
ANTLR runtime and generated code versions disagree: 4.7.2!=4.9.3
ANTLR runtime and generated code versions disagree: 4.7.2!=4.9.3
ANTLR runtime and generated code versions disagree: 4.7.2!=4.9.3
ANTLR runtime and generated code versions disagree: 4.7.2!=4.9.3
ANTLR runtime and generated code versions disagree: 4.7.2!=4.9.3
ANTLR runtime and generated code versions disagree: 4.7.2!=4.9.3
ANTLR runtime and generated code versions disagree: 4.7.2!=4.9.3
ANTLR runtime and generated code versions disagree: 4.7.2!=4.9.3
ANTLR runtime and generated code versions disagree: 4.7.2!=4.9.3
ANTLR runtime and generated code versions disagree: 4.7.2!=4.9.3
ANTLR runtime and generated code versions disagree: 4.7.2!=4.9.3
ANTLR runtime and generated code versions disagree: 4.7.2!=4.9.3
ANTLR runtime and generated code versions disagree: 4.7.2!=4.9.3
ANTLR runtime and generated code versions disagree: 4.7.2!=4.9.3
ANTLR runtime and generated code versions disagree: 4.7.2!=4.9.3
ANTLR runtime and generated code versions disagree: 4.7.2!=4.9.3
ANTLR runtime and generated code versions disagree: 4.7.2!=4.9.3
ANTLR runtime and generated code versions disagree: 4.7.2!=4.9.3
ANTLR runtime and generated code versions disagree: 4.7.2!=4.9.3
ANTLR runtime and generated code versions disagree: 4.7.2!=4.9.3
ANTLR runtime and generated code versions disagree: 4.7.2!=4.9.3
ANTLR runtime and generated code versions disagree: 4.7.2!=4.9.3
ANTLR runtime and generated code versions disagree: 4.7.2!=4.9.3
ANTLR runtime and generated code versions disagree: 4.7.2!=4.9.3
ANTLR runtime and generated code versions disagree: 4.7.2!=4.9.3
ANTLR runtime and generated code versions disagree: 4.7.2!=4.9.3
ANTLR runtime and generated code versions disagree: 4.7.2!=4.9.3
ANTLR runtime and generated code versions disagree: 4.7.2!=4.9.3
ANTLR runtime and generated code versions disagree: 4.7.2!=4.9.3
ANTLR runtime and generated code versions disagree: 4.7.2!=4.9.3
ANTLR runtime and generated code versions disagree: 4.7.2!=4.9.3
ANTLR runtime and generated code versions disagree: 4.7.2!=4.9.3
ANTLR runtime and generated code versions disagree: 4.7.2!=4.9.3
ANTLR runtime and generated code versions disagree: 4.7.2!=4.9.3
ANTLR runtime and generated code versions disagree: 4.7.2!=4.9.3
ANTLR runtime and generated code versions disagree: 4.7.2!=4.9.3
ANTLR runtime and generated code versions disagree: 4.7.2!=4.9.3
ANTLR runtime and generated code versions disagree: 4.7.2!=4.9.3
ANTLR runtime and generated code versions disagree: 4.7.2!=4.9.3
ANTLR runtime and generated code versions disagree: 4.7.2!=4.9.3
ANTLR runtime and generated code versions disagree: 4.7.2!=4.9.3
ANTLR runtime and generated code versions disagree: 4.7.2!=4.9.3
ANTLR runtime and generated code versions disagree: 4.7.2!=4.9.3
ANTLR runtime and generated code versions disagree: 4.7.2!=4.9.3
ANTLR runtime and generated code versions disagree: 4.7.2!=4.9.3
ANTLR runtime and generated code versions disagree: 4.7.2!=4.9.3
ANTLR runtime and generated code versions disagree: 4.7.2!=4.9.3
ANTLR runtime and generated code versions disagree: 4.7.2!=4.9.3
2026-07-10 21:13:14,382	INFO worker.py:2014 -- Started a local Ray instance. View the dashboard at [1m[32mhttp://127.0.0.1:8265 [39m[22m
/usr/local/lib/python3.12/dist-packages/ray/_private/worker.py:2062: FutureWarning: Tip: In future versions of Ray, Ray will no longer override accelerator visible devices env var if num_gpus=0 or num_gpus=None (default). To enable this behavior and turn off this error message, set RAY_ACCEL_ENV_VAR_OVERRIDE_ON_ZERO=0
  warnings.warn(
[36m(pid=145845)[0m W0710 21:13:22.968000 145845 torch/utils/cpp_extension.py:117] No CUDA runtime is found, using CUDA_HOME='/usr/local/cuda'
[36m(pid=145845)[0m WARNING:2026-07-10 21:13:23,011:fused_indices_to_multihot has reached end of life. Please migrate to a non-experimental function.
ray init kwargs: {'num_cpus': None, 'runtime_env': {'env_vars': {'TOKENIZERS_PARALLELISM': 'true', 'NCCL_DEBUG': 'WARN', 'VLLM_LOGGING_LEVEL': 'WARN', 'VLLM_ALLOW_RUNTIME_LORA_UPDATING': 'true', 'CUDA_DEVICE_MAX_CONNECTIONS': '1', 'VLLM_DISABLE_COMPILE_CACHE': '1', 'HCCL_HOST_SOCKET_PORT_RANGE': 'auto', 'HCCL_NPU_SOCKET_PORT_RANGE': 'auto'}, 'working_dir': None}}
[36m(TaskRunner pid=145845)[0m TaskRunner hostname: ip-172-31-45-208, PID: 145845
[36m(TaskRunner pid=145845)[0m ANTLR runtime and generated code versions disagree: 4.7.2!=4.9.3
[36m(TaskRunner pid=145845)[0m ANTLR runtime and generated code versions disagree: 4.7.2!=4.9.3
[36m(TaskRunner pid=145845)[0m {'actor_rollout_ref': {'actor': {'_target_': 'verl.workers.config.FSDPActorConfig',
[36m(TaskRunner pid=145845)[0m                                  'calculate_entropy': False,
[36m(TaskRunner pid=145845)[0m                                  'calculate_sum_pi_squared': False,
[36m(TaskRunner pid=145845)[0m                                  'checkpoint': {'_target_': 'verl.trainer.config.CheckpointConfig',
[36m(TaskRunner pid=145845)[0m                                                 'async_save': False,
[36m(TaskRunner pid=145845)[0m                                                 'load_contents': ['model',
[36m(TaskRunner pid=145845)[0m                                                                   'optimizer',
[36m(TaskRunner pid=145845)[0m                                                                   'extra'],
[36m(TaskRunner pid=145845)[0m                                                 'mbridge_config': {},
[36m(TaskRunner pid=145845)[0m                                                 'save_contents': ['model',
[36m(TaskRunner pid=145845)[0m                                                                   'optimizer',
[36m(TaskRunner pid=145845)[0m                                                                   'extra']},
[36m(TaskRunner pid=145845)[0m                                  'clip_ratio': 0.2,
[36m(TaskRunner pid=145845)[0m                                  'clip_ratio_c': 3.0,
[36m(TaskRunner pid=145845)[0m                                  'clip_ratio_high': 0.2,
[36m(TaskRunner pid=145845)[0m                                  'clip_ratio_low': 0.2,
[36m(TaskRunner pid=145845)[0m                                  'data_loader_seed': 42,
[36m(TaskRunner pid=145845)[0m                                  'entropy_checkpointing': False,
[36m(TaskRunner pid=145845)[0m                                  'entropy_coeff': 0,
[36m(TaskRunner pid=145845)[0m                                  'entropy_from_logits_with_chunking': False,
[36m(TaskRunner pid=145845)[0m                                  'freeze_vision_tower': False,
[36m(TaskRunner pid=145845)[0m                                  'fsdp_config': {'_target_': 'verl.workers.config.FSDPEngineConfig',
[36m(TaskRunner pid=145845)[0m                                                  'dtype': 'bfloat16',
[36m(TaskRunner pid=145845)[0m                                                  'entropy_checkpointing': False,
[36m(TaskRunner pid=145845)[0m                                                  'entropy_from_logits_with_chunking': False,
[36m(TaskRunner pid=145845)[0m                                                  'forward_only': False,
[36m(TaskRunner pid=145845)[0m                                                  'forward_prefetch': False,
[36m(TaskRunner pid=145845)[0m                                                  'fsdp_size': -1,
[36m(TaskRunner pid=145845)[0m                                                  'full_determinism': False,
[36m(TaskRunner pid=145845)[0m                                                  'model_dtype': 'fp32',
[36m(TaskRunner pid=145845)[0m                                                  'offload_policy': False,
[36m(TaskRunner pid=145845)[0m                                                  'optimizer_offload': False,
[36m(TaskRunner pid=145845)[0m                                                  'param_offload': False,
[36m(TaskRunner pid=145845)[0m                                                  'qat': {'_target_': 'verl.workers.config.QATEngineConfig',
[36m(TaskRunner pid=145845)[0m                                                          'activation_observer': 'static_minmax',
[36m(TaskRunner pid=145845)[0m                                                          'enable': False,
[36m(TaskRunner pid=145845)[0m                                                          'group_size': 16,
[36m(TaskRunner pid=145845)[0m                                                          'ignore_patterns': ['lm_head',
[36m(TaskRunner pid=145845)[0m                                                                              'embed_tokens',
[36m(TaskRunner pid=145845)[0m                                                                              're:.*mlp.gate$'],
[36m(TaskRunner pid=145845)[0m                                                          'mode': 'w4a16',
[36m(TaskRunner pid=145845)[0m                                                          'quantization_config_path': None},
[36m(TaskRunner pid=145845)[0m                                                  'reshard_after_forward': True,
[36m(TaskRunner pid=145845)[0m                                                  'seed': 42,
[36m(TaskRunner pid=145845)[0m                                                  'strategy': 'fsdp',
[36m(TaskRunner pid=145845)[0m                                                  'ulysses_sequence_parallel_size': 1,
[36m(TaskRunner pid=145845)[0m                                                  'use_orig_params': False,
[36m(TaskRunner pid=145845)[0m                                                  'use_torch_compile': True,
[36m(TaskRunner pid=145845)[0m                                                  'wrap_policy': {'min_num_params': 0}},
[36m(TaskRunner pid=145845)[0m                                  'grad_clip': 1.0,
[36m(TaskRunner pid=145845)[0m                                  'kl_loss_coef': 0.05,
[36m(TaskRunner pid=145845)[0m                                  'kl_loss_type': 'low_var_kl',
[36m(TaskRunner pid=145845)[0m                                  'loss_agg_mode': 'token-mean',
[36m(TaskRunner pid=145845)[0m                                  'loss_scale_factor': None,
[36m(TaskRunner pid=145845)[0m                                  'optim': {'_target_': 'verl.workers.config.FSDPOptimizerConfig',
[36m(TaskRunner pid=145845)[0m                                            'betas': [0.9, 0.999],
[36m(TaskRunner pid=145845)[0m                                            'clip_grad': 1.0,
[36m(TaskRunner pid=145845)[0m                                            'lr': 5e-07,
[36m(TaskRunner pid=145845)[0m                                            'lr_scheduler_type': 'constant',
[36m(TaskRunner pid=145845)[0m                                            'lr_warmup_steps': -1,
[36m(TaskRunner pid=145845)[0m                                            'lr_warmup_steps_ratio': 0.0,
[36m(TaskRunner pid=145845)[0m                                            'min_lr_ratio': 0.0,
[36m(TaskRunner pid=145845)[0m                                            'num_cycles': 0.5,
[36m(TaskRunner pid=145845)[0m                                            'optimizer': 'AdamW',
[36m(TaskRunner pid=145845)[0m                                            'optimizer_impl': 'torch.optim',
[36m(TaskRunner pid=145845)[0m                                            'override_optimizer_config': None,
[36m(TaskRunner pid=145845)[0m                                            'total_training_steps': -1,
[36m(TaskRunner pid=145845)[0m                                            'warmup_style': None,
[36m(TaskRunner pid=145845)[0m                                            'weight_decay': 0.01,
[36m(TaskRunner pid=145845)[0m                                            'zero_indexed_step': True},
[36m(TaskRunner pid=145845)[0m                                  'policy_loss': {'_target_': 'verl.workers.config.PolicyLossConfig',
[36m(TaskRunner pid=145845)[0m                                                  'clip_cov_lb': 1.0,
[36m(TaskRunner pid=145845)[0m                                                  'clip_cov_ratio': 0.0002,
[36m(TaskRunner pid=145845)[0m                                                  'clip_cov_ub': 5.0,
[36m(TaskRunner pid=145845)[0m                                                  'kl_cov_ratio': 0.0002,
[36m(TaskRunner pid=145845)[0m                                                  'loss_mode': 'vanilla',
[36m(TaskRunner pid=145845)[0m                                                  'ppo_kl_coef': 0.1},
[36m(TaskRunner pid=145845)[0m                                  'ppo_epochs': 1,
[36m(TaskRunner pid=145845)[0m                                  'ppo_max_token_len_per_gpu': 16384,
[36m(TaskRunner pid=145845)[0m                                  'ppo_micro_batch_size': None,
[36m(TaskRunner pid=145845)[0m                                  'ppo_micro_batch_size_per_gpu': 2,
[36m(TaskRunner pid=145845)[0m                                  'ppo_mini_batch_size': 64,
[36m(TaskRunner pid=145845)[0m                                  'profiler': {'_target_': 'verl.utils.profiler.ProfilerConfig',
[36m(TaskRunner pid=145845)[0m                                               'all_ranks': False,
[36m(TaskRunner pid=145845)[0m                                               'enable': False,
[36m(TaskRunner pid=145845)[0m                                               'ranks': [],
[36m(TaskRunner pid=145845)[0m                                               'save_path': 'outputs/profile',
[36m(TaskRunner pid=145845)[0m                                               'tool': None,
[36m(TaskRunner pid=145845)[0m                                               'tool_config': {'npu': {'_target_': 'verl.utils.profiler.config.NPUToolConfig',
[36m(TaskRunner pid=145845)[0m                                                                       'analysis': True,
[36m(TaskRunner pid=145845)[0m                                                                       'contents': [],
[36m(TaskRunner pid=145845)[0m                                                                       'discrete': False,
[36m(TaskRunner pid=145845)[0m                                                                       'level': 'level0'},
[36m(TaskRunner pid=145845)[0m                                                               'nsys': {'_target_': 'verl.utils.profiler.config.NsightToolConfig',
[36m(TaskRunner pid=145845)[0m                                                                        'discrete': False},
[36m(TaskRunner pid=145845)[0m                                                               'precision_debugger': {'_target_': 'verl.utils.profiler.config.PrecisionDebuggerToolConfig',
[36m(TaskRunner pid=145845)[0m                                                                                      'config_path': None,
[36m(TaskRunner pid=145845)[0m                                                                                      'stages': None,
[36m(TaskRunner pid=145845)[0m                                                                                      'steps': None,
[36m(TaskRunner pid=145845)[0m                                                                                      'strict': False},
[36m(TaskRunner pid=145845)[0m                                                               'torch': {'_target_': 'verl.utils.profiler.config.TorchProfilerToolConfig',
[36m(TaskRunner pid=145845)[0m                                                                         'contents': [],
[36m(TaskRunner pid=145845)[0m                                                                         'discrete': False},
[36m(TaskRunner pid=145845)[0m                                                               'torch_memory': {'_target_': 'verl.utils.profiler.config.TorchMemoryToolConfig',
[36m(TaskRunner pid=145845)[0m                                                                                'stack_depth': 32,
[36m(TaskRunner pid=145845)[0m                                                                                'trace_alloc_max_entries': 100000}}},
[36m(TaskRunner pid=145845)[0m                                  'qat': {'activation_observer': 'static_minmax',
[36m(TaskRunner pid=145845)[0m                                          'enable': False,
[36m(TaskRunner pid=145845)[0m                                          'group_size': 16,
[36m(TaskRunner pid=145845)[0m                                          'ignore_patterns': ['lm_head',
[36m(TaskRunner pid=145845)[0m                                                              'embed_tokens',
[36m(TaskRunner pid=145845)[0m                                                              're:.*mlp.gate$'],
[36m(TaskRunner pid=145845)[0m                                          'mode': 'w4a16',
[36m(TaskRunner pid=145845)[0m                                          'quantization_config_path': None},
[36m(TaskRunner pid=145845)[0m                                  'rollout_n': 16,
[36m(TaskRunner pid=145845)[0m                                  'router_replay': {'_target_': 'verl.workers.config.RouterReplayConfig',
[36m(TaskRunner pid=145845)[0m                                                    'mode': 'disabled',
[36m(TaskRunner pid=145845)[0m                                                    'record_file': None,
[36m(TaskRunner pid=145845)[0m                                                    'replay_file': None},
[36m(TaskRunner pid=145845)[0m                                  'shuffle': False,
[36m(TaskRunner pid=145845)[0m                                  'strategy': 'fsdp',
[36m(TaskRunner pid=145845)[0m                                  'sum_pi_squared_checkpointing': False,
[36m(TaskRunner pid=145845)[0m                                  'tau_neg': 1.05,
[36m(TaskRunner pid=145845)[0m                                  'tau_pos': 1.0,
[36m(TaskRunner pid=145845)[0m                                  'ulysses_sequence_parallel_size': 1,
[36m(TaskRunner pid=145845)[0m                                  'use_dynamic_bsz': False,
[36m(TaskRunner pid=145845)[0m                                  'use_fused_kernels': False,
[36m(TaskRunner pid=145845)[0m                                  'use_kl_loss': True,
[36m(TaskRunner pid=145845)[0m                                  'use_prefix_grouper': False,
[36m(TaskRunner pid=145845)[0m                                  'use_remove_padding': True,
[36m(TaskRunner pid=145845)[0m                                  'use_torch_compile': True},
[36m(TaskRunner pid=145845)[0m                        'hybrid_engine': True,
[36m(TaskRunner pid=145845)[0m                        'model': {'_target_': 'verl.workers.config.HFModelConfig',
[36m(TaskRunner pid=145845)[0m                                  'custom_chat_template': None,
[36m(TaskRunner pid=145845)[0m                                  'enable_activation_offload': False,
[36m(TaskRunner pid=145845)[0m                                  'enable_gradient_checkpointing': True,
[36m(TaskRunner pid=145845)[0m                                  'exclude_modules': None,
[36m(TaskRunner pid=145845)[0m                                  'external_lib': None,
[36m(TaskRunner pid=145845)[0m                                  'fused_kernel_options': {'impl_backend': 'torch'},
[36m(TaskRunner pid=145845)[0m                                  'hf_config_path': None,
[36m(TaskRunner pid=145845)[0m                                  'lora': {'a2a_experimental': False,
[36m(TaskRunner pid=145845)[0m                                           'adapter_path': None,
[36m(TaskRunner pid=145845)[0m                                           'alpha': 32,
[36m(TaskRunner pid=145845)[0m                                           'dropout': 0.0,
[36m(TaskRunner pid=145845)[0m                                           'dropout_position': 'pre',
[36m(TaskRunner pid=145845)[0m                                           'dtype': None,
[36m(TaskRunner pid=145845)[0m                                           'exclude_modules': [],
[36m(TaskRunner pid=145845)[0m                                           'freeze_language_model': True,
[36m(TaskRunner pid=145845)[0m                                           'freeze_vision_model': True,
[36m(TaskRunner pid=145845)[0m                                           'freeze_vision_projection': True,
[36m(TaskRunner pid=145845)[0m                                           'lora_A_init_method': 'xavier',
[36m(TaskRunner pid=145845)[0m                                           'lora_B_init_method': 'zero',
[36m(TaskRunner pid=145845)[0m                                           'merge': False,
[36m(TaskRunner pid=145845)[0m                                           'rank': 0,
[36m(TaskRunner pid=145845)[0m                                           'target_modules': ['linear_qkv',
[36m(TaskRunner pid=145845)[0m                                                              'linear_proj',
[36m(TaskRunner pid=145845)[0m                                                              'linear_fc1',
[36m(TaskRunner pid=145845)[0m                                                              'linear_fc2'],
[36m(TaskRunner pid=145845)[0m                                           'type': 'lora'},
[36m(TaskRunner pid=145845)[0m                                  'lora_adapter_path': None,
[36m(TaskRunner pid=145845)[0m                                  'lora_alpha': 16,
[36m(TaskRunner pid=145845)[0m                                  'lora_rank': 0,
[36m(TaskRunner pid=145845)[0m                                  'mtp': {'_target_': 'verl.workers.config.MtpConfig',
[36m(TaskRunner pid=145845)[0m                                          'detach_encoder': False,
[36m(TaskRunner pid=145845)[0m                                          'enable': False,
[36m(TaskRunner pid=145845)[0m                                          'enable_rollout': False,
[36m(TaskRunner pid=145845)[0m                                          'enable_train': False,
[36m(TaskRunner pid=145845)[0m                                          'method': 'mtp',
[36m(TaskRunner pid=145845)[0m                                          'mtp_loss_scaling_factor': 0.1,
[36m(TaskRunner pid=145845)[0m                                          'num_speculative_tokens': 1,
[36m(TaskRunner pid=145845)[0m                                          'speculative_algorithm': 'EAGLE',
[36m(TaskRunner pid=145845)[0m                                          'speculative_eagle_topk': 1,
[36m(TaskRunner pid=145845)[0m                                          'speculative_num_draft_tokens': 4,
[36m(TaskRunner pid=145845)[0m                                          'speculative_num_steps': 3},
[36m(TaskRunner pid=145845)[0m                                  'override_config': {},
[36m(TaskRunner pid=145845)[0m                                  'path': '/workspace/verl-x/budget-rl-training-repro/artifacts/models/sft_interval_pct30_e5',
[36m(TaskRunner pid=145845)[0m                                  'target_modules': 'all-linear',
[36m(TaskRunner pid=145845)[0m                                  'tiled_mlp': {'enabled': False,
[36m(TaskRunner pid=145845)[0m                                                'num_shards': 4},
[36m(TaskRunner pid=145845)[0m                                  'tokenizer_path': None,
[36m(TaskRunner pid=145845)[0m                                  'trust_remote_code': False,
[36m(TaskRunner pid=145845)[0m                                  'use_fused_kernels': False,
[36m(TaskRunner pid=145845)[0m                                  'use_liger': False,
[36m(TaskRunner pid=145845)[0m                                  'use_remove_padding': True,
[36m(TaskRunner pid=145845)[0m                                  'use_shm': False},
[36m(TaskRunner pid=145845)[0m                        'nccl_timeout': 600,
[36m(TaskRunner pid=145845)[0m                        'ref': {'_target_': 'verl.workers.config.FSDPActorConfig',
[36m(TaskRunner pid=145845)[0m                                'entropy_checkpointing': False,
[36m(TaskRunner pid=145845)[0m                                'entropy_from_logits_with_chunking': False,
[36m(TaskRunner pid=145845)[0m                                'fsdp_config': {'_target_': 'verl.workers.config.FSDPEngineConfig',
[36m(TaskRunner pid=145845)[0m                                                'dtype': 'bfloat16',
[36m(TaskRunner pid=145845)[0m                                                'entropy_checkpointing': False,
[36m(TaskRunner pid=145845)[0m                                                'entropy_from_logits_with_chunking': False,
[36m(TaskRunner pid=145845)[0m                                                'forward_only': True,
[36m(TaskRunner pid=145845)[0m                                                'forward_prefetch': False,
[36m(TaskRunner pid=145845)[0m                                                'fsdp_size': -1,
[36m(TaskRunner pid=145845)[0m                                                'full_determinism': False,
[36m(TaskRunner pid=145845)[0m                                                'model_dtype': 'fp32',
[36m(TaskRunner pid=145845)[0m                                                'offload_policy': False,
[36m(TaskRunner pid=145845)[0m                                                'optimizer_offload': False,
[36m(TaskRunner pid=145845)[0m                                                'param_offload': True,
[36m(TaskRunner pid=145845)[0m                                                'qat': {'_target_': 'verl.workers.config.QATEngineConfig',
[36m(TaskRunner pid=145845)[0m                                                        'activation_observer': 'static_minmax',
[36m(TaskRunner pid=145845)[0m                                                        'enable': False,
[36m(TaskRunner pid=145845)[0m                                                        'group_size': 16,
[36m(TaskRunner pid=145845)[0m                                                        'ignore_patterns': ['lm_head',
[36m(TaskRunner pid=145845)[0m                                                                            'embed_tokens',
[36m(TaskRunner pid=145845)[0m                                                                            're:.*mlp.gate$'],
[36m(TaskRunner pid=145845)[0m                                                        'mode': 'w4a16',
[36m(TaskRunner pid=145845)[0m                                                        'quantization_config_path': None},
[36m(TaskRunner pid=145845)[0m                                                'reshard_after_forward': True,
[36m(TaskRunner pid=145845)[0m                                                'seed': 42,
[36m(TaskRunner pid=145845)[0m                                                'strategy': 'fsdp',
[36m(TaskRunner pid=145845)[0m                                                'ulysses_sequence_parallel_size': 1,
[36m(TaskRunner pid=145845)[0m                                                'use_orig_params': False,
[36m(TaskRunner pid=145845)[0m                                                'use_torch_compile': True,
[36m(TaskRunner pid=145845)[0m                                                'wrap_policy': {'min_num_params': 0}},
[36m(TaskRunner pid=145845)[0m                                'log_prob_max_token_len_per_gpu': 16384,
[36m(TaskRunner pid=145845)[0m                                'log_prob_micro_batch_size': None,
[36m(TaskRunner pid=145845)[0m                                'log_prob_micro_batch_size_per_gpu': 2,
[36m(TaskRunner pid=145845)[0m                                'log_prob_use_dynamic_bsz': False,
[36m(TaskRunner pid=145845)[0m                                'profiler': {'_target_': 'verl.utils.profiler.ProfilerConfig',
[36m(TaskRunner pid=145845)[0m                                             'all_ranks': False,
[36m(TaskRunner pid=145845)[0m                                             'enable': False,
[36m(TaskRunner pid=145845)[0m                                             'ranks': [],
[36m(TaskRunner pid=145845)[0m                                             'save_path': 'outputs/profile',
[36m(TaskRunner pid=145845)[0m                                             'tool': None,
[36m(TaskRunner pid=145845)[0m                                             'tool_config': {'npu': {'_target_': 'verl.utils.profiler.config.NPUToolConfig',
[36m(TaskRunner pid=145845)[0m                                                                     'analysis': True,
[36m(TaskRunner pid=145845)[0m                                                                     'contents': [],
[36m(TaskRunner pid=145845)[0m                                                                     'discrete': False,
[36m(TaskRunner pid=145845)[0m                                                                     'level': 'level0'},
[36m(TaskRunner pid=145845)[0m                                                             'nsys': {'_target_': 'verl.utils.profiler.config.NsightToolConfig',
[36m(TaskRunner pid=145845)[0m                                                                      'discrete': False},
[36m(TaskRunner pid=145845)[0m                                                             'precision_debugger': {'_target_': 'verl.utils.profiler.config.PrecisionDebuggerToolConfig',
[36m(TaskRunner pid=145845)[0m                                                                                    'config_path': None,
[36m(TaskRunner pid=145845)[0m                                                                                    'stages': None,
[36m(TaskRunner pid=145845)[0m                                                                                    'steps': None,
[36m(TaskRunner pid=145845)[0m                                                                                    'strict': False},
[36m(TaskRunner pid=145845)[0m                                                             'torch': {'_target_': 'verl.utils.profiler.config.TorchProfilerToolConfig',
[36m(TaskRunner pid=145845)[0m                                                                       'contents': [],
[36m(TaskRunner pid=145845)[0m                                                                       'discrete': False},
[36m(TaskRunner pid=145845)[0m                                                             'torch_memory': {'_target_': 'verl.utils.profiler.config.TorchMemoryToolConfig',
[36m(TaskRunner pid=145845)[0m                                                                              'stack_depth': 32,
[36m(TaskRunner pid=145845)[0m                                                                              'trace_alloc_max_entries': 100000}}},
[36m(TaskRunner pid=145845)[0m                                'rollout_n': 16,
[36m(TaskRunner pid=145845)[0m                                'router_replay': {'_target_': 'verl.workers.config.RouterReplayConfig',
[36m(TaskRunner pid=145845)[0m                                                  'mode': 'disabled',
[36m(TaskRunner pid=145845)[0m                                                  'record_file': None,
[36m(TaskRunner pid=145845)[0m                                                  'replay_file': None},
[36m(TaskRunner pid=145845)[0m                                'strategy': 'fsdp',
[36m(TaskRunner pid=145845)[0m                                'ulysses_sequence_parallel_size': 1,
[36m(TaskRunner pid=145845)[0m                                'use_torch_compile': True},
[36m(TaskRunner pid=145845)[0m                        'rollout': {'_target_': 'verl.workers.config.RolloutConfig',
[36m(TaskRunner pid=145845)[0m                                    'agent': {'_target_': 'verl.workers.config.AgentLoopConfig',
[36m(TaskRunner pid=145845)[0m                                              'agent_loop_config_path': None,
[36m(TaskRunner pid=145845)[0m                                              'custom_async_server': {'_target_': 'verl.workers.config.CustomAsyncServerConfig',
[36m(TaskRunner pid=145845)[0m                                                                      'name': None,
[36m(TaskRunner pid=145845)[0m                                                                      'path': None},
[36m(TaskRunner pid=145845)[0m                                              'default_agent_loop': 'single_turn_agent',
[36m(TaskRunner pid=145845)[0m                                              'num_workers': 8},
[36m(TaskRunner pid=145845)[0m                                    'calculate_log_probs': False,
[36m(TaskRunner pid=145845)[0m                                    'checkpoint_engine': {'_target_': 'verl.workers.config.CheckpointEngineConfig',
[36m(TaskRunner pid=145845)[0m                                                          'backend': 'naive',
[36m(TaskRunner pid=145845)[0m                                                          'custom_backend_module': None,
[36m(TaskRunner pid=145845)[0m                                                          'engine_kwargs': {},
[36m(TaskRunner pid=145845)[0m                                                          'update_weights_bucket_megabytes': 2048},
[36m(TaskRunner pid=145845)[0m                                    'cudagraph_capture_sizes': None,
[36m(TaskRunner pid=145845)[0m                                    'data_parallel_size': 1,
[36m(TaskRunner pid=145845)[0m                                    'disable_log_stats': True,
[36m(TaskRunner pid=145845)[0m                                    'do_sample': True,
[36m(TaskRunner pid=145845)[0m                                    'dtype': 'bfloat16',
[36m(TaskRunner pid=145845)[0m                                    'enable_chunked_prefill': True,
[36m(TaskRunner pid=145845)[0m                                    'enable_prefix_caching': True,
[36m(TaskRunner pid=145845)[0m                                    'enable_rollout_routing_replay': False,
[36m(TaskRunner pid=145845)[0m                                    'enforce_eager': False,
[36m(TaskRunner pid=145845)[0m                                    'engine_kwargs': {'sglang': {},
[36m(TaskRunner pid=145845)[0m                                                      'trtllm': {},
[36m(TaskRunner pid=145845)[0m                                                      'vllm': {}},
[36m(TaskRunner pid=145845)[0m                                    'expert_parallel_size': 1,
[36m(TaskRunner pid=145845)[0m                                    'free_cache_engine': True,
[36m(TaskRunner pid=145845)[0m                                    'gpu_memory_utilization': 0.3,
[36m(TaskRunner pid=145845)[0m                                    'ignore_eos': False,
[36m(TaskRunner pid=145845)[0m                                    'layered_summon': False,
[36m(TaskRunner pid=145845)[0m                                    'load_format': 'dummy',
[36m(TaskRunner pid=145845)[0m                                    'log_prob_max_token_len_per_gpu': 16384,
[36m(TaskRunner pid=145845)[0m                                    'log_prob_micro_batch_size': None,
[36m(TaskRunner pid=145845)[0m                                    'log_prob_micro_batch_size_per_gpu': 2,
[36m(TaskRunner pid=145845)[0m                                    'log_prob_use_dynamic_bsz': False,
[36m(TaskRunner pid=145845)[0m                                    'logprobs_mode': 'processed_logprobs',
[36m(TaskRunner pid=145845)[0m                                    'max_model_len': 8192,
[36m(TaskRunner pid=145845)[0m                                    'max_num_batched_tokens': 8192,
[36m(TaskRunner pid=145845)[0m                                    'max_num_seqs': 1024,
[36m(TaskRunner pid=145845)[0m                                    'mode': 'async',
[36m(TaskRunner pid=145845)[0m                                    'mtp': {'_target_': 'verl.workers.config.MtpConfig',
[36m(TaskRunner pid=145845)[0m                                            'detach_encoder': False,
[36m(TaskRunner pid=145845)[0m                                            'enable': False,
[36m(TaskRunner pid=145845)[0m                                            'enable_rollout': False,
[36m(TaskRunner pid=145845)[0m                                            'enable_train': False,
[36m(TaskRunner pid=145845)[0m                                            'method': 'mtp',
[36m(TaskRunner pid=145845)[0m                                            'mtp_loss_scaling_factor': 0.1,
[36m(TaskRunner pid=145845)[0m                                            'num_speculative_tokens': 1,
[36m(TaskRunner pid=145845)[0m                                            'speculative_algorithm': 'EAGLE',
[36m(TaskRunner pid=145845)[0m                                            'speculative_eagle_topk': 1,
[36m(TaskRunner pid=145845)[0m                                            'speculative_num_draft_tokens': 4,
[36m(TaskRunner pid=145845)[0m                                            'speculative_num_steps': 3},
[36m(TaskRunner pid=145845)[0m                                    'multi_stage_wake_up': False,
[36m(TaskRunner pid=145845)[0m                                    'multi_turn': {'_target_': 'verl.workers.config.MultiTurnConfig',
[36m(TaskRunner pid=145845)[0m                                                   'enable': False,
[36m(TaskRunner pid=145845)[0m                                                   'format': 'hermes',
[36m(TaskRunner pid=145845)[0m                                                   'interaction_config_path': None,
[36m(TaskRunner pid=145845)[0m                                                   'max_assistant_turns': None,
[36m(TaskRunner pid=145845)[0m                                                   'max_parallel_calls': 1,
[36m(TaskRunner pid=145845)[0m                                                   'max_tool_response_length': 256,
[36m(TaskRunner pid=145845)[0m                                                   'max_user_turns': None,
[36m(TaskRunner pid=145845)[0m                                                   'num_repeat_rollouts': None,
[36m(TaskRunner pid=145845)[0m                                                   'tokenization_sanity_check_mode': 'strict',
[36m(TaskRunner pid=145845)[0m                                                   'tool_config_path': None,
[36m(TaskRunner pid=145845)[0m                                                   'tool_response_truncate_side': 'middle',
[36m(TaskRunner pid=145845)[0m                                                   'use_inference_chat_template': False},
[36m(TaskRunner pid=145845)[0m                                    'n': 16,
[36m(TaskRunner pid=145845)[0m                                    'n_gpus_per_node': 8,
[36m(TaskRunner pid=145845)[0m                                    'name': 'vllm',
[36m(TaskRunner pid=145845)[0m                                    'nnodes': 0,
[36m(TaskRunner pid=145845)[0m                                    'over_sample_rate': 0,
[36m(TaskRunner pid=145845)[0m                                    'pipeline_model_parallel_size': 1,
[36m(TaskRunner pid=145845)[0m                                    'profiler': {'_target_': 'verl.utils.profiler.ProfilerConfig',
[36m(TaskRunner pid=145845)[0m                                                 'all_ranks': False,
[36m(TaskRunner pid=145845)[0m                                                 'enable': False,
[36m(TaskRunner pid=145845)[0m                                                 'ranks': [],
[36m(TaskRunner pid=145845)[0m                                                 'save_path': 'outputs/profile',
[36m(TaskRunner pid=145845)[0m                                                 'tool': None,
[36m(TaskRunner pid=145845)[0m                                                 'tool_config': {'npu': {'_target_': 'verl.utils.profiler.config.NPUToolConfig',
[36m(TaskRunner pid=145845)[0m                                                                         'analysis': True,
[36m(TaskRunner pid=145845)[0m                                                                         'contents': [],
[36m(TaskRunner pid=145845)[0m                                                                         'discrete': False,
[36m(TaskRunner pid=145845)[0m                                                                         'level': 'level0'},
[36m(TaskRunner pid=145845)[0m                                                                 'precision_debugger': {'_target_': 'verl.utils.profiler.config.PrecisionDebuggerToolConfig',
[36m(TaskRunner pid=145845)[0m                                                                                        'config_path': None,
[36m(TaskRunner pid=145845)[0m                                                                                        'stages': None,
[36m(TaskRunner pid=145845)[0m                                                                                        'steps': None,
[36m(TaskRunner pid=145845)[0m                                                                                        'strict': False},
[36m(TaskRunner pid=145845)[0m                                                                 'torch': {'_target_': 'verl.utils.profiler.config.TorchProfilerToolConfig',
[36m(TaskRunner pid=145845)[0m                                                                           'contents': [],
[36m(TaskRunner pid=145845)[0m                                                                           'discrete': False}}},
[36m(TaskRunner pid=145845)[0m                                    'prometheus': {'_target_': 'verl.workers.config.PrometheusConfig',
[36m(TaskRunner pid=145845)[0m                                                   'enable': False,
[36m(TaskRunner pid=145845)[0m                                                   'file': '/tmp/ray/session_latest/metrics/prometheus/prometheus.yml',
[36m(TaskRunner pid=145845)[0m                                                   'port': 9090,
[36m(TaskRunner pid=145845)[0m                                                   'served_model_name': '/workspace/verl-x/budget-rl-training-repro/artifacts/models/sft_interval_pct30_e5'},
[36m(TaskRunner pid=145845)[0m                                    'prompt_length': 8192,
[36m(TaskRunner pid=145845)[0m                                    'qat': {'_target_': 'verl.workers.config.QATEngineConfig',
[36m(TaskRunner pid=145845)[0m                                            'activation_observer': 'static_minmax',
[36m(TaskRunner pid=145845)[0m                                            'enable': False,
[36m(TaskRunner pid=145845)[0m                                            'group_size': 16,
[36m(TaskRunner pid=145845)[0m                                            'ignore_patterns': ['lm_head',
[36m(TaskRunner pid=145845)[0m                                                                'embed_tokens',
[36m(TaskRunner pid=145845)[0m                                                                're:.*mlp.gate$'],
[36m(TaskRunner pid=145845)[0m                                            'mode': 'w4a16',
[36m(TaskRunner pid=145845)[0m                                            'quantization_config_path': None},
[36m(TaskRunner pid=145845)[0m                                    'quantization': None,
[36m(TaskRunner pid=145845)[0m                                    'quantization_config_file': None,
[36m(TaskRunner pid=145845)[0m                                    'response_length': 1024,
[36m(TaskRunner pid=145845)[0m                                    'scheduling_policy': 'fcfs',
[36m(TaskRunner pid=145845)[0m                                    'skip': {'_target_': 'verl.workers.config.SkipConfig',
[36m(TaskRunner pid=145845)[0m                                             'action': 'cache',
[36m(TaskRunner pid=145845)[0m                                             'dump_dir': '~/.verl/rollout_dump',
[36m(TaskRunner pid=145845)[0m                                             'enable': False,
[36m(TaskRunner pid=145845)[0m                                             'max_dump_step': 1},
[36m(TaskRunner pid=145845)[0m                                    'skip_tokenizer_init': True,
[36m(TaskRunner pid=145845)[0m                                    'temperature': 1.0,
[36m(TaskRunner pid=145845)[0m                                    'tensor_model_parallel_size': 4,
[36m(TaskRunner pid=145845)[0m                                    'top_k': -1,
[36m(TaskRunner pid=145845)[0m                                    'top_p': 1,
[36m(TaskRunner pid=145845)[0m                                    'trace': {'_target_': 'verl.workers.config.TraceConfig',
[36m(TaskRunner pid=145845)[0m                                              'backend': None,
[36m(TaskRunner pid=145845)[0m                                              'experiment_name': 'rl_pct30e5_kl005_full',
[36m(TaskRunner pid=145845)[0m                                              'max_samples_per_step_per_worker': None,
[36m(TaskRunner pid=145845)[0m                                              'project_name': 'budget_probe_grpo',
[36m(TaskRunner pid=145845)[0m                                              'token2text': False},
[36m(TaskRunner pid=145845)[0m                                    'val_kwargs': {'_target_': 'verl.workers.config.SamplingConfig',
[36m(TaskRunner pid=145845)[0m                                                   'do_sample': False,
[36m(TaskRunner pid=145845)[0m                                                   'n': 1,
[36m(TaskRunner pid=145845)[0m                                                   'temperature': 0,
[36m(TaskRunner pid=145845)[0m                                                   'top_k': -1,
[36m(TaskRunner pid=145845)[0m                                                   'top_p': 1.0}}},
[36m(TaskRunner pid=145845)[0m  'algorithm': {'_target_': 'verl.trainer.config.AlgoConfig',
[36m(TaskRunner pid=145845)[0m                'adv_estimator': 'grpo',
[36m(TaskRunner pid=145845)[0m                'gamma': 1.0,
[36m(TaskRunner pid=145845)[0m                'kl_ctrl': {'_target_': 'verl.trainer.config.KLControlConfig',
[36m(TaskRunner pid=145845)[0m                            'horizon': 10000,
[36m(TaskRunner pid=145845)[0m                            'kl_coef': 0.001,
[36m(TaskRunner pid=145845)[0m                            'target_kl': 0.1,
[36m(TaskRunner pid=145845)[0m                            'type': 'fixed'},
[36m(TaskRunner pid=145845)[0m                'kl_penalty': 'kl',
[36m(TaskRunner pid=145845)[0m                'lam': 1.0,
[36m(TaskRunner pid=145845)[0m                'norm_adv_by_std_in_grpo': True,
[36m(TaskRunner pid=145845)[0m                'pf_ppo': {'reweight_method': 'pow', 'weight_pow': 2.0},
[36m(TaskRunner pid=145845)[0m                'rollout_correction': {'bypass_mode': False,
[36m(TaskRunner pid=145845)[0m                                       'loss_type': 'ppo_clip',
[36m(TaskRunner pid=145845)[0m                                       'rollout_is': None,
[36m(TaskRunner pid=145845)[0m                                       'rollout_is_batch_normalize': False,
[36m(TaskRunner pid=145845)[0m                                       'rollout_is_threshold': 2.0,
[36m(TaskRunner pid=145845)[0m                                       'rollout_rs': None,
[36m(TaskRunner pid=145845)[0m                                       'rollout_rs_threshold': None},
[36m(TaskRunner pid=145845)[0m                'use_kl_in_reward': False,
[36m(TaskRunner pid=145845)[0m                'use_pf_ppo': False},
[36m(TaskRunner pid=145845)[0m  'critic': {'_target_': 'verl.workers.config.FSDPCriticConfig',
[36m(TaskRunner pid=145845)[0m             'checkpoint': {'_target_': 'verl.trainer.config.CheckpointConfig',
[36m(TaskRunner pid=145845)[0m                            'async_save': False,
[36m(TaskRunner pid=145845)[0m                            'load_contents': ['model', 'optimizer', 'extra'],
[36m(TaskRunner pid=145845)[0m                            'mbridge_config': {},
[36m(TaskRunner pid=145845)[0m                            'save_contents': ['model', 'optimizer', 'extra']},
[36m(TaskRunner pid=145845)[0m             'cliprange_value': 0.5,
[36m(TaskRunner pid=145845)[0m             'data_loader_seed': 42,
[36m(TaskRunner pid=145845)[0m             'enable': None,
[36m(TaskRunner pid=145845)[0m             'forward_max_token_len_per_gpu': 32768,
[36m(TaskRunner pid=145845)[0m             'forward_micro_batch_size': None,
[36m(TaskRunner pid=145845)[0m             'forward_micro_batch_size_per_gpu': None,
[36m(TaskRunner pid=145845)[0m             'fsdp': {'_target_': 'verl.workers.config.FSDPEngineConfig',
[36m(TaskRunner pid=145845)[0m                      'dtype': 'bfloat16',
[36m(TaskRunner pid=145845)[0m                      'entropy_checkpointing': False,
[36m(TaskRunner pid=145845)[0m                      'entropy_from_logits_with_chunking': False,
[36m(TaskRunner pid=145845)[0m                      'forward_only': False,
[36m(TaskRunner pid=145845)[0m                      'forward_prefetch': False,
[36m(TaskRunner pid=145845)[0m                      'fsdp_size': -1,
[36m(TaskRunner pid=145845)[0m                      'full_determinism': False,
[36m(TaskRunner pid=145845)[0m                      'model_dtype': 'fp32',
[36m(TaskRunner pid=145845)[0m                      'offload_policy': False,
[36m(TaskRunner pid=145845)[0m                      'optimizer_offload': False,
[36m(TaskRunner pid=145845)[0m                      'param_offload': False,
[36m(TaskRunner pid=145845)[0m                      'qat': {'_target_': 'verl.workers.config.QATEngineConfig',
[36m(TaskRunner pid=145845)[0m                              'activation_observer': 'static_minmax',
[36m(TaskRunner pid=145845)[0m                              'enable': False,
[36m(TaskRunner pid=145845)[0m                              'group_size': 16,
[36m(TaskRunner pid=145845)[0m                              'ignore_patterns': ['lm_head',
[36m(TaskRunner pid=145845)[0m                                                  'embed_tokens',
[36m(TaskRunner pid=145845)[0m                                                  're:.*mlp.gate$'],
[36m(TaskRunner pid=145845)[0m                              'mode': 'w4a16',
[36m(TaskRunner pid=145845)[0m                              'quantization_config_path': None},
[36m(TaskRunner pid=145845)[0m                      'reshard_after_forward': True,
[36m(TaskRunner pid=145845)[0m                      'seed': 42,
[36m(TaskRunner pid=145845)[0m                      'strategy': 'fsdp',
[36m(TaskRunner pid=145845)[0m                      'ulysses_sequence_parallel_size': 1,
[36m(TaskRunner pid=145845)[0m                      'use_orig_params': False,
[36m(TaskRunner pid=145845)[0m                      'use_torch_compile': True,
[36m(TaskRunner pid=145845)[0m                      'wrap_policy': {'min_num_params': 0}},
[36m(TaskRunner pid=145845)[0m             'grad_clip': 1.0,
[36m(TaskRunner pid=145845)[0m             'loss_agg_mode': 'token-mean',
[36m(TaskRunner pid=145845)[0m             'model': {'_target_': 'verl.workers.config.HFModelConfig',
[36m(TaskRunner pid=145845)[0m                       'custom_chat_template': None,
[36m(TaskRunner pid=145845)[0m                       'enable_activation_offload': False,
[36m(TaskRunner pid=145845)[0m                       'enable_gradient_checkpointing': True,
[36m(TaskRunner pid=145845)[0m                       'exclude_modules': None,
[36m(TaskRunner pid=145845)[0m                       'external_lib': None,
[36m(TaskRunner pid=145845)[0m                       'fused_kernel_options': {'impl_backend': 'torch'},
[36m(TaskRunner pid=145845)[0m                       'hf_config_path': None,
[36m(TaskRunner pid=145845)[0m                       'lora': {'a2a_experimental': False,
[36m(TaskRunner pid=145845)[0m                                'adapter_path': None,
[36m(TaskRunner pid=145845)[0m                                'alpha': 32,
[36m(TaskRunner pid=145845)[0m                                'dropout': 0.0,
[36m(TaskRunner pid=145845)[0m                                'dropout_position': 'pre',
[36m(TaskRunner pid=145845)[0m                                'dtype': None,
[36m(TaskRunner pid=145845)[0m                                'exclude_modules': [],
[36m(TaskRunner pid=145845)[0m                                'freeze_language_model': True,
[36m(TaskRunner pid=145845)[0m                                'freeze_vision_model': True,
[36m(TaskRunner pid=145845)[0m                                'freeze_vision_projection': True,
[36m(TaskRunner pid=145845)[0m                                'lora_A_init_method': 'xavier',
[36m(TaskRunner pid=145845)[0m                                'lora_B_init_method': 'zero',
[36m(TaskRunner pid=145845)[0m                                'merge': False,
[36m(TaskRunner pid=145845)[0m                                'rank': 0,
[36m(TaskRunner pid=145845)[0m                                'target_modules': ['linear_qkv',
[36m(TaskRunner pid=145845)[0m                                                   'linear_proj',
[36m(TaskRunner pid=145845)[0m                                                   'linear_fc1',
[36m(TaskRunner pid=145845)[0m                                                   'linear_fc2'],
[36m(TaskRunner pid=145845)[0m                                'type': 'lora'},
[36m(TaskRunner pid=145845)[0m                       'lora_adapter_path': None,
[36m(TaskRunner pid=145845)[0m                       'lora_alpha': 16,
[36m(TaskRunner pid=145845)[0m                       'lora_rank': 0,
[36m(TaskRunner pid=145845)[0m                       'mtp': {'_target_': 'verl.workers.config.MtpConfig',
[36m(TaskRunner pid=145845)[0m                               'detach_encoder': False,
[36m(TaskRunner pid=145845)[0m                               'enable': False,
[36m(TaskRunner pid=145845)[0m                               'enable_rollout': False,
[36m(TaskRunner pid=145845)[0m                               'enable_train': False,
[36m(TaskRunner pid=145845)[0m                               'method': 'mtp',
[36m(TaskRunner pid=145845)[0m                               'mtp_loss_scaling_factor': 0.1,
[36m(TaskRunner pid=145845)[0m                               'num_speculative_tokens': 1,
[36m(TaskRunner pid=145845)[0m                               'speculative_algorithm': 'EAGLE',
[36m(TaskRunner pid=145845)[0m                               'speculative_eagle_topk': 1,
[36m(TaskRunner pid=145845)[0m                               'speculative_num_draft_tokens': 4,
[36m(TaskRunner pid=145845)[0m                               'speculative_num_steps': 3},
[36m(TaskRunner pid=145845)[0m                       'override_config': {},
[36m(TaskRunner pid=145845)[0m                       'path': '~/models/deepseek-llm-7b-chat',
[36m(TaskRunner pid=145845)[0m                       'target_modules': 'all-linear',
[36m(TaskRunner pid=145845)[0m                       'tiled_mlp': {'enabled': False, 'num_shards': 4},
[36m(TaskRunner pid=145845)[0m                       'tokenizer_path': None,
[36m(TaskRunner pid=145845)[0m                       'trust_remote_code': False,
[36m(TaskRunner pid=145845)[0m                       'use_fused_kernels': False,
[36m(TaskRunner pid=145845)[0m                       'use_liger': False,
[36m(TaskRunner pid=145845)[0m                       'use_remove_padding': True,
[36m(TaskRunner pid=145845)[0m                       'use_shm': False},
[36m(TaskRunner pid=145845)[0m             'optim': {'_target_': 'verl.workers.config.FSDPOptimizerConfig',
[36m(TaskRunner pid=145845)[0m                       'betas': [0.9, 0.999],
[36m(TaskRunner pid=145845)[0m                       'clip_grad': 1.0,
[36m(TaskRunner pid=145845)[0m                       'lr': 1e-05,
[36m(TaskRunner pid=145845)[0m                       'lr_scheduler_type': 'constant',
[36m(TaskRunner pid=145845)[0m                       'lr_warmup_steps': -1,
[36m(TaskRunner pid=145845)[0m                       'lr_warmup_steps_ratio': 0.0,
[36m(TaskRunner pid=145845)[0m                       'min_lr_ratio': 0.0,
[36m(TaskRunner pid=145845)[0m                       'num_cycles': 0.5,
[36m(TaskRunner pid=145845)[0m                       'optimizer': 'AdamW',
[36m(TaskRunner pid=145845)[0m                       'optimizer_impl': 'torch.optim',
[36m(TaskRunner pid=145845)[0m                       'override_optimizer_config': None,
[36m(TaskRunner pid=145845)[0m                       'total_training_steps': -1,
[36m(TaskRunner pid=145845)[0m                       'warmup_style': None,
[36m(TaskRunner pid=145845)[0m                       'weight_decay': 0.01,
[36m(TaskRunner pid=145845)[0m                       'zero_indexed_step': True},
[36m(TaskRunner pid=145845)[0m             'ppo_epochs': 1,
[36m(TaskRunner pid=145845)[0m             'ppo_max_token_len_per_gpu': 32768,
[36m(TaskRunner pid=145845)[0m             'ppo_micro_batch_size': None,
[36m(TaskRunner pid=145845)[0m             'ppo_micro_batch_size_per_gpu': None,
[36m(TaskRunner pid=145845)[0m             'ppo_mini_batch_size': 64,
[36m(TaskRunner pid=145845)[0m             'profiler': {'_target_': 'verl.utils.profiler.ProfilerConfig',
[36m(TaskRunner pid=145845)[0m                          'all_ranks': False,
[36m(TaskRunner pid=145845)[0m                          'enable': False,
[36m(TaskRunner pid=145845)[0m                          'ranks': [],
[36m(TaskRunner pid=145845)[0m                          'save_path': 'outputs/profile',
[36m(TaskRunner pid=145845)[0m                          'tool': None,
[36m(TaskRunner pid=145845)[0m                          'tool_config': {'npu': {'_target_': 'verl.utils.profiler.config.NPUToolConfig',
[36m(TaskRunner pid=145845)[0m                                                  'analysis': True,
[36m(TaskRunner pid=145845)[0m                                                  'contents': [],
[36m(TaskRunner pid=145845)[0m                                                  'discrete': False,
[36m(TaskRunner pid=145845)[0m                                                  'level': 'level0'},
[36m(TaskRunner pid=145845)[0m                                          'nsys': {'_target_': 'verl.utils.profiler.config.NsightToolConfig',
[36m(TaskRunner pid=145845)[0m                                                   'discrete': False},
[36m(TaskRunner pid=145845)[0m                                          'precision_debugger': {'_target_': 'verl.utils.profiler.config.PrecisionDebuggerToolConfig',
[36m(TaskRunner pid=145845)[0m                                                                 'config_path': None,
[36m(TaskRunner pid=145845)[0m                                                                 'stages': None,
[36m(TaskRunner pid=145845)[0m                                                                 'steps': None,
[36m(TaskRunner pid=145845)[0m                                                                 'strict': False},
[36m(TaskRunner pid=145845)[0m                                          'torch': {'_target_': 'verl.utils.profiler.config.TorchProfilerToolConfig',
[36m(TaskRunner pid=145845)[0m                                                    'contents': [],
[36m(TaskRunner pid=145845)[0m                                                    'discrete': False},
[36m(TaskRunner pid=145845)[0m                                          'torch_memory': {'_target_': 'verl.utils.profiler.config.TorchMemoryToolConfig',
[36m(TaskRunner pid=145845)[0m                                                           'stack_depth': 32,
[36m(TaskRunner pid=145845)[0m                                                           'trace_alloc_max_entries': 100000}}},
[36m(TaskRunner pid=145845)[0m             'rollout_n': 16,
[36m(TaskRunner pid=145845)[0m             'shuffle': False,
[36m(TaskRunner pid=145845)[0m             'strategy': 'fsdp',
[36m(TaskRunner pid=145845)[0m             'ulysses_sequence_parallel_size': 1,
[36m(TaskRunner pid=145845)[0m             'use_dynamic_bsz': False},
[36m(TaskRunner pid=145845)[0m  'data': {'apply_chat_template_kwargs': {},
[36m(TaskRunner pid=145845)[0m           'custom_cls': {'name': None, 'path': None},
[36m(TaskRunner pid=145845)[0m           'datagen': {'name': None, 'path': None},
[36m(TaskRunner pid=145845)[0m           'dataloader_num_workers': 8,
[36m(TaskRunner pid=145845)[0m           'filter_overlong_prompts': True,
[36m(TaskRunner pid=145845)[0m           'filter_overlong_prompts_workers': 1,
[36m(TaskRunner pid=145845)[0m           'image_key': 'images',
[36m(TaskRunner pid=145845)[0m           'image_patch_size': 14,
[36m(TaskRunner pid=145845)[0m           'max_prompt_length': 8192,
[36m(TaskRunner pid=145845)[0m           'max_response_length': 1024,
[36m(TaskRunner pid=145845)[0m           'prompt_key': 'prompt',
[36m(TaskRunner pid=145845)[0m           'return_full_prompt': False,
[36m(TaskRunner pid=145845)[0m           'return_multi_modal_inputs': True,
[36m(TaskRunner pid=145845)[0m           'return_raw_chat': True,
[36m(TaskRunner pid=145845)[0m           'return_raw_input_ids': False,
[36m(TaskRunner pid=145845)[0m           'reward_fn_key': 'data_source',
[36m(TaskRunner pid=145845)[0m           'sampler': {'class_name': None, 'class_path': None},
[36m(TaskRunner pid=145845)[0m           'seed': None,
[36m(TaskRunner pid=145845)[0m           'shuffle': True,
[36m(TaskRunner pid=145845)[0m           'tokenizer': None,
[36m(TaskRunner pid=145845)[0m           'tool_config_path': None,
[36m(TaskRunner pid=145845)[0m           'train_batch_size': 64,
[36m(TaskRunner pid=145845)[0m           'train_files': '/workspace/verl-x/budget-rl-training-repro/artifacts/data/rl/train.parquet',
[36m(TaskRunner pid=145845)[0m           'train_max_samples': -1,
[36m(TaskRunner pid=145845)[0m           'truncation': 'error',
[36m(TaskRunner pid=145845)[0m           'trust_remote_code': False,
[36m(TaskRunner pid=145845)[0m           'use_shm': False,
[36m(TaskRunner pid=145845)[0m           'val_batch_size': None,
[36m(TaskRunner pid=145845)[0m           'val_files': '/workspace/verl-x/budget-rl-training-repro/artifacts/data/rl/test.parquet',
[36m(TaskRunner pid=145845)[0m           'val_max_samples': -1,
[36m(TaskRunner pid=145845)[0m           'validation_shuffle': False,
[36m(TaskRunner pid=145845)[0m           'video_key': 'videos'},
[36m(TaskRunner pid=145845)[0m  'distillation': {'_target_': 'verl.workers.config.DistillationConfig',
[36m(TaskRunner pid=145845)[0m                   'distillation_loss': {'_target_': 'verl.workers.config.DistillationLossConfig',
[36m(TaskRunner pid=145845)[0m                                         'clip_ratio': 0.2,
[36m(TaskRunner pid=145845)[0m                                         'clip_ratio_high': 0.2,
[36m(TaskRunner pid=145845)[0m                                         'clip_ratio_low': 0.2,
[36m(TaskRunner pid=145845)[0m                                         'distillation_loss_coef': 1.0,
[36m(TaskRunner pid=145845)[0m                                         'log_prob_min_clamp': None,
[36m(TaskRunner pid=145845)[0m                                         'loss_max_clamp': None,
[36m(TaskRunner pid=145845)[0m                                         'loss_mode': 'k3',
[36m(TaskRunner pid=145845)[0m                                         'policy_loss_mode': 'vanilla',
[36m(TaskRunner pid=145845)[0m                                         'topk': 32,
[36m(TaskRunner pid=145845)[0m                                         'use_policy_gradient': False,
[36m(TaskRunner pid=145845)[0m                                         'use_task_rewards': True},
[36m(TaskRunner pid=145845)[0m                   'enabled': False,
[36m(TaskRunner pid=145845)[0m                   'num_workers': 8,
[36m(TaskRunner pid=145845)[0m                   'teacher_model': {'_target_': 'verl.workers.config.DistillationTeacherModelConfig',
[36m(TaskRunner pid=145845)[0m                                     'enable_resource_pool': False,
[36m(TaskRunner pid=145845)[0m                                     'inference': {'_target_': 'verl.workers.config.RolloutConfig',
[36m(TaskRunner pid=145845)[0m                                                   'cudagraph_capture_sizes': None,
[36m(TaskRunner pid=145845)[0m                                                   'data_parallel_size': 1,
[36m(TaskRunner pid=145845)[0m                                                   'disable_log_stats': True,
[36m(TaskRunner pid=145845)[0m                                                   'dtype': 'bfloat16',
[36m(TaskRunner pid=145845)[0m                                                   'enable_chunked_prefill': True,
[36m(TaskRunner pid=145845)[0m                                                   'enable_prefix_caching': True,
[36m(TaskRunner pid=145845)[0m                                                   'enforce_eager': True,
[36m(TaskRunner pid=145845)[0m                                                   'engine_kwargs': {},
[36m(TaskRunner pid=145845)[0m                                                   'expert_parallel_size': 1,
[36m(TaskRunner pid=145845)[0m                                                   'free_cache_engine': True,
[36m(TaskRunner pid=145845)[0m                                                   'gpu_memory_utilization': 0.5,
[36m(TaskRunner pid=145845)[0m                                                   'limit_images': None,
[36m(TaskRunner pid=145845)[0m                                                   'load_format': 'auto',
[36m(TaskRunner pid=145845)[0m                                                   'max_model_len': None,
[36m(TaskRunner pid=145845)[0m                                                   'max_num_batched_tokens': 8192,
[36m(TaskRunner pid=145845)[0m                                                   'max_num_seqs': 1024,
[36m(TaskRunner pid=145845)[0m                                                   'name': 'vllm',
[36m(TaskRunner pid=145845)[0m                                                   'prompt_length': 8192,
[36m(TaskRunner pid=145845)[0m                                                   'response_length': 1024,
[36m(TaskRunner pid=145845)[0m                                                   'skip_tokenizer_init': False,
[36m(TaskRunner pid=145845)[0m                                                   'temperature': 1.0,
[36m(TaskRunner pid=145845)[0m                                                   'tensor_model_parallel_size': 2},
[36m(TaskRunner pid=145845)[0m                                     'model_path': None,
[36m(TaskRunner pid=145845)[0m                                     'n_gpus_per_node': 8,
[36m(TaskRunner pid=145845)[0m                                     'nnodes': 0}},
[36m(TaskRunner pid=145845)[0m  'global_profiler': {'_target_': 'verl.utils.profiler.ProfilerConfig',
[36m(TaskRunner pid=145845)[0m                      'global_tool_config': {'nsys': {'_target_': 'verl.utils.profiler.config.NsightToolConfig',
[36m(TaskRunner pid=145845)[0m                                                      'controller_nsight_options': {'cuda-graph-trace': 'graph',
[36m(TaskRunner pid=145845)[0m                                                                                    'cuda-memory-usage': 'true',
[36m(TaskRunner pid=145845)[0m                                                                                    'trace': 'cuda,nvtx,cublas,ucx'},
[36m(TaskRunner pid=145845)[0m                                                      'discrete': False,
[36m(TaskRunner pid=145845)[0m                                                      'worker_nsight_options': {'capture-range': 'cudaProfilerApi',
[36m(TaskRunner pid=145845)[0m                                                                                'capture-range-end': None,
[36m(TaskRunner pid=145845)[0m                                                                                'cuda-graph-trace': 'graph',
[36m(TaskRunner pid=145845)[0m                                                                                'cuda-memory-usage': 'true',
[36m(TaskRunner pid=145845)[0m                                                                                'kill': 'none',
[36m(TaskRunner pid=145845)[0m                                                                                'trace': 'cuda,nvtx,cublas,ucx'}},
[36m(TaskRunner pid=145845)[0m                                             'precision_debugger': {'_target_': 'verl.utils.profiler.config.PrecisionDebuggerToolConfig',[36m(TaskRunner pid=145845)[0m /workspace/verl-x/verl/trainer/main_ppo.py:335: UserWarning: Disabled critic as algorithm.adv_estimator != gae. If it is not intended, please set critic.enable=True
[36m(TaskRunner pid=145845)[0m   use_critic=need_critic(config),
[36m(TaskRunner pid=145845)[0m The tokenizer you are loading from '/workspace/verl-x/budget-rl-training-repro/artifacts/models/sft_interval_pct30_e5' with an incorrect regex pattern: https://huggingface.co/mistralai/Mistral-Small-3.1-24B-Instruct-2503/discussions/84#69121093e8b480e709447d5e. This will lead to incorrect tokenization. You should set the `fix_mistral_regex=True` flag when loading this tokenizer to fix this issue.
[36m(TaskRunner pid=145845)[0m The tokenizer you are loading from '/workspace/verl-x/budget-rl-training-repro/artifacts/models/sft_interval_pct30_e5' with an incorrect regex pattern: https://huggingface.co/mistralai/Mistral-Small-3.1-24B-Instruct-2503/discussions/84#69121093e8b480e709447d5e. This will lead to incorrect tokenization. You should set the `fix_mistral_regex=True` flag when loading this tokenizer to fix this issue.
[36m(TaskRunner pid=145845)[0m Setting TOKENIZERS_PARALLELISM=false for forked processes.
[36m(TaskRunner pid=145845)[0m WARNING:2026-07-10 21:13:26,097:Setting TOKENIZERS_PARALLELISM=false for forked processes.
[36m(TaskRunner pid=145845)[0m Filtering prompts longer than 8192 tokens (num_proc=1):   0%|          | 0/966 [00:00<?, ? examples/s]
[36m(TaskRunner pid=145845)[0m Filtering prompts longer than 8192 tokens (num_proc=1): 100%|██████████| 966/966 [00:04<00:00, 224.31 examples/s]
[36m(TaskRunner pid=145845)[0m Filtering prompts longer than 8192 tokens (num_proc=1): 100%|██████████| 966/966 [00:04<00:00, 217.97 examples/s]

[36m(TaskRunner pid=145845)[0m                                                                    'config_path': None,
[36m(TaskRunner pid=145845)[0m                                                                    'stages': None,
[36m(TaskRunner pid=145845)[0m                                                                    'steps': None,
[36m(TaskRunner pid=145845)[0m                                                                    'strict': False},
[36m(TaskRunner pid=145845)[0m                                             'torch_memory': {'context': 'all',
[36m(TaskRunner pid=145845)[0m                                                              'kw_args': {},
[36m(TaskRunner pid=145845)[0m                                                              'stack_depth': 32,
[36m(TaskRunner pid=145845)[0m                                                              'stacks': 'all',
[36m(TaskRunner pid=145845)[0m                                                              'trace_alloc_max_entries': 100000}},
[36m(TaskRunner pid=145845)[0m                      'profile_continuous_steps': False,
[36m(TaskRunner pid=145845)[0m                      'save_path': 'outputs/profile',
[36m(TaskRunner pid=145845)[0m                      'steps': None,
[36m(TaskRunner pid=145845)[0m                      'tool': None},
[36m(TaskRunner pid=145845)[0m  'model_engine': 'dp',
[36m(TaskRunner pid=145845)[0m  'ray_kwargs': {'ray_init': {'num_cpus': None}, 'timeline_json_file': None},
[36m(TaskRunner pid=145845)[0m  'reward': {'custom_reward_function': {'name': 'compute_score',
[36m(TaskRunner pid=145845)[0m                                        'path': '/workspace/verl-x/budget-rl-training-repro/reward/budget_probe_reward.py'},
[36m(TaskRunner pid=145845)[0m             'num_workers': 8,
[36m(TaskRunner pid=145845)[0m             'reward_manager': {'_target_': 'verl.workers.config.reward_model.RewardManagerConfig',
[36m(TaskRunner pid=145845)[0m                                'module': {'_target_': 'verl.trainer.config.config.ModuleConfig',
[36m(TaskRunner pid=145845)[0m                                           'name': 'custom_reward_manager',
[36m(TaskRunner pid=145845)[0m                                           'path': None},
[36m(TaskRunner pid=145845)[0m                                'name': 'naive',
[36m(TaskRunner pid=145845)[0m                                'source': 'register'},
[36m(TaskRunner pid=145845)[0m             'reward_model': {'enable': False,
[36m(TaskRunner pid=145845)[0m                              'enable_resource_pool': False,
[36m(TaskRunner pid=145845)[0m                              'model_path': None,
[36m(TaskRunner pid=145845)[0m                              'n_gpus_per_node': 8,
[36m(TaskRunner pid=145845)[0m                              'nnodes': 0,
[36m(TaskRunner pid=145845)[0m                              'rollout': {'_target_': 'verl.workers.config.RolloutConfig',
[36m(TaskRunner pid=145845)[0m                                          'cudagraph_capture_sizes': None,
[36m(TaskRunner pid=145845)[0m                                          'data_parallel_size': 1,
[36m(TaskRunner pid=145845)[0m                                          'disable_log_stats': True,
[36m(TaskRunner pid=145845)[0m                                          'dtype': 'bfloat16',
[36m(TaskRunner pid=145845)[0m                                          'enable_chunked_prefill': True,
[36m(TaskRunner pid=145845)[0m                                          'enable_prefix_caching': True,
[36m(TaskRunner pid=145845)[0m                                          'enforce_eager': True,
[36m(TaskRunner pid=145845)[0m                                          'engine_kwargs': {},
[36m(TaskRunner pid=145845)[0m                                          'expert_parallel_size': 1,
[36m(TaskRunner pid=145845)[0m                                          'free_cache_engine': True,
[36m(TaskRunner pid=145845)[0m                                          'gpu_memory_utilization': 0.5,
[36m(TaskRunner pid=145845)[0m                                          'limit_images': None,
[36m(TaskRunner pid=145845)[0m                                          'load_format': 'auto',
[36m(TaskRunner pid=145845)[0m                                          'max_model_len': None,
[36m(TaskRunner pid=145845)[0m                                          'max_num_batched_tokens': 8192,
[36m(TaskRunner pid=145845)[0m                                          'max_num_seqs': 1024,
[36m(TaskRunner pid=145845)[0m                                          'name': '???',
[36m(TaskRunner pid=145845)[0m                                          'prompt_length': 2048,
[36m(TaskRunner pid=145845)[0m                                          'response_length': 2048,
[36m(TaskRunner pid=145845)[0m                                          'skip_tokenizer_init': False,
[36m(TaskRunner pid=145845)[0m                                          'tensor_model_parallel_size': 2}},
[36m(TaskRunner pid=145845)[0m             'sandbox_fusion': {'max_concurrent': 64,
[36m(TaskRunner pid=145845)[0m                                'memory_limit_mb': 1024,
[36m(TaskRunner pid=145845)[0m                                'url': None}},
[36m(TaskRunner pid=145845)[0m  'trainer': {'balance_batch': True,
[36m(TaskRunner pid=145845)[0m              'critic_warmup': 0,
[36m(TaskRunner pid=145845)[0m              'default_hdfs_dir': None,
[36m(TaskRunner pid=145845)[0m              'default_local_dir': '/workspace/verl-x/budget-rl-training-repro/outputs/rl_pct30e5_kl005_full',
[36m(TaskRunner pid=145845)[0m              'del_local_ckpt_after_load': False,
[36m(TaskRunner pid=145845)[0m              'device': 'cuda',
[36m(TaskRunner pid=145845)[0m              'esi_redundant_time': 0,
[36m(TaskRunner pid=145845)[0m              'experiment_name': 'rl_pct30e5_kl005_full',
[36m(TaskRunner pid=145845)[0m              'log_val_generations': 0,
[36m(TaskRunner pid=145845)[0m              'logger': ['console'],
[36m(TaskRunner pid=145845)[0m              'max_actor_ckpt_to_keep': None,
[36m(TaskRunner pid=145845)[0m              'max_critic_ckpt_to_keep': None,
[36m(TaskRunner pid=145845)[0m              'n_gpus_per_node': 8,
[36m(TaskRunner pid=145845)[0m              'nnodes': 1,
[36m(TaskRunner pid=145845)[0m              'project_name': 'budget_probe_grpo',
[36m(TaskRunner pid=145845)[0m              'ray_wait_register_center_timeout': 300,
[36m(TaskRunner pid=145845)[0m              'resume_from_path': None,
[36m(TaskRunner pid=145845)[0m              'resume_mode': 'disable',
[36m(TaskRunner pid=145845)[0m              'rollout_data_dir': None,
[36m(TaskRunner pid=145845)[0m              'save_freq': 15,
[36m(TaskRunner pid=145845)[0m              'test_freq': -1,
[36m(TaskRunner pid=145845)[0m              'total_epochs': 5,
[36m(TaskRunner pid=145845)[0m              'total_training_steps': None,
[36m(TaskRunner pid=145845)[0m              'use_legacy_worker_impl': 'disable',
[36m(TaskRunner pid=145845)[0m              'val_before_train': False,
[36m(TaskRunner pid=145845)[0m              'val_only': False,
[36m(TaskRunner pid=145845)[0m              'validation_data_dir': None},
[36m(TaskRunner pid=145845)[0m  'transfer_queue': {'backend': {'SimpleStorage': {'num_data_storage_units': 8,
[36m(TaskRunner pid=145845)[0m                                                   'total_storage_size': 100000},
[36m(TaskRunner pid=145845)[0m                                 'storage_backend': 'SimpleStorage'},
[36m(TaskRunner pid=145845)[0m                     'enable': False}}
[36m(TaskRunner pid=145845)[0m Using new worker implementation
[36m(TaskRunner pid=145845)[0m [validate_config] All configuration checks passed successfully!
[36m(TaskRunner pid=145845)[0m Using dataset class: RLHFDataset
[36m(TaskRunner pid=145845)[0m dataset len: 966
[36m(TaskRunner pid=145845)[0m filter dataset len: 963
[36m(TaskRunner pid=145845)[0m Using dataset class: RLHFDataset[36m(TaskRunner pid=145845)[0m Setting TOKENIZERS_PARALLELISM=false for forked processes.
[36m(TaskRunner pid=145845)[0m WARNING:2026-07-10 21:13:30,791:Setting TOKENIZERS_PARALLELISM=false for forked processes.
[36m(TaskRunner pid=145845)[0m Filtering prompts longer than 8192 tokens (num_proc=1):   0%|          | 0/380 [00:00<?, ? examples/s]
[36m(TaskRunner pid=145845)[0m Filtering prompts longer than 8192 tokens (num_proc=1): 100%|██████████| 380/380 [00:02<00:00, 184.56 examples/s]
[36m(TaskRunner pid=145845)[0m Filtering prompts longer than 8192 tokens (num_proc=1): 100%|██████████| 380/380 [00:02<00:00, 173.28 examples/s]
[36m(TaskRunner pid=145845)[0m /workspace/verl-x/verl/trainer/ppo/ray_trainer.py:296: UserWarning: Disabled critic as algorithm.adv_estimator != gae. If it is not intended, please set critic.enable=True
[36m(TaskRunner pid=145845)[0m   self.use_critic = need_critic(self.config)
[36m(WorkerDict pid=156338)[0m The tokenizer you are loading from '/workspace/verl-x/budget-rl-training-repro/artifacts/models/sft_interval_pct30_e5' with an incorrect regex pattern: https://huggingface.co/mistralai/Mistral-Small-3.1-24B-Instruct-2503/discussions/84#69121093e8b480e709447d5e. This will lead to incorrect tokenization. You should set the `fix_mistral_regex=True` flag when loading this tokenizer to fix this issue.
[36m(WorkerDict pid=156338)[0m WARNING:2026-07-10 21:13:43,341:fused_indices_to_multihot has reached end of life. Please migrate to a non-experimental function.
[36m(WorkerDict pid=156338)[0m `torch_dtype` is deprecated! Use `dtype` instead!
[36m(WorkerDict pid=156338)[0m Flash Attention 2 only supports torch.float16 and torch.bfloat16 dtypes, but the current dype in Qwen2ForCausalLM is torch.float32. You should run training or inference using Automatic Mixed-Precision via the `with torch.autocast(device_type='torch_device'):` decorator, or load the model with the `dtype` argument. Example: `model = AutoModel.from_pretrained("openai/whisper-tiny", attn_implementation="flash_attention_2", dtype=torch.float16)`
[36m(WorkerDict pid=156341)[0m Loading checkpoint shards:   0%|          | 0/4 [00:00<?, ?it/s]
[36m(WorkerDict pid=156337)[0m Loading checkpoint shards:  25%|██▌       | 1/4 [00:04<00:14,  4.90s/it]
[36m(WorkerDict pid=156342)[0m The tokenizer you are loading from '/workspace/verl-x/budget-rl-training-repro/artifacts/models/sft_interval_pct30_e5' with an incorrect regex pattern: https://huggingface.co/mistralai/Mistral-Small-3.1-24B-Instruct-2503/discussions/84#69121093e8b480e709447d5e. This will lead to incorrect tokenization. You should set the `fix_mistral_regex=True` flag when loading this tokenizer to fix this issue.[32m [repeated 15x across cluster] (Ray deduplicates logs by default. Set RAY_DEDUP_LOGS=0 to disable log deduplication, or see https://docs.ray.io/en/master/ray-observability/user-guides/configure-logging.html#log-deduplication for more options.)[0m
[36m(WorkerDict pid=156342)[0m WARNING:2026-07-10 21:13:44,149:fused_indices_to_multihot has reached end of life. Please migrate to a non-experimental function.[32m [repeated 7x across cluster][0m
[36m(WorkerDict pid=156344)[0m `torch_dtype` is deprecated! Use `dtype` instead![32m [repeated 7x across cluster][0m
[36m(WorkerDict pid=156344)[0m Flash Attention 2 only supports torch.float16 and torch.bfloat16 dtypes, but the current dype in Qwen2Model is torch.float32. You should run training or inference using Automatic Mixed-Precision via the `with torch.autocast(device_type='torch_device'):` decorator, or load the model with the `dtype` argument. Example: `model = AutoModel.from_pretrained("openai/whisper-tiny", attn_implementation="flash_attention_2", dtype=torch.float16)`[32m [repeated 15x across cluster][0m
[36m(WorkerDict pid=156344)[0m Loading checkpoint shards:   0%|          | 0/4 [00:00<?, ?it/s][32m [repeated 7x across cluster][0m
[36m(WorkerDict pid=156337)[0m Loading checkpoint shards:  50%|█████     | 2/4 [00:10<00:10,  5.07s/it][32m [repeated 8x across cluster][0m
[36m(WorkerDict pid=156337)[0m Loading checkpoint shards:  75%|███████▌  | 3/4 [00:15<00:05,  5.09s/it][32m [repeated 8x across cluster][0m
[36m(WorkerDict pid=156337)[0m Loading checkpoint shards: 100%|██████████| 4/4 [00:15<00:00,  3.25s/it]Loading checkpoint shards: 100%|██████████| 4/4 [00:15<00:00,  3.91s/it]
[36m(WorkerDict pid=156341)[0m /usr/local/lib/python3.12/dist-packages/torch/distributed/fsdp/fully_sharded_data_parallel.py:675: FutureWarning: FSDP.state_dict_type() and FSDP.set_state_dict_type() are being deprecated. Please use APIs, get_state_dict() and set_state_dict(), which can support different parallelisms, FSDP1, FSDP2, DDP. API doc: https://pytorch.org/docs/stable/distributed.checkpoint.html#torch.distributed.checkpoint.state_dict.get_state_dict .Tutorial: https://pytorch.org/tutorials/recipes/distributed_checkpoint_recipe.html .
[36m(WorkerDict pid=156341)[0m   warnings.warn(
[36m(WorkerDict pid=156342)[0m Loading checkpoint shards:  75%|███████▌  | 3/4 [00:17<00:05,  5.78s/it][32m [repeated 7x across cluster][0m
[36m(WorkerDict pid=156342)[0m Loading checkpoint shards: 100%|██████████| 4/4 [00:17<00:00,  3.67s/it]Loading checkpoint shards: 100%|██████████| 4/4 [00:17<00:00,  4.46s/it][32m [repeated 7x across cluster][0m
[36m(WorkerDict pid=156337)[0m Loading checkpoint shards:   0%|          | 0/4 [00:00<?, ?it/s]
[36m(WorkerDict pid=156338)[0m /usr/local/lib/python3.12/dist-packages/torch/distributed/fsdp/fully_sharded_data_parallel.py:675: FutureWarning: FSDP.state_dict_type() and FSDP.set_state_dict_type() are being deprecated. Please use APIs, get_state_dict() and set_state_dict(), which can support different parallelisms, FSDP1, FSDP2, DDP. API doc: https://pytorch.org/docs/stable/distributed.checkpoint.html#torch.distributed.checkpoint.state_dict.get_state_dict .Tutorial: https://pytorch.org/tutorials/recipes/distributed_checkpoint_recipe.html .[32m [repeated 7x across cluster][0m
[36m(WorkerDict pid=156338)[0m   warnings.warn([32m [repeated 7x across cluster][0m
[36m(WorkerDict pid=156337)[0m Loading checkpoint shards:  25%|██▌       | 1/4 [00:04<00:14,  4.97s/it]
[36m(WorkerDict pid=156341)[0m Loading checkpoint shards:  25%|██▌       | 1/4 [00:05<00:17,  5.72s/it]
[36m(WorkerDict pid=156342)[0m Loading checkpoint shards:   0%|          | 0/4 [00:00<?, ?it/s][32m [repeated 7x across cluster][0m
[36m(WorkerDict pid=156341)[0m Loading checkpoint shards:  50%|█████     | 2/4 [00:11<00:10,  5.49s/it][32m [repeated 8x across cluster][0m
[36m(WorkerDict pid=156337)[0m Loading checkpoint shards: 100%|██████████| 4/4 [00:15<00:00,  3.25s/it]Loading checkpoint shards: 100%|██████████| 4/4 [00:15<00:00,  3.92s/it]
[36m(WorkerDict pid=156341)[0m Loading checkpoint shards:  75%|███████▌  | 3/4 [00:16<00:05,  5.49s/it][32m [repeated 8x across cluster][0m
[36m(WorkerDict pid=156338)[0m /usr/local/lib/python3.12/dist-packages/torch/distributed/fsdp/fully_sharded_data_parallel.py:675: FutureWarning: FSDP.state_dict_type() and FSDP.set_state_dict_type() are being deprecated. Please use APIs, get_state_dict() and set_state_dict(), which can support different parallelisms, FSDP1, FSDP2, DDP. API doc: https://pytorch.org/docs/stable/distributed.checkpoint.html#torch.distributed.checkpoint.state_dict.get_state_dict .Tutorial: https://pytorch.org/tutorials/recipes/distributed_checkpoint_recipe.html .
[36m(WorkerDict pid=156338)[0m   warnings.warn(
[36m(WorkerDict pid=156342)[0m Loading checkpoint shards: 100%|██████████| 4/4 [00:18<00:00,  3.71s/it]Loading checkpoint shards: 100%|██████████| 4/4 [00:18<00:00,  4.50s/it][32m [repeated 7x across cluster][0m
[36m(WorkerDict pid=156342)[0m Loading checkpoint shards:  75%|███████▌  | 3/4 [00:17<00:05,  5.82s/it][32m [repeated 6x across cluster][0m
[36m(RewardLoopWorker pid=159286)[0m The tokenizer you are loading from '/workspace/verl-x/budget-rl-training-repro/artifacts/models/sft_interval_pct30_e5' with an incorrect regex pattern: https://huggingface.co/mistralai/Mistral-Small-3.1-24B-Instruct-2503/discussions/84#69121093e8b480e709447d5e. This will lead to incorrect tokenization. You should set the `fix_mistral_regex=True` flag when loading this tokenizer to fix this issue.
[36m(WorkerDict pid=156337)[0m /usr/local/lib/python3.12/dist-packages/torch/distributed/fsdp/fully_sharded_data_parallel.py:675: FutureWarning: FSDP.state_dict_type() and FSDP.set_state_dict_type() are being deprecated. Please use APIs, get_state_dict() and set_state_dict(), which can support different parallelisms, FSDP1, FSDP2, DDP. API doc: https://pytorch.org/docs/stable/distributed.checkpoint.html#torch.distributed.checkpoint.state_dict.get_state_dict .Tutorial: https://pytorch.org/tutorials/recipes/distributed_checkpoint_recipe.html .[32m [repeated 7x across cluster][0m
[36m(WorkerDict pid=156337)[0m   warnings.warn([32m [repeated 7x across cluster][0m
[36m(vLLMHttpServer pid=159780)[0m The tokenizer you are loading from '/workspace/verl-x/budget-rl-training-repro/artifacts/models/sft_interval_pct30_e5' with an incorrect regex pattern: https://huggingface.co/mistralai/Mistral-Small-3.1-24B-Instruct-2503/discussions/84#69121093e8b480e709447d5e. This will lead to incorrect tokenization. You should set the `fix_mistral_regex=True` flag when loading this tokenizer to fix this issue.[32m [repeated 8x across cluster][0m
[36m(vLLMHttpServer pid=159780)[0m WARNING:2026-07-10 21:14:52,087:agent loop only support torch and npu profiler, got None
[36m(vLLMHttpServer pid=159780)[0m INFO:2026-07-10 21:14:52,087:vLLMHttpServer, replica_rank: 0, node_rank: 0, CUDA_VISIBLE_DEVICES: 0,1,2,3, master_address: 172.31.45.208, master_port: 40843, data_parallel_rpc_port: 40715, data_parallel_master_port: 40547
[36m(vLLMHttpServer pid=159780)[0m INFO:2026-07-10 21:14:52,093:override_generation_config: {'temperature': 1.0, 'top_k': -1, 'top_p': 1, 'repetition_penalty': 1.0, 'max_new_tokens': 1024}
[36m(vLLMHttpServer pid=159780)[0m INFO:2026-07-10 21:14:52,093:enable_sleep_mode: True
[36m(vLLMHttpServer pid=159781)[0m (Worker_TP2 pid=160972) 2026-07-10 21:15:25,856 - INFO - autotuner.py:256 - flashinfer.jit: [Autotuner]: Autotuning process starts ...
[36m(vLLMHttpServer pid=159781)[0m (Worker_TP0 pid=160970) 2026-07-10 21:15:25,856 - INFO - autotuner.py:256 - flashinfer.jit: [Autotuner]: Autotuning process starts ...
[36m(vLLMHttpServer pid=159781)[0m (Worker_TP3 pid=160973) 2026-07-10 21:15:25,856 - INFO - autotuner.py:256 - flashinfer.jit: [Autotuner]: Autotuning process starts ...
[36m(vLLMHttpServer pid=159781)[0m (Worker_TP1 pid=160971) 2026-07-10 21:15:25,856 - INFO - autotuner.py:256 - flashinfer.jit: [Autotuner]: Autotuning process starts ...
[36m(vLLMHttpServer pid=159781)[0m The tokenizer you are loading from '/workspace/verl-x/budget-rl-training-repro/artifacts/models/sft_interval_pct30_e5' with an incorrect regex pattern: https://huggingface.co/mistralai/Mistral-Small-3.1-24B-Instruct-2503/discussions/84#69121093e8b480e709447d5e. This will lead to incorrect tokenization. You should set the `fix_mistral_regex=True` flag when loading this tokenizer to fix this issue.[32m [repeated 5x across cluster][0m
[36m(vLLMHttpServer pid=159781)[0m WARNING:2026-07-10 21:14:52,313:agent loop only support torch and npu profiler, got None
[36m(vLLMHttpServer pid=159781)[0m INFO:2026-07-10 21:14:52,313:vLLMHttpServer, replica_rank: 1, node_rank: 0, CUDA_VISIBLE_DEVICES: 4,5,6,7, master_address: 172.31.45.208, master_port: 44913, data_parallel_rpc_port: 37693, data_parallel_master_port: 42209
[36m(vLLMHttpServer pid=159781)[0m INFO:2026-07-10 21:14:52,319:override_generation_config: {'temperature': 1.0, 'top_k': -1, 'top_p': 1, 'repetition_penalty': 1.0, 'max_new_tokens': 1024}
[36m(vLLMHttpServer pid=159781)[0m INFO:2026-07-10 21:14:52,319:enable_sleep_mode: True
[36m(vLLMHttpServer pid=159781)[0m (Worker_TP2 pid=160972) 2026-07-10 21:15:25,877 - INFO - autotuner.py:262 - flashinfer.jit: [Autotuner]: Autotuning process ends
[36m(vLLMHttpServer pid=159781)[0m (Worker_TP0 pid=160970) 2026-07-10 21:15:25,878 - INFO - autotuner.py:262 - flashinfer.jit: [Autotuner]: Autotuning process ends
[36m(vLLMHttpServer pid=159781)[0m (Worker_TP3 pid=160973) 2026-07-10 21:15:25,878 - INFO - autotuner.py:262 - flashinfer.jit: [Autotuner]: Autotuning process ends
[36m(vLLMHttpServer pid=159781)[0m (Worker_TP1 pid=160971) 2026-07-10 21:15:25,879 - INFO - autotuner.py:262 - flashinfer.jit: [Autotuner]: Autotuning process ends
[36m(vLLMHttpServer pid=159781)[0m (Worker_TP0 pid=160970) Capturing CUDA graphs (mixed prefill-decode, PIECEWISE):   0%|          | 0/51 [00:00<?, ?it/s]
[36m(vLLMHttpServer pid=159781)[0m Capturing CUDA graphs (mixed prefill-decode, PIECEWISE):   6%|▌         | 3/51 [00:00<00:02, 23.55it/s]
[36m(vLLMHttpServer pid=159781)[0m Capturing CUDA graphs (mixed prefill-decode, PIECEWISE):  12%|█▏        | 6/51 [00:00<00:01, 25.52it/s]
[36m(vLLMHttpServer pid=159781)[0m Capturing CUDA graphs (mixed prefill-decode, PIECEWISE):  18%|█▊        | 9/51 [00:00<00:01, 25.91it/s]
[36m(vLLMHttpServer pid=159781)[0m Capturing CUDA graphs (mixed prefill-decode, PIECEWISE):  24%|██▎       | 12/51 [00:00<00:01, 25.65it/s]
[36m(vLLMHttpServer pid=159781)[0m Capturing CUDA graphs (mixed prefill-decode, PIECEWISE):  29%|██▉       | 15/51 [00:00<00:01, 26.12it/s]
[36m(vLLMHttpServer pid=159781)[0m Capturing CUDA graphs (mixed prefill-decode, PIECEWISE):  35%|███▌      | 18/51 [00:00<00:01, 26.58it/s]
[36m(vLLMHttpServer pid=159781)[0m Capturing CUDA graphs (mixed prefill-decode, PIECEWISE):  41%|████      | 21/51 [00:00<00:01, 27.08it/s]
[36m(vLLMHttpServer pid=159781)[0m Capturing CUDA graphs (mixed prefill-decode, PIECEWISE):  94%|█████████▍| 48/51 [00:01<00:00, 25.84it/s]
[36m(vLLMHttpServer pid=159781)[0m Capturing CUDA graphs (mixed prefill-decode, PIECEWISE): 100%|██████████| 51/51 [00:01<00:00, 25.64it/s]Capturing CUDA graphs (mixed prefill-decode, PIECEWISE): 100%|██████████| 51/51 [00:01<00:00, 26.20it/s]
[36m(vLLMHttpServer pid=159781)[0m (Worker_TP0 pid=160970) Capturing CUDA graphs (decode, FULL):   0%|          | 0/51 [00:00<?, ?it/s]
[36m(vLLMHttpServer pid=159781)[0m Capturing CUDA graphs (decode, FULL):   6%|▌         | 3/51 [00:00<00:01, 28.86it/s]
[36m(vLLMHttpServer pid=159781)[0m Capturing CUDA graphs (decode, FULL):  14%|█▎        | 7/51 [00:00<00:01, 30.14it/s]
[36m(vLLMHttpServer pid=159781)[0m Capturing CUDA graphs (decode, FULL):  22%|██▏       | 11/51 [00:00<00:01, 30.82it/s]
[36m(vLLMHttpServer pid=159781)[0m Capturing CUDA graphs (decode, FULL):  29%|██▉       | 15/51 [00:00<00:01, 31.11it/s]
[36m(vLLMHttpServer pid=159781)[0m Capturing CUDA graphs (decode, FULL):  37%|███▋      | 19/51 [00:00<00:01, 31.15it/s]
[36m(vLLMHttpServer pid=159781)[0m Capturing CUDA graphs (decode, FULL):  45%|████▌     | 23/51 [00:00<00:00, 31.36it/s]
[36m(vLLMHttpServer pid=159781)[0m Capturing CUDA graphs (decode, FULL):  53%|█████▎    | 27/51 [00:00<00:00, 31.41it/s]
[36m(vLLMHttpServer pid=159781)[0m Capturing CUDA graphs (decode, FULL):  92%|█████████▏| 47/51 [00:01<00:00, 31.26it/s]
[36m(vLLMHttpServer pid=159781)[0m Capturing CUDA graphs (decode, FULL): 100%|██████████| 51/51 [00:01<00:00, 31.33it/s]Capturing CUDA graphs (decode, FULL): 100%|██████████| 51/51 [00:01<00:00, 31.15it/s]
[36m(vLLMHttpServer pid=159780)[0m (Worker_TP0 pid=160964) 2026-07-10 21:15:26,651 - INFO - autotuner.py:256 - flashinfer.jit: [Autotuner]: Autotuning process starts ...[32m [repeated 4x across cluster][0m
[36m(vLLMHttpServer pid=159780)[0m (EngineCore_DP0 pid=160713) The tokenizer you are loading from '/workspace/verl-x/budget-rl-training-repro/artifacts/models/sft_interval_pct30_e5' with an incorrect regex pattern: https://huggingface.co/mistralai/Mistral-Small-3.1-24B-Instruct-2503/discussions/84#69121093e8b480e709447d5e. This will lead to incorrect tokenization. You should set the `fix_mistral_regex=True` flag when loading this tokenizer to fix this issue.[32m [repeated 2x across cluster][0m
[36m(vLLMHttpServer pid=159780)[0m (Worker_TP3 pid=160967) 2026-07-10 21:15:26,674 - INFO - autotuner.py:262 - flashinfer.jit: [Autotuner]: Autotuning process ends[32m [repeated 4x across cluster][0m
[36m(vLLMHttpServer pid=159780)[0m (Worker_TP0 pid=160964) Capturing CUDA graphs (mixed prefill-decode, PIECEWISE):   0%|          | 0/51 [00:00<?, ?it/s]
[36m(vLLMHttpServer pid=159780)[0m Capturing CUDA graphs (mixed prefill-decode, PIECEWISE):  88%|████████▊ | 45/51 [00:01<00:00, 25.96it/s][32m [repeated 23x across cluster][0m
[36m(vLLMHttpServer pid=159780)[0m INFO:2026-07-10 21:15:32,317:Initializing a V1 LLM engine with config: model='/workspace/verl-x/budget-rl-training-repro/artifacts/models/sft_interval_pct30_e5', speculative_config=None, tokenizer='/workspace/verl-x/budget-rl-training-repro/artifacts/models/sft_interval_pct30_e5', skip_tokenizer_init=False, tokenizer_mode=auto, revision=None, tokenizer_revision=None, trust_remote_code=False, dtype=torch.bfloat16, max_seq_len=8192, download_dir=None, load_format=dummy, tensor_parallel_size=4, pipeline_parallel_size=1, data_parallel_size=1, disable_custom_all_reduce=False, quantization=None, enforce_eager=False, kv_cache_dtype=auto, device_config=cuda, structured_outputs_config=StructuredOutputsConfig(backend='auto', disable_fallback=False, disable_any_whitespace=False, disable_additional_properties=False, reasoning_parser='', reasoning_parser_plugin='', enable_in_reasoning=False), observability_config=ObservabilityConfig(show_hidden_metrics_for_version=None, otlp_traces_endpoint=None, collect_detailed_traces=None, kv_cache_metrics=False, kv_cache_metrics_sample=0.01), seed=0, served_model_name=/workspace/verl-x/budget-rl-training-repro/artifacts/models/sft_interval_pct30_e5, enable_prefix_caching=True, enable_chunked_prefill=True, pooler_config=None, compilation_config={'level': None, 'mode': <CompilationMode.VLLM_COMPILE: 3>, 'debug_dump_path': None, 'cache_dir': '', 'compile_cache_save_format': 'binary', 'backend': 'inductor', 'custom_ops': ['none'], 'splitting_ops': ['vllm::unified_attention', 'vllm::unified_attention_with_output', 'vllm::unified_mla_attention', 'vllm::unified_mla_attention_with_output', 'vllm::mamba_mixer2', 'vllm::mamba_mixer', 'vllm::short_conv', 'vllm::linear_attention', 'vllm::plamo2_mamba_mixer', 'vllm::gdn_attention_core', 'vllm::kda_attention', 'vllm::sparse_attn_indexer'], 'compile_mm_encoder': False, 'compile_sizes': [], 'inductor_compile_config': {'enable_auto_functionalized_v2': False, 'combo_kernels': True, 'benchmark_combo_kernel': True}, 'inductor_passes': {}, 'cudagraph_mode': <CUDAGraphMode.FULL_AND_PIECEWISE: (2, 1)>, 'cudagraph_num_of_warmups': 1, 'cudagraph_capture_sizes': [1, 2, 4, 8, 16, 24, 32, 40, 48, 56, 64, 72, 80, 88, 96, 104, 112, 120, 128, 136, 144, 152, 160, 168, 176, 184, 192, 200, 208, 216, 224, 232, 240, 248, 256, 272, 288, 304, 320, 336, 352, 368, 384, 400, 416, 432, 448, 464, 480, 496, 512], 'cudagraph_copy_inputs': False, 'cudagraph_specialize_lora': True, 'use_inductor_graph_partition': False, 'pass_config': {'fuse_norm_quant': False, 'fuse_act_quant': False, 'fuse_attn_quant': False, 'eliminate_noops': True, 'enable_sp': False, 'fuse_gemm_comms': False, 'fuse_allreduce_rms': False}, 'max_cudagraph_capture_size': 512, 'dynamic_shapes_config': {'type': <DynamicShapesType.BACKED: 'backed'>}, 'local_cache_dir': None}
[36m(WorkerDict pid=156337)[0m INFO:2026-07-10 21:15:34,949:update_weights done, time cost: 0.74s
[36m(vLLMHttpServer pid=159780)[0m Capturing CUDA graphs (mixed prefill-decode, PIECEWISE):  94%|█████████▍| 48/51 [00:01<00:00, 25.85it/s]
[36m(vLLMHttpServer pid=159780)[0m Capturing CUDA graphs (mixed prefill-decode, PIECEWISE): 100%|██████████| 51/51 [00:01<00:00, 25.59it/s]Capturing CUDA graphs (mixed prefill-decode, PIECEWISE): 100%|██████████| 51/51 [00:01<00:00, 26.38it/s]
[36m(vLLMHttpServer pid=159780)[0m (Worker_TP0 pid=160964) Capturing CUDA graphs (decode, FULL):   0%|          | 0/51 [00:00<?, ?it/s]
[36m(vLLMHttpServer pid=159780)[0m Capturing CUDA graphs (decode, FULL):  90%|█████████ | 46/51 [00:01<00:00, 29.76it/s][32m [repeated 16x across cluster][0m
[36m(vLLMHttpServer pid=159780)[0m Capturing CUDA graphs (decode, FULL):  98%|█████████▊| 50/51 [00:01<00:00, 30.51it/s]Capturing CUDA graphs (decode, FULL): 100%|██████████| 51/51 [00:01<00:00, 30.72it/s]
[36m(TaskRunner pid=145845)[0m Training Progress:   0%|          | 0/75 [00:00<?, ?it/s]
[36m(AgentLoopWorker pid=162431)[0m The tokenizer you are loading from '/workspace/verl-x/budget-rl-training-repro/artifacts/models/sft_interval_pct30_e5' with an incorrect regex pattern: https://huggingface.co/mistralai/Mistral-Small-3.1-24B-Instruct-2503/discussions/84#69121093e8b480e709447d5e. This will lead to incorrect tokenization. You should set the `fix_mistral_regex=True` flag when loading this tokenizer to fix this issue.
[36m(AgentLoopWorker pid=162431)[0m The tokenizer you are loading from '/workspace/verl-x/budget-rl-training-repro/artifacts/models/sft_interval_pct30_e5' with an incorrect regex pattern: https://huggingface.co/mistralai/Mistral-Small-3.1-24B-Instruct-2503/discussions/84#69121093e8b480e709447d5e. This will lead to incorrect tokenization. You should set the `fix_mistral_regex=True` flag when loading this tokenizer to fix this issue.
[36m(AgentLoopWorker pid=162431)[0m You're using a Qwen2TokenizerFast tokenizer. Please note that with a fast tokenizer, using the `__call__` method is faster than using a method to encode the text followed by a call to the `pad` method to get a padded encoding.
[36m(TaskRunner pid=145845)[0m W0710 21:15:51.288000 145845 torch/fx/_symbolic_trace.py:52] is_fx_tracing will return true for both fx.symbolic_trace and torch.export. Please use is_fx_tracing_symbolic_tracing() for specifically fx.symbolic_trace or torch.compiler.is_compiling() for specifically torch.export/compile.
[36m(AgentLoopWorker pid=162430)[0m The tokenizer you are loading from '/workspace/verl-x/budget-rl-training-repro/artifacts/models/sft_interval_pct30_e5' with an incorrect regex pattern: https://huggingface.co/mistralai/Mistral-Small-3.1-24B-Instruct-2503/discussions/84#69121093e8b480e709447d5e. This will lead to incorrect tokenization. You should set the `fix_mistral_regex=True` flag when loading this tokenizer to fix this issue.[32m [repeated 14x across cluster][0m
[36m(AgentLoopWorker pid=162436)[0m You're using a Qwen2TokenizerFast tokenizer. Please note that with a fast tokenizer, using the `__call__` method is faster than using a method to encode the text followed by a call to the `pad` method to get a padded encoding.[32m [repeated 7x across cluster][0m
[36m(WorkerDict pid=156337)[0m INFO:2026-07-10 21:17:54,004:update_weights done, time cost: 2.63s
[36m(WorkerDict pid=156340)[0m [rank3]:W0710 21:15:52.831000 156340 torch/fx/_symbolic_trace.py:52] is_fx_tracing will return true for both fx.symbolic_trace and torch.export. Please use is_fx_tracing_symbolic_tracing() for specifically fx.symbolic_trace or torch.compiler.is_compiling() for specifically torch.export/compile.[32m [repeated 8x across cluster][0m
[36m(TaskRunner pid=145845)[0m Training Progress:   1%|▏         | 1/75 [02:19<2:51:31, 139.08s/it]

[36m(TaskRunner pid=145845)[0m dataset len: 380
[36m(TaskRunner pid=145845)[0m filter dataset len: 379
[36m(TaskRunner pid=145845)[0m Size of train dataloader: 15, Size of val dataloader: 1
[36m(TaskRunner pid=145845)[0m Total training steps: 75
[36m(TaskRunner pid=145845)[0m colocated worker base class <class 'verl.single_controller.base.worker.Worker'>
[36m(WorkerDict pid=156338)[0m [Gloo] Rank 1 is connected to 7 peer ranks. Expected number of connected peer ranks is : 7
[36m(WorkerDict pid=156337)[0m Monkey patch state_dict in AutoModelForCausalLMWithValueHead.
[36m(WorkerDict pid=156337)[0m Monkey patch _flash_attention_forward in transformers.integrations.flash_attention
[36m(WorkerDict pid=156337)[0m Skipping monkey patch for Qwen2ForCausalLM as use_fused_kernels is False or fused_kernels_backend is torch
[36m(WorkerDict pid=156342)[0m [Gloo] Rank 5 is connected to 7 peer ranks. Expected number of connected peer ranks is : 7[32m [repeated 7x across cluster][0m
[36m(WorkerDict pid=156337)[0m Qwen2ForCausalLM contains 7.62B parameters
[36m(WorkerDict pid=156337)[0m Before FSDP, memory allocated (GB): 0.00, memory reserved (GB): 0.00, device memory used/total (GB): 0.51/79.18
[36m(WorkerDict pid=156337)[0m After FSDP, memory allocated (GB): 0.00, memory reserved (GB): 14.30, device memory used/total (GB): 15.78/79.18
[36m(WorkerDict pid=156342)[0m Monkey patch state_dict in AutoModelForCausalLMWithValueHead. [32m [repeated 7x across cluster][0m
[36m(WorkerDict pid=156342)[0m Monkey patch _flash_attention_forward in transformers.integrations.flash_attention[32m [repeated 7x across cluster][0m
[36m(WorkerDict pid=156342)[0m Skipping monkey patch for Qwen2ForCausalLM as use_fused_kernels is False or fused_kernels_backend is torch[32m [repeated 7x across cluster][0m
[36m(WorkerDict pid=156337)[0m Monkey patch state_dict in AutoModelForCausalLMWithValueHead.
[36m(WorkerDict pid=156337)[0m Monkey patch _flash_attention_forward in transformers.integrations.flash_attention
[36m(WorkerDict pid=156337)[0m Skipping monkey patch for Qwen2ForCausalLM as use_fused_kernels is False or fused_kernels_backend is torch
[36m(WorkerDict pid=156341)[0m Monkey patch state_dict in AutoModelForCausalLMWithValueHead.
[36m(WorkerDict pid=156341)[0m Monkey patch _flash_attention_forward in transformers.integrations.flash_attention
[36m(WorkerDict pid=156341)[0m Skipping monkey patch for Qwen2ForCausalLM as use_fused_kernels is False or fused_kernels_backend is torch
[36m(WorkerDict pid=156337)[0m Qwen2ForCausalLM contains 7.62B parameters
[36m(WorkerDict pid=156337)[0m Before FSDP, memory allocated (GB): 0.00, memory reserved (GB): 14.30, device memory used/total (GB): 15.78/79.18
[36m(WorkerDict pid=156338)[0m [Gloo] Rank 0 is connected to 1 peer ranks. Expected number of connected peer ranks is : 1
[36m(WorkerDict pid=156342)[0m Monkey patch state_dict in AutoModelForCausalLMWithValueHead. [32m [repeated 6x across cluster][0m
[36m(WorkerDict pid=156342)[0m Monkey patch _flash_attention_forward in transformers.integrations.flash_attention[32m [repeated 6x across cluster][0m
[36m(WorkerDict pid=156342)[0m Skipping monkey patch for Qwen2ForCausalLM as use_fused_kernels is False or fused_kernels_backend is torch[32m [repeated 6x across cluster][0m
[36m(WorkerDict pid=156337)[0m After FSDP, memory allocated (GB): 3.55, memory reserved (GB): 14.30, device memory used/total (GB): 15.78/79.18
[36m(WorkerDict pid=156337)[0m Total steps: 75, num_warmup_steps: 0
[36m(WorkerDict pid=156337)[0m NCCL version 2.27.5+cuda12.9
[36m(vLLMHttpServer pid=159780)[0m ['serve',
[36m(vLLMHttpServer pid=159780)[0m  '/workspace/verl-x/budget-rl-training-repro/artifacts/models/sft_interval_pct30_e5',
[36m(vLLMHttpServer pid=159780)[0m  '--dtype',
[36m(vLLMHttpServer pid=159780)[0m  'bfloat16',
[36m(vLLMHttpServer pid=159780)[0m  '--load_format',
[36m(vLLMHttpServer pid=159780)[0m  'dummy',
[36m(vLLMHttpServer pid=159780)[0m  '--distributed_executor_backend',
[36m(vLLMHttpServer pid=159780)[0m  'mp',
[36m(vLLMHttpServer pid=159780)[0m  '--worker_extension_cls',
[36m(vLLMHttpServer pid=159780)[0m  'verl.workers.rollout.vllm_rollout.utils.vLLMColocateWorkerExtension',
[36m(vLLMHttpServer pid=159780)[0m  '--max_model_len',
[36m(vLLMHttpServer pid=159780)[0m  '8192',
[36m(vLLMHttpServer pid=159780)[0m  '--max_num_seqs',
[36m(vLLMHttpServer pid=159780)[0m  '1024',
[36m(vLLMHttpServer pid=159780)[0m  '--enable_chunked_prefill',
[36m(vLLMHttpServer pid=159780)[0m  '--max_num_batched_tokens',
[36m(vLLMHttpServer pid=159780)[0m  '8192',
[36m(vLLMHttpServer pid=159780)[0m  '--enable_prefix_caching',
[36m(vLLMHttpServer pid=159780)[0m  '--enable_sleep_mode',
[36m(vLLMHttpServer pid=159780)[0m  '--logprobs_mode',
[36m(vLLMHttpServer pid=159780)[0m  'processed_logprobs',
[36m(vLLMHttpServer pid=159780)[0m  '--gpu_memory_utilization',
[36m(vLLMHttpServer pid=159780)[0m  '0.3',
[36m(vLLMHttpServer pid=159780)[0m  '--disable_log_stats',
[36m(vLLMHttpServer pid=159780)[0m  '--tensor_parallel_size',
[36m(vLLMHttpServer pid=159780)[0m  '4',
[36m(vLLMHttpServer pid=159780)[0m  '--seed',
[36m(vLLMHttpServer pid=159780)[0m  '0',
[36m(vLLMHttpServer pid=159780)[0m  '--override_generation_config',
[36m(vLLMHttpServer pid=159780)[0m  '{"temperature": 1.0, "top_k": -1, "top_p": 1, "repetition_penalty": 1.0, '
[36m(vLLMHttpServer pid=159780)[0m  '"max_new_tokens": 1024}',
[36m(vLLMHttpServer pid=159780)[0m  '--hf_overrides',
[36m(vLLMHttpServer pid=159780)[0m  '{}',
[36m(vLLMHttpServer pid=159780)[0m  '--scheduling_policy',
[36m(vLLMHttpServer pid=159780)[0m  'fcfs',
[36m(vLLMHttpServer pid=159780)[0m  '--compilation_config',
[36m(vLLMHttpServer pid=159780)[0m  '{"cudagraph_mode": "FULL_AND_PIECEWISE"}']
[36m(WorkerDict pid=156342)[0m [Gloo] Rank 0 is connected to 0 peer ranks. Expected number of connected peer ranks is : 0[32m [repeated 23x across cluster][0m
[36m(vLLMHttpServer pid=159780)[0m WARNING 07-10 21:14:52 [system_utils.py:136] We must use the `spawn` multiprocessing start method. Overriding VLLM_WORKER_MULTIPROC_METHOD to 'spawn'. See https://docs.vllm.ai/en/latest/usage/troubleshooting.html#python-multiprocessing for more information. Reasons: In a Ray actor and can only be spawned; CUDA is initialized
[36m(vLLMHttpServer pid=159781)[0m WARNING 07-10 21:15:31 [api_server.py:1358] LoRA dynamic loading & unloading is enabled in the API server. This should ONLY be used for local development!
[36m(vLLMHttpServer pid=159781)[0m WARNING 07-10 21:15:31 [model.py:1576] Default sampling parameters have been overridden by the model's Hugging Face generation config recommended from the model creator. If this is not intended, please relaunch vLLM instance with `--generation-config vllm`.
[36m(vLLMHttpServer pid=159781)[0m WARNING 07-10 21:14:52 [system_utils.py:136] We must use the `spawn` multiprocessing start method. Overriding VLLM_WORKER_MULTIPROC_METHOD to 'spawn'. See https://docs.vllm.ai/en/latest/usage/troubleshooting.html#python-multiprocessing for more information. Reasons: In a Ray actor and can only be spawned; CUDA is initialized
[36m(TaskRunner pid=145845)[0m AgentLoopManager: ['172.31.45.208:43325', '172.31.45.208:42745']
[36m(AgentLoopWorker pid=162431)[0m Using dataset class: RLHFDataset
[36m(vLLMHttpServer pid=159780)[0m WARNING 07-10 21:15:32 [api_server.py:1358] LoRA dynamic loading & unloading is enabled in the API server. This should ONLY be used for local development!
[36m(vLLMHttpServer pid=159780)[0m WARNING 07-10 21:15:32 [model.py:1576] Default sampling parameters have been overridden by the model's Hugging Face generation config recommended from the model creator. If this is not intended, please relaunch vLLM instance with `--generation-config vllm`.
[36m(TaskRunner pid=145845)[0m step:1 - global_seqlen/min:190215 - global_seqlen/max:396283 - global_seqlen/minmax_diff:206068 - global_seqlen/balanced_min:267720 - global_seqlen/balanced_max:267721 - global_seqlen/mean:267720.5 - actor/entropy:0.32138898968696594 - perf/mfu/actor_infer:0.16824140627853146 - actor/pg_clipfrac:0.0 - actor/ppo_kl:0.0 - actor/pg_clipfrac_lower:0.0 - actor/pg_loss:0.004463712284632493 - actor/kl_loss:0.0 - actor/kl_coef:0.05000000000000001 - actor/loss:0.00446371641010046 - actor/grad_norm:1.1725789308547974 - actor/lr:5e-07 - perf/mfu/actor:0.23511241632303256 - training/global_step:1 - training/epoch:0 - critic/score/mean:0.16008278727531433 - critic/score/max:0.954448401927948 - critic/score/min:0.0 - critic/rewards/mean:0.16008278727531433 - critic/rewards/max:0.954448401927948 - critic/rewards/min:0.0 - critic/advantages/mean:-0.004463712219148874 - critic/advantages/max:3.749983787536621 - critic/advantages/min:-3.749925374984741 - critic/returns/mean:-0.004463712219148874 - critic/returns/max:3.749983787536621 - critic/returns/min:-3.749925374984741 - response_length/mean:11.87890625 - response_length/max:17.0 - response_length/min:8.0 - response_length/clip_ratio:0.0 - response_length_non_aborted/mean:11.87890625 - response_length_non_aborted/max:17.0 - response_length_non_aborted/min:8.0 - response_length_non_aborted/clip_ratio:0.0 - response/aborted_ratio:0.0 - prompt_length/mean:2079.6875 - prompt_length/max:7038.0 - prompt_length/min:556.0 - prompt_length/clip_ratio:0.0 - num_turns/min:2 - num_turns/max:2 - num_turns/mean:2.0 - timing_s/start_profile:0.0003767710004467517 - timing_s/agent_loop/num_preempted/min:-1 - timing_s/agent_loop/num_preempted/max:-1 - timing_s/agent_loop/num_preempted/mean:-1.0 - timing_s/agent_loop/generate_sequences/min:0.31010946500009595 - timing_s/agent_loop/generate_sequences/max:1.7071722710006725 - timing_s/agent_loop/generate_sequences/mean:1.1128141977441475 - timing_s/agent_loop/tool_calls/min:0.0 - timing_s/agent_loop/tool_calls/max:0.0 - timing_s/agent_loop/tool_calls/mean:0.0 - timing_s/agent_loop/compute_score/min:0.006301166999946872 - timing_s/agent_loop/compute_score/max:0.7818812060004348 - timing_s/agent_loop/compute_score/mean:0.3522560830302588 - timing_s/agent_loop/slowest/generate_sequences:1.03853283799981 - timing_s/agent_loop/slowest/tool_calls:0.0 - timing_s/agent_loop/slowest/compute_score:0.7087667609994242 - timing_s/agent_loop/slowest/num_preempted:-1 - timing_s/agent_loop/slowest/prompt_length:6347 - timing_s/agent_loop/slowest/response_length:9 - timing_s/gen:14.215254605000155 - timing_s/reward:3.4982000215677544e-05 - timing_s/old_log_prob:28.02299956099978 - timing_s/ref:35.20894052099993 - timing_s/adv:0.015259136000167928 - timing_s/update_actor:57.36171309800011 - timing_s/update_weights:3.6711412220001876 - timing_s/step:138.77088313900003 - timing_s/stop_profile:5.964299998595379e-05 - timing_per_token_ms/ref:0.016439225106500963 - timing_per_token_ms/gen:1.1686332296119826 - timing_per_token_ms/adv:7.124564611305414e-06 - timing_per_token_ms/update_actor:0.026782462072385244 - perf/total_num_tokens:2141764 - perf/time_per_step:138.77088313900003 - perf/throughput:1929.226750916022[36m(WorkerDict pid=156337)[0m INFO:2026-07-10 21:19:46,308:update_weights done, time cost: 3.24s
[36m(TaskRunner pid=145845)[0m Training Progress:   3%|▎         | 2/75 [04:11<2:30:05, 123.36s/it]
[36m(WorkerDict pid=156337)[0m INFO:2026-07-10 21:21:18,961:update_weights done, time cost: 3.07s
[36m(TaskRunner pid=145845)[0m Training Progress:   4%|▍         | 3/75 [05:44<2:11:10, 109.31s/it]
[36m(WorkerDict pid=156337)[0m INFO:2026-07-10 21:23:11,648:update_weights done, time cost: 3.29s
[36m(TaskRunner pid=145845)[0m Training Progress:   5%|▌         | 4/75 [07:36<2:10:56, 110.65s/it]

[36m(AgentLoopWorker pid=162430)[0m Using dataset class: RLHFDataset[32m [repeated 7x across cluster][0m
[36m(TaskRunner pid=145845)[0m step:2 - global_seqlen/min:121013 - global_seqlen/max:625183 - global_seqlen/minmax_diff:504170 - global_seqlen/balanced_min:340620 - global_seqlen/balanced_max:340621 - global_seqlen/mean:340620.125 - actor/entropy:0.26212048530578613 - perf/mfu/actor_infer:0.3726526938289114 - actor/pg_clipfrac:0.0 - actor/ppo_kl:0.0 - actor/pg_clipfrac_lower:0.0 - actor/pg_loss:-0.011305156804155558 - actor/kl_loss:0.00016723565750113335 - actor/kl_coef:0.05000000000000001 - actor/loss:-0.011296793818473816 - actor/grad_norm:1.8622843027114868 - actor/lr:5e-07 - perf/mfu/actor:0.2902430255221782 - training/global_step:2 - training/epoch:0 - critic/score/mean:0.1697356253862381 - critic/score/max:0.9626086950302124 - critic/score/min:0.0 - critic/rewards/mean:0.1697356253862381 - critic/rewards/max:0.9626086950302124 - critic/rewards/min:0.0 - critic/advantages/mean:0.011305154301226139 - critic/advantages/max:3.749979019165039 - critic/advantages/min:-3.749925374984741 - critic/returns/mean:0.011305154301226139 - critic/returns/max:3.749979019165039 - critic/returns/min:-3.749925374984741 - response_length/mean:11.2822265625 - response_length/max:18.0 - response_length/min:9.0 - response_length/clip_ratio:0.0 - response_length_non_aborted/mean:11.2822265625 - response_length_non_aborted/max:18.0 - response_length_non_aborted/min:9.0 - response_length_non_aborted/clip_ratio:0.0 - response/aborted_ratio:0.0 - prompt_length/mean:2649.8125 - prompt_length/max:8156.0 - prompt_length/min:558.0 - prompt_length/clip_ratio:0.0 - num_turns/min:2 - num_turns/max:2 - num_turns/mean:2.0 - timing_s/start_profile:6.093299998610746e-05 - timing_s/agent_loop/num_preempted/min:-1 - timing_s/agent_loop/num_preempted/max:-1 - timing_s/agent_loop/num_preempted/mean:-1.0 - timing_s/agent_loop/generate_sequences/min:0.7949356950002766 - timing_s/agent_loop/generate_sequences/max:2.519134426999699 - timing_s/agent_loop/generate_sequences/mean:1.7302528193466742 - timing_s/agent_loop/tool_calls/min:0.0 - timing_s/agent_loop/tool_calls/max:0.0 - timing_s/agent_loop/tool_calls/mean:0.0 - timing_s/agent_loop/compute_score/min:0.00356341099995916 - timing_s/agent_loop/compute_score/max:0.7575043799997729 - timing_s/agent_loop/compute_score/mean:0.1646018823564468 - timing_s/agent_loop/slowest/generate_sequences:1.915801282000757 - timing_s/agent_loop/slowest/tool_calls:0.0 - timing_s/agent_loop/slowest/compute_score:0.6624605709994285 - timing_s/agent_loop/slowest/num_preempted:-1 - timing_s/agent_loop/slowest/prompt_length:5909 - timing_s/agent_loop/slowest/response_length:9 - timing_s/gen:3.980682216999412 - timing_s/reward:2.3161000171967316e-05 - timing_s/old_log_prob:17.037085693000336 - timing_s/ref:26.557597887000156 - timing_s/adv:0.014722399000675068 - timing_s/update_actor:59.338045438000336 - timing_s/update_weights:5.119778326999949 - timing_s/step:112.28910847499992 - timing_s/stop_profile:4.1043000237550586e-05 - timing_per_token_ms/ref:0.00974604696617682 - timing_per_token_ms/gen:0.3445583153293008 - timing_per_token_ms/adv:5.4027925539760265e-06 - timing_per_token_ms/update_actor:0.021775741171341657 - perf/total_num_tokens:2724961 - perf/time_per_step:112.28910847499992 - perf/throughput:3033.4208689156685
[36m(TaskRunner pid=145845)[0m step:3 - global_seqlen/min:137445 - global_seqlen/max:310521 - global_seqlen/minmax_diff:173076 - global_seqlen/balanced_min:231485 - global_seqlen/balanced_max:231486 - global_seqlen/mean:231485.125 - actor/entropy:0.35201552510261536 - perf/mfu/actor_infer:0.3377982519039216 - actor/pg_clipfrac:0.0 - actor/ppo_kl:0.0 - actor/pg_clipfrac_lower:0.0 - actor/pg_loss:-0.015199629016933613 - actor/kl_loss:0.00031666539313028597 - actor/kl_coef:0.05000000000000001 - actor/loss:-0.015183796174824238 - actor/grad_norm:1.5934085845947266 - actor/lr:5e-07 - perf/mfu/actor:0.25433109978309926 - training/global_step:3 - training/epoch:0 - critic/score/mean:0.1428825706243515 - critic/score/max:0.9575757384300232 - critic/score/min:0.0 - critic/rewards/mean:0.1428825706243515 - critic/rewards/max:0.9575757384300232 - critic/rewards/min:0.0 - critic/advantages/mean:0.015199633315205574 - critic/advantages/max:3.749983787536621 - critic/advantages/min:-2.0155396461486816 - critic/returns/mean:0.015199633315205574 - critic/returns/max:3.749983787536621 - critic/returns/min:-2.0155396461486816 - response_length/mean:12.3525390625 - response_length/max:17.0 - response_length/min:9.0 - response_length/clip_ratio:0.0 - response_length_non_aborted/mean:12.3525390625 - response_length_non_aborted/max:17.0 - response_length_non_aborted/min:9.0 - response_length_non_aborted/clip_ratio:0.0 - response/aborted_ratio:0.0 - prompt_length/mean:1796.125 - prompt_length/max:6675.0 - prompt_length/min:559.0 - prompt_length/clip_ratio:0.0 - num_turns/min:2 - num_turns/max:2 - num_turns/mean:2.0 - timing_s/start_profile:3.392199960217113e-05 - timing_s/agent_loop/num_preempted/min:-1 - timing_s/agent_loop/num_preempted/max:-1 - timing_s/agent_loop/num_preempted/mean:-1.0 - timing_s/agent_loop/generate_sequences/min:0.7681855070004531 - timing_s/agent_loop/generate_sequences/max:2.033060777999708 - timing_s/agent_loop/generate_sequences/mean:1.5123383142578186 - timing_s/agent_loop/tool_calls/min:0.0 - timing_s/agent_loop/tool_calls/max:0.0 - timing_s/agent_loop/tool_calls/mean:0.0 - timing_s/agent_loop/compute_score/min:0.0034411650003676186 - timing_s/agent_loop/compute_score/max:0.695420342000034 - timing_s/agent_loop/compute_score/mean:0.2551548039414149 - timing_s/agent_loop/slowest/generate_sequences:1.577986098999645 - timing_s/agent_loop/slowest/tool_calls:0.0 - timing_s/agent_loop/slowest/compute_score:0.49955379699986224 - timing_s/agent_loop/slowest/num_preempted:-1 - timing_s/agent_loop/slowest/prompt_length:561 - timing_s/agent_loop/slowest/response_length:14 - timing_s/gen:3.6944501240004683 - timing_s/reward:2.771199979179073e-05 - timing_s/old_log_prob:12.734322971000438 - timing_s/ref:25.3511580280001 - timing_s/adv:0.014551100000062434 - timing_s/update_actor:45.56407793299968 - timing_s/update_weights:4.933123153000452 - timing_s/step:92.53421225799957 - timing_s/stop_profile:3.786199977184879e-05 - timing_per_token_ms/ref:0.013689409863808798 - timing_per_token_ms/gen:0.29207448209348313 - timing_per_token_ms/adv:7.857470323450824e-06 - timing_per_token_ms/update_actor:0.024604214813478662 - perf/total_num_tokens:1851881 - perf/time_per_step:92.53421225799957 - perf/throughput:2501.6166383367913
[36m(TaskRunner pid=145845)[0m step:4 - global_seqlen/min:235877 - global_seqlen/max:635028 - global_seqlen/minmax_diff:399151 - global_seqlen/balanced_min:348781 - global_seqlen/balanced_max:348782 - global_seqlen/mean:348781.5 - actor/entropy:0.2348911315202713 - perf/mfu/actor_infer:0.38414261949805195 - actor/pg_clipfrac:0.0 - actor/ppo_kl:0.0 - actor/pg_clipfrac_lower:0.0 - actor/pg_loss:0.022815819224866148 - actor/kl_loss:0.00025990250903948266 - actor/kl_coef:0.05000000000000001 - actor/loss:0.022828811779618263 - actor/grad_norm:1.4920053482055664 - actor/lr:5e-07 - perf/mfu/actor:0.29366012209018927 - training/global_step:4 - training/epoch:0 - critic/score/mean:0.15452083945274353 - critic/score/max:0.9661538600921631 - critic/score/min:0.0 - critic/rewards/mean:0.15452083945274353 - critic/rewards/max:0.9661538600921631 - critic/rewards/min:0.0 - critic/advantages/mean:-0.02281581610441208 - critic/advantages/max:3.7499840259552 - critic/advantages/min:-3.749925374984741 - critic/returns/mean:-0.02281581610441208 - critic/returns/max:3.7499840259552 - critic/returns/min:-3.749925374984741 - response_length/mean:11.01171875 - response_length/max:17.0 - response_length/min:9.0 - response_length/clip_ratio:0.0 - response_length_non_aborted/mean:11.01171875 - response_length_non_aborted/max:17.0 - response_length_non_aborted/min:9.0 - response_length_non_aborted/clip_ratio:0.0 - response/aborted_ratio:0.0 - prompt_length/mean:2713.84375 - prompt_length/max:7665.0 - prompt_length/min:559.0 - prompt_length/clip_ratio:0.0 - num_turns/min:2 - num_turns/max:2 - num_turns/mean:2.0 - timing_s/start_profile:2.8941999516973738e-05 - timing_s/agent_loop/num_preempted/min:-1 - timing_s/agent_loop/num_preempted/max:-1 - timing_s/agent_loop/num_preempted/mean:-1.0 - timing_s/agent_loop/generate_sequences/min:0.7547367490005854 - timing_s/agent_loop/generate_sequences/max:2.520747374000166 - timing_s/agent_loop/generate_sequences/mean:1.735281502066389 - timing_s/agent_loop/tool_calls/min:0.0 - timing_s/agent_loop/tool_calls/max:0.0 - timing_s/agent_loop/tool_calls/mean:0.0 - timing_s/agent_loop/compute_score/min:0.003676825999718858 - timing_s/agent_loop/compute_score/max:0.6952086460005376 - timing_s/agent_loop/compute_score/mean:0.12879918784082456 - timing_s/agent_loop/slowest/generate_sequences:2.3728518759999133 - timing_s/agent_loop/slowest/tool_calls:0.0 - timing_s/agent_loop/slowest/compute_score:0.23922203200072545 - timing_s/agent_loop/slowest/num_preempted:-1 - timing_s/agent_loop/slowest/prompt_length:559 - timing_s/agent_loop/slowest/response_length:15 - timing_s/gen:3.923748999000054 - timing_s/reward:3.237200053263223e-05 - timing_s/old_log_prob:16.578779675999613 - timing_s/ref:26.508681623000484 - timing_s/adv:0.014655765000497922 - timing_s/update_actor:60.20954843199979 - timing_s/update_weights:5.1679491180002515 - timing_s/step:112.67120727400015 - timing_s/stop_profile:4.030299987789476e-05 - timing_per_token_ms/ref:0.009500461471938908 - timing_per_token_ms/gen:0.3479734834161098 - timing_per_token_ms/adv:5.252487947503639e-06 - timing_per_token_ms/update_actor:0.021578534280057782 - perf/total_num_tokens:2790252 - perf/time_per_step:112.67120727400015 - perf/throughput:3095.569031685385[36m(WorkerDict pid=156337)[0m INFO:2026-07-10 21:24:51,523:update_weights done, time cost: 3.09s
[36m(TaskRunner pid=145845)[0m Training Progress:   7%|▋         | 5/75 [09:16<2:04:35, 106.79s/it]
[36m(WorkerDict pid=156337)[0m INFO:2026-07-10 21:26:29,884:update_weights done, time cost: 3.53s
[36m(TaskRunner pid=145845)[0m Training Progress:   8%|▊         | 6/75 [10:54<1:59:28, 103.89s/it]
[36m(WorkerDict pid=156337)[0m INFO:2026-07-10 21:28:21,126:update_weights done, time cost: 3.33s
[36m(TaskRunner pid=145845)[0m Training Progress:   9%|▉         | 7/75 [12:46<2:00:28, 106.31s/it]

[36m(TaskRunner pid=145845)[0m step:5 - global_seqlen/min:102823 - global_seqlen/max:399504 - global_seqlen/minmax_diff:296681 - global_seqlen/balanced_min:281003 - global_seqlen/balanced_max:281005 - global_seqlen/mean:281004.375 - actor/entropy:0.297945111989975 - perf/mfu/actor_infer:0.3624540388654909 - actor/pg_clipfrac:0.0 - actor/ppo_kl:0.0 - actor/pg_clipfrac_lower:0.0 - actor/pg_loss:0.012946076854859712 - actor/kl_loss:0.00031300964665300496 - actor/kl_coef:0.05000000000000001 - actor/loss:0.01296172384172678 - actor/grad_norm:1.2835335731506348 - actor/lr:5e-07 - perf/mfu/actor:0.2750141630742178 - training/global_step:5 - training/epoch:0 - critic/score/mean:0.14053210616111755 - critic/score/max:0.9777777791023254 - critic/score/min:0.0 - critic/rewards/mean:0.14053210616111755 - critic/rewards/max:0.9777777791023254 - critic/rewards/min:0.0 - critic/advantages/mean:-0.012946078553795815 - critic/advantages/max:3.749981641769409 - critic/advantages/min:-3.749925374984741 - critic/returns/mean:-0.012946078553795815 - critic/returns/max:3.749981641769409 - critic/returns/min:-3.749925374984741 - response_length/mean:11.7216796875 - response_length/max:17.0 - response_length/min:9.0 - response_length/clip_ratio:0.0 - response_length_non_aborted/mean:11.7216796875 - response_length_non_aborted/max:17.0 - response_length_non_aborted/min:9.0 - response_length_non_aborted/clip_ratio:0.0 - response/aborted_ratio:0.0 - prompt_length/mean:2183.625 - prompt_length/max:7499.0 - prompt_length/min:556.0 - prompt_length/clip_ratio:0.0 - num_turns/min:2 - num_turns/max:2 - num_turns/mean:2.0 - timing_s/start_profile:3.588199979276396e-05 - timing_s/agent_loop/num_preempted/min:-1 - timing_s/agent_loop/num_preempted/max:-1 - timing_s/agent_loop/num_preempted/mean:-1.0 - timing_s/agent_loop/generate_sequences/min:0.823354807999749 - timing_s/agent_loop/generate_sequences/max:2.2484732809998604 - timing_s/agent_loop/generate_sequences/mean:1.6223458817753844 - timing_s/agent_loop/tool_calls/min:0.0 - timing_s/agent_loop/tool_calls/max:0.0 - timing_s/agent_loop/tool_calls/mean:0.0 - timing_s/agent_loop/compute_score/min:0.00367147599990858 - timing_s/agent_loop/compute_score/max:0.6661384470007761 - timing_s/agent_loop/compute_score/mean:0.19578035381151526 - timing_s/agent_loop/slowest/generate_sequences:1.952360268999655 - timing_s/agent_loop/slowest/tool_calls:0.0 - timing_s/agent_loop/slowest/compute_score:0.3469344570003159 - timing_s/agent_loop/slowest/num_preempted:-1 - timing_s/agent_loop/slowest/prompt_length:563 - timing_s/agent_loop/slowest/response_length:14 - timing_s/gen:3.5485513959993114 - timing_s/reward:2.6821000574273057e-05 - timing_s/old_log_prob:13.996095218999471 - timing_s/ref:25.84625570300068 - timing_s/adv:0.014640674999100156 - timing_s/update_actor:51.28077570000005 - timing_s/update_weights:4.9675352770000245 - timing_s/step:99.90001154199945 - timing_s/stop_profile:3.874199956044322e-05 - timing_per_token_ms/ref:0.011497265702269173 - timing_per_token_ms/gen:0.2956387066566118 - timing_per_token_ms/adv:6.5126543844291374e-06 - timing_per_token_ms/update_actor:0.022811377803281553 - perf/total_num_tokens:2248035 - perf/time_per_step:99.90001154199945 - perf/throughput:2812.8562816217654
[36m(TaskRunner pid=145845)[0m step:6 - global_seqlen/min:121400 - global_seqlen/max:429597 - global_seqlen/minmax_diff:308197 - global_seqlen/balanced_min:263611 - global_seqlen/balanced_max:263612 - global_seqlen/mean:263611.5 - actor/entropy:0.31893190741539 - perf/mfu/actor_infer:0.35337744234077134 - actor/pg_clipfrac:0.0 - actor/ppo_kl:0.0 - actor/pg_clipfrac_lower:0.0 - actor/pg_loss:0.01552701480531498 - actor/kl_loss:0.0005789856003737535 - actor/kl_coef:0.05000000000000001 - actor/loss:0.015555963851511478 - actor/grad_norm:1.5117425918579102 - actor/lr:5e-07 - perf/mfu/actor:0.2677017233165449 - training/global_step:6 - training/epoch:0 - critic/score/mean:0.15643569827079773 - critic/score/max:0.9658536314964294 - critic/score/min:0.0 - critic/rewards/mean:0.15643569827079773 - critic/rewards/max:0.9658536314964294 - critic/rewards/min:0.0 - critic/advantages/mean:-0.01552701834589243 - critic/advantages/max:3.7499842643737793 - critic/advantages/min:-3.749925374984741 - critic/returns/mean:-0.01552701834589243 - critic/returns/max:3.7499842643737793 - critic/returns/min:-3.749925374984741 - response_length/mean:12.01171875 - response_length/max:17.0 - response_length/min:7.0 - response_length/clip_ratio:0.0 - response_length_non_aborted/mean:12.01171875 - response_length_non_aborted/max:17.0 - response_length_non_aborted/min:7.0 - response_length_non_aborted/clip_ratio:0.0 - response/aborted_ratio:0.0 - prompt_length/mean:2047.453125 - prompt_length/max:7960.0 - prompt_length/min:557.0 - prompt_length/clip_ratio:0.0 - num_turns/min:2 - num_turns/max:2 - num_turns/mean:2.0 - timing_s/start_profile:3.708099939103704e-05 - timing_s/agent_loop/num_preempted/min:-1 - timing_s/agent_loop/num_preempted/max:-1 - timing_s/agent_loop/num_preempted/mean:-1.0 - timing_s/agent_loop/generate_sequences/min:0.7805403219999789 - timing_s/agent_loop/generate_sequences/max:2.2291541659997165 - timing_s/agent_loop/generate_sequences/mean:1.585653196974607 - timing_s/agent_loop/tool_calls/min:0.0 - timing_s/agent_loop/tool_calls/max:0.0 - timing_s/agent_loop/tool_calls/mean:0.0 - timing_s/agent_loop/compute_score/min:0.003545739999935904 - timing_s/agent_loop/compute_score/max:0.7591531449998001 - timing_s/agent_loop/compute_score/mean:0.23153356449412676 - timing_s/agent_loop/slowest/generate_sequences:1.5382799919998433 - timing_s/agent_loop/slowest/tool_calls:0.0 - timing_s/agent_loop/slowest/compute_score:0.7310284779996437 - timing_s/agent_loop/slowest/num_preempted:-1 - timing_s/agent_loop/slowest/prompt_length:6538 - timing_s/agent_loop/slowest/response_length:9 - timing_s/gen:3.5884131689999776 - timing_s/reward:2.5831000129983295e-05 - timing_s/old_log_prob:13.783629323999776 - timing_s/ref:25.44119092800065 - timing_s/adv:0.014703377999467193 - timing_s/update_actor:49.8561602259997 - timing_s/update_weights:5.295948445999784 - timing_s/step:98.22270257299988 - timing_s/stop_profile:4.0922000152932014e-05 - timing_per_token_ms/ref:0.012063771368093126 - timing_per_token_ms/gen:0.29174090804877867 - timing_per_token_ms/adv:6.972086763792168e-06 - timing_per_token_ms/update_actor:0.02364092624278517 - perf/total_num_tokens:2108892 - perf/time_per_step:98.22270257299988 - perf/throughput:2683.8143636302602
[36m(TaskRunner pid=145845)[0m step:7 - global_seqlen/min:221055 - global_seqlen/max:552892 - global_seqlen/minmax_diff:331837 - global_seqlen/balanced_min:339401 - global_seqlen/balanced_max:339402 - global_seqlen/mean:339401.875 - actor/entropy:0.2669782042503357 - perf/mfu/actor_infer:0.37970104382591024 - actor/pg_clipfrac:0.0 - actor/ppo_kl:0.0 - actor/pg_clipfrac_lower:0.0 - actor/pg_loss:0.004180733085377142 - actor/kl_loss:0.0005899541069791488 - actor/kl_coef:0.05000000000000001 - actor/loss:0.004210234619677067 - actor/grad_norm:1.3116837739944458 - actor/lr:5e-07 - perf/mfu/actor:0.2914416095316836 - training/global_step:7 - training/epoch:0 - critic/score/mean:0.1720462143421173 - critic/score/max:0.9710526466369629 - critic/score/min:0.0 - critic/rewards/mean:0.1720462143421173 - critic/rewards/max:0.9710526466369629 - critic/rewards/min:0.0 - critic/advantages/mean:-0.004180735908448696 - critic/advantages/max:3.749983072280884 - critic/advantages/min:-3.749925374984741 - critic/returns/mean:-0.004180735908448696 - critic/returns/max:3.749983072280884 - critic/returns/min:-3.749925374984741 - response_length/mean:11.4521484375 - response_length/max:37.0 - response_length/min:9.0 - response_length/clip_ratio:0.0 - response_length_non_aborted/mean:11.4521484375 - response_length_non_aborted/max:37.0 - response_length_non_aborted/min:9.0 - response_length_non_aborted/clip_ratio:0.0 - response/aborted_ratio:0.0 - prompt_length/mean:2640.125 - prompt_length/max:7436.0 - prompt_length/min:556.0 - prompt_length/clip_ratio:0.0 - num_turns/min:2 - num_turns/max:2 - num_turns/mean:2.0 - timing_s/start_profile:5.251299990050029e-05 - timing_s/agent_loop/num_preempted/min:-1 - timing_s/agent_loop/num_preempted/max:-1 - timing_s/agent_loop/num_preempted/mean:-1.0 - timing_s/agent_loop/generate_sequences/min:0.790499808000277 - timing_s/agent_loop/generate_sequences/max:2.4885676960002456 - timing_s/agent_loop/generate_sequences/mean:1.7625778300068262 - timing_s/agent_loop/tool_calls/min:0.0 - timing_s/agent_loop/tool_calls/max:0.0 - timing_s/agent_loop/tool_calls/mean:0.0 - timing_s/agent_loop/compute_score/min:0.0036707970002680668 - timing_s/agent_loop/compute_score/max:0.6773025259999486 - timing_s/agent_loop/compute_score/mean:0.15182606296388457 - timing_s/agent_loop/slowest/generate_sequences:1.8750238550001086 - timing_s/agent_loop/slowest/tool_calls:0.0 - timing_s/agent_loop/slowest/compute_score:0.6571389259997886 - timing_s/agent_loop/slowest/num_preempted:-1 - timing_s/agent_loop/slowest/prompt_length:6539 - timing_s/agent_loop/slowest/response_length:9 - timing_s/gen:4.050840699999753 - timing_s/reward:2.7552000574360136e-05 - timing_s/old_log_prob:16.055194421000124 - timing_s/ref:26.79998683300073 - timing_s/adv:0.014664545000414364 - timing_s/update_actor:58.89881769600015 - timing_s/update_weights:5.159379603000161 - timing_s/step:111.22575368000071 - timing_s/stop_profile:6.0442999711085577e-05 - timing_per_token_ms/ref:0.009870300080472717 - timing_per_token_ms/gen:0.34542855802846023 - timing_per_token_ms/adv:5.4008780153374094e-06 - timing_per_token_ms/update_actor:0.021692137711378345 - perf/total_num_tokens:2715215 - perf/time_per_step:111.22575368000071 - perf/throughput:3051.4684213915757[36m(WorkerDict pid=156337)[0m INFO:2026-07-10 21:30:11,617:update_weights done, time cost: 3.34s
[36m(TaskRunner pid=145845)[0m Training Progress:  11%|█         | 8/75 [14:36<2:00:11, 107.64s/it]
[36m(WorkerDict pid=156337)[0m INFO:2026-07-10 21:32:03,927:update_weights done, time cost: 3.17s
[36m(TaskRunner pid=145845)[0m Training Progress:  12%|█▏        | 9/75 [16:28<1:59:59, 109.08s/it]
[36m(WorkerDict pid=156337)[0m INFO:2026-07-10 21:34:02,508:update_weights done, time cost: 3.48s
[36m(TaskRunner pid=145845)[0m Training Progress:  13%|█▎        | 10/75 [18:27<2:01:21, 112.03s/it]

[36m(TaskRunner pid=145845)[0m step:8 - global_seqlen/min:231966 - global_seqlen/max:496114 - global_seqlen/minmax_diff:264148 - global_seqlen/balanced_min:332799 - global_seqlen/balanced_max:332801 - global_seqlen/mean:332799.375 - actor/entropy:0.2671688497066498 - perf/mfu/actor_infer:0.3799106604574997 - actor/pg_clipfrac:0.0 - actor/ppo_kl:0.0 - actor/pg_clipfrac_lower:0.0 - actor/pg_loss:0.004194417319236976 - actor/kl_loss:0.0007892323002674493 - actor/kl_coef:0.05000000000000001 - actor/loss:0.00423387810587883 - actor/grad_norm:1.4337538480758667 - actor/lr:5e-07 - perf/mfu/actor:0.2892629735877633 - training/global_step:8 - training/epoch:0 - critic/score/mean:0.15808306634426117 - critic/score/max:0.9632552266120911 - critic/score/min:0.0 - critic/rewards/mean:0.15808306634426117 - critic/rewards/max:0.9632552266120911 - critic/rewards/min:0.0 - critic/advantages/mean:-0.004194418899714947 - critic/advantages/max:3.7499821186065674 - critic/advantages/min:-3.749925374984741 - critic/returns/mean:-0.004194418899714947 - critic/returns/max:3.7499821186065674 - critic/returns/min:-3.749925374984741 - response_length/mean:11.5107421875 - response_length/max:55.0 - response_length/min:9.0 - response_length/clip_ratio:0.0 - response_length_non_aborted/mean:11.5107421875 - response_length_non_aborted/max:55.0 - response_length_non_aborted/min:9.0 - response_length_non_aborted/clip_ratio:0.0 - response/aborted_ratio:0.0 - prompt_length/mean:2588.484375 - prompt_length/max:7543.0 - prompt_length/min:557.0 - prompt_length/clip_ratio:0.0 - num_turns/min:2 - num_turns/max:2 - num_turns/mean:2.0 - timing_s/start_profile:4.617200011125533e-05 - timing_s/agent_loop/num_preempted/min:-1 - timing_s/agent_loop/num_preempted/max:-1 - timing_s/agent_loop/num_preempted/mean:-1.0 - timing_s/agent_loop/generate_sequences/min:0.8108345369992094 - timing_s/agent_loop/generate_sequences/max:2.5080981679993783 - timing_s/agent_loop/generate_sequences/mean:1.7524296521601652 - timing_s/agent_loop/tool_calls/min:0.0 - timing_s/agent_loop/tool_calls/max:0.0 - timing_s/agent_loop/tool_calls/mean:0.0 - timing_s/agent_loop/compute_score/min:0.0035959730003014556 - timing_s/agent_loop/compute_score/max:0.6715175570006977 - timing_s/agent_loop/compute_score/mean:0.156493500436512 - timing_s/agent_loop/slowest/generate_sequences:1.943219792000491 - timing_s/agent_loop/slowest/tool_calls:0.0 - timing_s/agent_loop/slowest/compute_score:0.6229650570003287 - timing_s/agent_loop/slowest/num_preempted:-1 - timing_s/agent_loop/slowest/prompt_length:3387 - timing_s/agent_loop/slowest/response_length:9 - timing_s/gen:3.8234139579999464 - timing_s/reward:2.5491000087640714e-05 - timing_s/old_log_prob:16.169552726999427 - timing_s/ref:26.80506004899962 - timing_s/adv:0.014692574999571661 - timing_s/update_actor:58.17105135200018 - timing_s/update_weights:5.205216256000313 - timing_s/step:110.44293623500016 - timing_s/stop_profile:4.0421999983664136e-05 - timing_per_token_ms/ref:0.010068025236300257 - timing_per_token_ms/gen:0.32437549486722206 - timing_per_token_ms/adv:5.518555661189141e-06 - timing_per_token_ms/update_actor:0.021849143854311692 - perf/total_num_tokens:2662395 - perf/time_per_step:110.44293623500016 - perf/throughput:3013.315168403984
[36m(TaskRunner pid=145845)[0m step:9 - global_seqlen/min:247798 - global_seqlen/max:484791 - global_seqlen/minmax_diff:236993 - global_seqlen/balanced_min:348054 - global_seqlen/balanced_max:348055 - global_seqlen/mean:348054.25 - actor/entropy:0.2579824924468994 - perf/mfu/actor_infer:0.383948082105247 - actor/pg_clipfrac:0.0 - actor/ppo_kl:0.0 - actor/pg_clipfrac_lower:0.0 - actor/pg_loss:0.03140228549091262 - actor/kl_loss:0.0008959695471309204 - actor/kl_coef:0.05000000000000001 - actor/loss:0.03144708648324013 - actor/grad_norm:1.7408576011657715 - actor/lr:5e-07 - perf/mfu/actor:0.29350371850356755 - training/global_step:9 - training/epoch:0 - critic/score/mean:0.1713384985923767 - critic/score/max:0.9734693765640259 - critic/score/min:0.0 - critic/rewards/mean:0.1713384985923767 - critic/rewards/max:0.9734693765640259 - critic/rewards/min:0.0 - critic/advantages/mean:-0.031402282416820526 - critic/advantages/max:3.7499797344207764 - critic/advantages/min:-1.4361257553100586 - critic/returns/mean:-0.031402282416820526 - critic/returns/max:3.7499797344207764 - critic/returns/min:-1.4361257553100586 - response_length/mean:11.361328125 - response_length/max:17.0 - response_length/min:9.0 - response_length/clip_ratio:0.0 - response_length_non_aborted/mean:11.361328125 - response_length_non_aborted/max:17.0 - response_length_non_aborted/min:9.0 - response_length_non_aborted/clip_ratio:0.0 - response/aborted_ratio:0.0 - prompt_length/mean:2707.8125 - prompt_length/max:7097.0 - prompt_length/min:556.0 - prompt_length/clip_ratio:0.0 - num_turns/min:2 - num_turns/max:2 - num_turns/mean:2.0 - timing_s/start_profile:2.93909997708397e-05 - timing_s/agent_loop/num_preempted/min:-1 - timing_s/agent_loop/num_preempted/max:-1 - timing_s/agent_loop/num_preempted/mean:-1.0 - timing_s/agent_loop/generate_sequences/min:0.733576935000201 - timing_s/agent_loop/generate_sequences/max:2.499746540999695 - timing_s/agent_loop/generate_sequences/mean:1.8047844815869247 - timing_s/agent_loop/tool_calls/min:0.0 - timing_s/agent_loop/tool_calls/max:0.0 - timing_s/agent_loop/tool_calls/mean:0.0 - timing_s/agent_loop/compute_score/min:0.003720628999872133 - timing_s/agent_loop/compute_score/max:0.6425086810004359 - timing_s/agent_loop/compute_score/mean:0.15896660791796968 - timing_s/agent_loop/slowest/generate_sequences:2.1226562159999958 - timing_s/agent_loop/slowest/tool_calls:0.0 - timing_s/agent_loop/slowest/compute_score:0.4388036469999861 - timing_s/agent_loop/slowest/num_preempted:-1 - timing_s/agent_loop/slowest/prompt_length:955 - timing_s/agent_loop/slowest/response_length:16 - timing_s/gen:3.8016222039996137 - timing_s/reward:2.351199964323314e-05 - timing_s/old_log_prob:16.66283728200051 - timing_s/ref:26.20129693800027 - timing_s/adv:0.014766823000172735 - timing_s/update_actor:60.11359463899953 - timing_s/update_weights:5.190939052000431 - timing_s/step:112.23209583900007 - timing_s/stop_profile:4.17219998780638e-05 - timing_per_token_ms/ref:0.00940991847463444 - timing_per_token_ms/gen:0.3267682829636938 - timing_per_token_ms/adv:5.303348185007342e-06 - timing_per_token_ms/update_actor:0.021589161258266324 - perf/total_num_tokens:2784434 - perf/time_per_step:112.23209583900007 - perf/throughput:3101.200662770239
[36m(TaskRunner pid=145845)[0m step:10 - global_seqlen/min:241771 - global_seqlen/max:619415 - global_seqlen/minmax_diff:377644 - global_seqlen/balanced_min:381578 - global_seqlen/balanced_max:381579 - global_seqlen/mean:381578.875 - actor/entropy:0.2352174073457718 - perf/mfu/actor_infer:0.3932340180974041 - actor/pg_clipfrac:0.0 - actor/ppo_kl:0.0 - actor/pg_clipfrac_lower:0.0 - actor/pg_loss:0.005375312925025355 - actor/kl_loss:0.0013863419771482244 - actor/kl_coef:0.05000000000000001 - actor/loss:0.005444624926894903 - actor/grad_norm:1.5712305307388306 - actor/lr:5e-07 - perf/mfu/actor:0.3012039726803908 - training/global_step:10 - training/epoch:0 - critic/score/mean:0.1689569354057312 - critic/score/max:0.963692307472229 - critic/score/min:0.0 - critic/rewards/mean:0.1689569354057312 - critic/rewards/max:0.963692307472229 - critic/rewards/min:0.0 - critic/advantages/mean:-0.005375310312956572 - critic/advantages/max:3.7499806880950928 - critic/advantages/min:-3.749925374984741 - critic/returns/mean:-0.005375310312956572 - critic/returns/max:3.7499806880950928 - critic/returns/min:-3.749925374984741 - response_length/mean:11.0380859375 - response_length/max:17.0 - response_length/min:9.0 - response_length/clip_ratio:0.0 - response_length_non_aborted/mean:11.0380859375 - response_length_non_aborted/max:17.0 - response_length_non_aborted/min:9.0 - response_length_non_aborted/clip_ratio:0.0 - response/aborted_ratio:0.0 - prompt_length/mean:2970.046875 - prompt_length/max:7886.0 - prompt_length/min:557.0 - prompt_length/clip_ratio:0.0 - num_turns/min:2 - num_turns/max:2 - num_turns/mean:2.0 - timing_s/start_profile:5.78540002607042e-05 - timing_s/agent_loop/num_preempted/min:-1 - timing_s/agent_loop/num_preempted/max:-1 - timing_s/agent_loop/num_preempted/mean:-1.0 - timing_s/agent_loop/generate_sequences/min:0.7425342540000202 - timing_s/agent_loop/generate_sequences/max:2.654462479999893 - timing_s/agent_loop/generate_sequences/mean:1.8134828382470758 - timing_s/agent_loop/tool_calls/min:0.0 - timing_s/agent_loop/tool_calls/max:0.0 - timing_s/agent_loop/tool_calls/mean:0.0 - timing_s/agent_loop/compute_score/min:0.0034589659999255673 - timing_s/agent_loop/compute_score/max:0.6363309360003768 - timing_s/agent_loop/compute_score/mean:0.13826356377147508 - timing_s/agent_loop/slowest/generate_sequences:2.2944666519997554 - timing_s/agent_loop/slowest/tool_calls:0.0 - timing_s/agent_loop/slowest/compute_score:0.4309495979996427 - timing_s/agent_loop/slowest/num_preempted:-1 - timing_s/agent_loop/slowest/prompt_length:925 - timing_s/agent_loop/slowest/response_length:16 - timing_s/gen:3.9671161139995093 - timing_s/reward:2.5161999474221375e-05 - timing_s/old_log_prob:17.436400786000377 - timing_s/ref:27.623892501000228 - timing_s/adv:0.014733309000803274 - timing_s/update_actor:64.06068386700008 - timing_s/update_weights:5.26037041499967 - timing_s/step:118.57692983699962 - timing_s/stop_profile:3.774199922190746e-05 - timing_per_token_ms/ref:0.009049207880349845 - timing_per_token_ms/gen:0.3509790422011421 - timing_per_token_ms/adv:4.826429725965331e-06 - timing_per_token_ms/update_actor:0.020985400419179415 - perf/total_num_tokens:3052631 - perf/time_per_step:118.57692983699962 - perf/throughput:3217.9857879988367[36m(WorkerDict pid=156337)[0m INFO:2026-07-10 21:35:39,998:update_weights done, time cost: 3.17s
[36m(TaskRunner pid=145845)[0m Training Progress:  15%|█▍        | 11/75 [20:05<1:54:44, 107.57s/it]
[36m(WorkerDict pid=156337)[0m INFO:2026-07-10 21:37:19,449:update_weights done, time cost: 3.25s
[36m(TaskRunner pid=145845)[0m Training Progress:  16%|█▌        | 12/75 [21:44<1:50:22, 105.11s/it]
[36m(WorkerDict pid=156337)[0m INFO:2026-07-10 21:38:59,426:update_weights done, time cost: 3.42s
[36m(TaskRunner pid=145845)[0m Training Progress:  17%|█▋        | 13/75 [23:24<1:46:59, 103.55s/it]

[36m(TaskRunner pid=145845)[0m step:11 - global_seqlen/min:141025 - global_seqlen/max:464130 - global_seqlen/minmax_diff:323105 - global_seqlen/balanced_min:260036 - global_seqlen/balanced_max:260037 - global_seqlen/mean:260036.5 - actor/entropy:0.30379563570022583 - perf/mfu/actor_infer:0.35196983681588795 - actor/pg_clipfrac:0.0 - actor/ppo_kl:0.0 - actor/pg_clipfrac_lower:0.0 - actor/pg_loss:-0.009170841809451602 - actor/kl_loss:0.003466301499346028 - actor/kl_coef:0.05000000000000001 - actor/loss:-0.008997526951134205 - actor/grad_norm:1.6641921997070312 - actor/lr:5e-07 - perf/mfu/actor:0.26611243363789805 - training/global_step:11 - training/epoch:0 - critic/score/mean:0.1694433093070984 - critic/score/max:0.9677419066429138 - critic/score/min:0.0 - critic/rewards/mean:0.1694433093070984 - critic/rewards/max:0.9677419066429138 - critic/rewards/min:0.0 - critic/advantages/mean:0.009170840494334698 - critic/advantages/max:3.7499823570251465 - critic/advantages/min:-3.749925374984741 - critic/returns/mean:0.009170840494334698 - critic/returns/max:3.7499823570251465 - critic/returns/min:-3.749925374984741 - response_length/mean:11.95703125 - response_length/max:17.0 - response_length/min:9.0 - response_length/clip_ratio:0.0 - response_length_non_aborted/mean:11.95703125 - response_length_non_aborted/max:17.0 - response_length_non_aborted/min:9.0 - response_length_non_aborted/clip_ratio:0.0 - response/aborted_ratio:0.0 - prompt_length/mean:2019.578125 - prompt_length/max:7478.0 - prompt_length/min:558.0 - prompt_length/clip_ratio:0.0 - num_turns/min:2 - num_turns/max:2 - num_turns/mean:2.0 - timing_s/start_profile:9.969599977921462e-05 - timing_s/agent_loop/num_preempted/min:-1 - timing_s/agent_loop/num_preempted/max:-1 - timing_s/agent_loop/num_preempted/mean:-1.0 - timing_s/agent_loop/generate_sequences/min:0.7598699030004354 - timing_s/agent_loop/generate_sequences/max:2.138399206000031 - timing_s/agent_loop/generate_sequences/mean:1.559298792572255 - timing_s/agent_loop/tool_calls/min:0.0 - timing_s/agent_loop/tool_calls/max:0.0 - timing_s/agent_loop/tool_calls/mean:0.0 - timing_s/agent_loop/compute_score/min:0.0036800770003537764 - timing_s/agent_loop/compute_score/max:0.7742862150007568 - timing_s/agent_loop/compute_score/mean:0.24859488965137277 - timing_s/agent_loop/slowest/generate_sequences:2.1059561590000158 - timing_s/agent_loop/slowest/tool_calls:0.0 - timing_s/agent_loop/slowest/compute_score:0.11243967100017471 - timing_s/agent_loop/slowest/num_preempted:-1 - timing_s/agent_loop/slowest/prompt_length:561 - timing_s/agent_loop/slowest/response_length:16 - timing_s/gen:3.5420095929994204 - timing_s/reward:3.4621999475348275e-05 - timing_s/old_log_prob:14.125980642000286 - timing_s/ref:25.129967357999703 - timing_s/adv:0.015334599999732745 - timing_s/update_actor:49.3495291549998 - timing_s/update_weights:5.025382507999893 - timing_s/step:97.42320111000026 - timing_s/stop_profile:3.880200074490858e-05 - timing_per_token_ms/ref:0.012080019227108359 - timing_per_token_ms/gen:0.28928533101922743 - timing_per_token_ms/adv:7.371369019220737e-06 - timing_per_token_ms/update_actor:0.023722404909983695 - perf/total_num_tokens:2080292 - perf/time_per_step:97.42320111000026 - perf/throughput:2669.1434590246477
[36m(TaskRunner pid=145845)[0m step:12 - global_seqlen/min:153285 - global_seqlen/max:465035 - global_seqlen/minmax_diff:311750 - global_seqlen/balanced_min:278175 - global_seqlen/balanced_max:278176 - global_seqlen/mean:278175.25 - actor/entropy:0.2875345051288605 - perf/mfu/actor_infer:0.36160965431062286 - actor/pg_clipfrac:0.0 - actor/ppo_kl:0.0 - actor/pg_clipfrac_lower:0.0 - actor/pg_loss:0.01198564168566918 - actor/kl_loss:0.00489689309484765 - actor/kl_coef:0.05000000000000001 - actor/loss:0.012230483815073967 - actor/grad_norm:1.247856616973877 - actor/lr:5e-07 - perf/mfu/actor:0.27299271943692344 - training/global_step:12 - training/epoch:0 - critic/score/mean:0.1727067232131958 - critic/score/max:0.9626086950302124 - critic/score/min:0.0 - critic/rewards/mean:0.1727067232131958 - critic/rewards/max:0.9626086950302124 - critic/rewards/min:0.0 - critic/advantages/mean:-0.011985642835497856 - critic/advantages/max:3.749978542327881 - critic/advantages/min:-3.749925374984741 - critic/returns/mean:-0.011985642835497856 - critic/returns/max:3.749978542327881 - critic/returns/min:-3.749925374984741 - response_length/mean:11.837890625 - response_length/max:105.0 - response_length/min:9.0 - response_length/clip_ratio:0.0 - response_length_non_aborted/mean:11.837890625 - response_length_non_aborted/max:105.0 - response_length_non_aborted/min:9.0 - response_length_non_aborted/clip_ratio:0.0 - response/aborted_ratio:0.0 - prompt_length/mean:2161.40625 - prompt_length/max:8034.0 - prompt_length/min:556.0 - prompt_length/clip_ratio:0.0 - num_turns/min:2 - num_turns/max:2 - num_turns/mean:2.0 - timing_s/start_profile:3.280199962318875e-05 - timing_s/agent_loop/num_preempted/min:-1 - timing_s/agent_loop/num_preempted/max:-1 - timing_s/agent_loop/num_preempted/mean:-1.0 - timing_s/agent_loop/generate_sequences/min:0.8276948170005198 - timing_s/agent_loop/generate_sequences/max:2.238917403999949 - timing_s/agent_loop/generate_sequences/mean:1.5919071099033486 - timing_s/agent_loop/tool_calls/min:0.0 - timing_s/agent_loop/tool_calls/max:0.0 - timing_s/agent_loop/tool_calls/mean:0.0 - timing_s/agent_loop/compute_score/min:0.0034368429996902705 - timing_s/agent_loop/compute_score/max:0.6821227959999305 - timing_s/agent_loop/compute_score/mean:0.19515325507812253 - timing_s/agent_loop/slowest/generate_sequences:1.9062912999997934 - timing_s/agent_loop/slowest/tool_calls:0.0 - timing_s/agent_loop/slowest/compute_score:0.36304209500030993 - timing_s/agent_loop/slowest/num_preempted:-1 - timing_s/agent_loop/slowest/prompt_length:5992 - timing_s/agent_loop/slowest/response_length:9 - timing_s/gen:3.5603683740000633 - timing_s/reward:5.2661999689007644e-05 - timing_s/old_log_prob:13.816080709999369 - timing_s/ref:25.71480850900025 - timing_s/adv:0.014848822999738331 - timing_s/update_actor:51.148846730000514 - timing_s/update_weights:5.085475821000728 - timing_s/step:99.46050075800031 - timing_s/stop_profile:4.564299979392672e-05 - timing_per_token_ms/ref:0.011555129594113894 - timing_per_token_ms/gen:0.2937112996205299 - timing_per_token_ms/adv:6.672422780126166e-06 - timing_per_token_ms/update_actor:0.022984093089698183 - perf/total_num_tokens:2225402 - perf/time_per_step:99.46050075800031 - perf/throughput:2796.8414383598847
[36m(TaskRunner pid=145845)[0m step:13 - global_seqlen/min:176382 - global_seqlen/max:355053 - global_seqlen/minmax_diff:178671 - global_seqlen/balanced_min:279990 - global_seqlen/balanced_max:279991 - global_seqlen/mean:279990.75 - actor/entropy:0.2782260477542877 - perf/mfu/actor_infer:0.3623571230596168 - actor/pg_clipfrac:0.0 - actor/ppo_kl:0.0 - actor/pg_clipfrac_lower:0.0 - actor/pg_loss:-0.009860729463980533 - actor/kl_loss:0.0057556816366807735 - actor/kl_coef:0.05000000000000001 - actor/loss:-0.009572945535182953 - actor/grad_norm:1.6117886304855347 - actor/lr:5e-07 - perf/mfu/actor:0.27496359824322775 - training/global_step:13 - training/epoch:0 - critic/score/mean:0.14184635877609253 - critic/score/max:0.9642857313156128 - critic/score/min:0.0 - critic/rewards/mean:0.14184635877609253 - critic/rewards/max:0.9642857313156128 - critic/rewards/min:0.0 - critic/advantages/mean:0.00986072514206171 - critic/advantages/max:3.749983310699463 - critic/advantages/min:-2.5617005825042725 - critic/returns/mean:0.00986072514206171 - critic/returns/max:3.749983310699463 - critic/returns/min:-2.5617005825042725 - response_length/mean:11.630859375 - response_length/max:23.0 - response_length/min:9.0 - response_length/clip_ratio:0.0 - response_length_non_aborted/mean:11.630859375 - response_length_non_aborted/max:23.0 - response_length_non_aborted/min:9.0 - response_length_non_aborted/clip_ratio:0.0 - response/aborted_ratio:0.0 - prompt_length/mean:2175.796875 - prompt_length/max:7352.0 - prompt_length/min:556.0 - prompt_length/clip_ratio:0.0 - num_turns/min:2 - num_turns/max:2 - num_turns/mean:2.0 - timing_s/start_profile:5.9503000557015184e-05 - timing_s/agent_loop/num_preempted/min:-1 - timing_s/agent_loop/num_preempted/max:-1 - timing_s/agent_loop/num_preempted/mean:-1.0 - timing_s/agent_loop/generate_sequences/min:0.8127262379994136 - timing_s/agent_loop/generate_sequences/max:2.1990688200003206 - timing_s/agent_loop/generate_sequences/mean:1.624837724867196 - timing_s/agent_loop/tool_calls/min:0.0 - timing_s/agent_loop/tool_calls/max:0.0 - timing_s/agent_loop/tool_calls/mean:0.0 - timing_s/agent_loop/compute_score/min:0.003732488000423473 - timing_s/agent_loop/compute_score/max:0.6502025999998295 - timing_s/agent_loop/compute_score/mean:0.2118425107382551 - timing_s/agent_loop/slowest/generate_sequences:1.9805713570003718 - timing_s/agent_loop/slowest/tool_calls:0.0 - timing_s/agent_loop/slowest/compute_score:0.2810686209995765 - timing_s/agent_loop/slowest/num_preempted:-1 - timing_s/agent_loop/slowest/prompt_length:879 - timing_s/agent_loop/slowest/response_length:17 - timing_s/gen:3.499560964000011 - timing_s/reward:2.8841000130341854e-05 - timing_s/old_log_prob:14.262847696999415 - timing_s/ref:25.46391629200025 - timing_s/adv:0.01483316299982107 - timing_s/update_actor:51.442150257999856 - timing_s/update_weights:5.126353870999992 - timing_s/step:99.92896379899958 - timing_s/stop_profile:4.0701999751036055e-05 - timing_per_token_ms/ref:0.011368195329667251 - timing_per_token_ms/gen:0.29383383408900177 - timing_per_token_ms/adv:6.622166535778892e-06 - timing_per_token_ms/update_actor:0.02296600434925076 - perf/total_num_tokens:2239926 - perf/time_per_step:99.92896379899958 - perf/throughput:2801.897861796933[36m(WorkerDict pid=156337)[0m INFO:2026-07-10 21:40:37,938:update_weights done, time cost: 3.06s
[36m(TaskRunner pid=145845)[0m Training Progress:  19%|█▊        | 14/75 [25:03<1:43:44, 102.04s/it]
[36m(WorkerDict pid=156337)[0m INFO:2026-07-10 21:42:25,803:[Rank 0] Saved model to /workspace/verl-x/budget-rl-training-repro/outputs/rl_pct30e5_kl005_full/global_step_15/actor/model_world_size_8_rank_0.pt
[36m(WorkerDict pid=156339)[0m INFO:2026-07-10 21:42:34,011:[Rank 2] Saved optim to /workspace/verl-x/budget-rl-training-repro/outputs/rl_pct30e5_kl005_full/global_step_15/actor/optim_world_size_8_rank_2.pt
[36m(WorkerDict pid=156339)[0m INFO:2026-07-10 21:42:34,012:[Rank 2] Saved extra_state to /workspace/verl-x/budget-rl-training-repro/outputs/rl_pct30e5_kl005_full/global_step_15/actor/extra_state_world_size_8_rank_2.pt
[36m(WorkerDict pid=156342)[0m INFO:2026-07-10 21:42:25,822:[Rank 5] Saved model to /workspace/verl-x/budget-rl-training-repro/outputs/rl_pct30e5_kl005_full/global_step_15/actor/model_world_size_8_rank_5.pt[32m [repeated 7x across cluster][0m
[36m(WorkerDict pid=156337)[0m INFO:2026-07-10 21:42:34,234:[Rank 0] Saved model config and tokenizer class to /workspace/verl-x/budget-rl-training-repro/outputs/rl_pct30e5_kl005_full/global_step_15/actor/huggingface
[36m(WorkerDict pid=156337)[0m INFO:2026-07-10 21:42:38,234:update_weights done, time cost: 3.39s
[36m(TaskRunner pid=145845)[0m Training Progress:  20%|██        | 15/75 [27:03<1:47:33, 107.56s/it]
[36m(WorkerDict pid=156342)[0m INFO:2026-07-10 21:42:34,073:[Rank 5] Saved optim to /workspace/verl-x/budget-rl-training-repro/outputs/rl_pct30e5_kl005_full/global_step_15/actor/optim_world_size_8_rank_5.pt[32m [repeated 7x across cluster][0m
[36m(WorkerDict pid=156342)[0m INFO:2026-07-10 21:42:34,075:[Rank 5] Saved extra_state to /workspace/verl-x/budget-rl-training-repro/outputs/rl_pct30e5_kl005_full/global_step_15/actor/extra_state_world_size_8_rank_5.pt[32m [repeated 7x across cluster][0m
[36m(WorkerDict pid=156337)[0m INFO:2026-07-10 21:44:28,698:update_weights done, time cost: 3.26s
[36m(TaskRunner pid=145845)[0m Training Progress:  21%|██▏       | 16/75 [28:53<1:46:37, 108.43s/it]

[36m(TaskRunner pid=145845)[0m step:14 - global_seqlen/min:108094 - global_seqlen/max:380592 - global_seqlen/minmax_diff:272498 - global_seqlen/balanced_min:275633 - global_seqlen/balanced_max:275634 - global_seqlen/mean:275633.5 - actor/entropy:0.26919063925743103 - perf/mfu/actor_infer:0.35894062387636566 - actor/pg_clipfrac:0.0 - actor/ppo_kl:0.0 - actor/pg_clipfrac_lower:0.0 - actor/pg_loss:0.001087137294234708 - actor/kl_loss:0.004844282411144717 - actor/kl_coef:0.05000000000000001 - actor/loss:0.0013293512165546417 - actor/grad_norm:1.323606014251709 - actor/lr:5e-07 - perf/mfu/actor:0.2728267626434381 - training/global_step:14 - training/epoch:0 - critic/score/mean:0.1565696895122528 - critic/score/max:0.9264108538627625 - critic/score/min:0.0 - critic/rewards/mean:0.1565696895122528 - critic/rewards/max:0.9264108538627625 - critic/rewards/min:0.0 - critic/advantages/mean:-0.0010871394770219922 - critic/advantages/max:3.749979257583618 - critic/advantages/min:-3.749925374984741 - critic/returns/mean:-0.0010871394770219922 - critic/returns/max:3.749979257583618 - critic/returns/min:-3.749925374984741 - response_length/mean:11.54296875 - response_length/max:17.0 - response_length/min:8.0 - response_length/clip_ratio:0.0 - response_length_non_aborted/mean:11.54296875 - response_length_non_aborted/max:17.0 - response_length_non_aborted/min:8.0 - response_length_non_aborted/clip_ratio:0.0 - response/aborted_ratio:0.0 - prompt_length/mean:2141.84375 - prompt_length/max:6786.0 - prompt_length/min:556.0 - prompt_length/clip_ratio:0.0 - num_turns/min:2 - num_turns/max:2 - num_turns/mean:2.0 - timing_s/start_profile:2.995100021507824e-05 - timing_s/agent_loop/num_preempted/min:-1 - timing_s/agent_loop/num_preempted/max:-1 - timing_s/agent_loop/num_preempted/mean:-1.0 - timing_s/agent_loop/generate_sequences/min:0.7681640589999006 - timing_s/agent_loop/generate_sequences/max:2.326510734999829 - timing_s/agent_loop/generate_sequences/mean:1.4724039256660024 - timing_s/agent_loop/tool_calls/min:0.0 - timing_s/agent_loop/tool_calls/max:0.0 - timing_s/agent_loop/tool_calls/mean:0.0 - timing_s/agent_loop/compute_score/min:0.0035266280001451378 - timing_s/agent_loop/compute_score/max:0.8512421790001099 - timing_s/agent_loop/compute_score/mean:0.24597231471485337 - timing_s/agent_loop/slowest/generate_sequences:2.0428198939998765 - timing_s/agent_loop/slowest/tool_calls:0.0 - timing_s/agent_loop/slowest/compute_score:0.30863736199989944 - timing_s/agent_loop/slowest/num_preempted:-1 - timing_s/agent_loop/slowest/prompt_length:1415 - timing_s/agent_loop/slowest/response_length:15 - timing_s/gen:3.6326406790003603 - timing_s/reward:3.2482000278832857e-05 - timing_s/old_log_prob:13.66646112699982 - timing_s/ref:25.63314128299953 - timing_s/adv:0.014692155999910028 - timing_s/update_actor:50.59496060699985 - timing_s/update_weights:4.87027760699948 - timing_s/step:98.5299337990009 - timing_s/stop_profile:5.1683000492630526e-05 - timing_per_token_ms/ref:0.011624648892006746 - timing_per_token_ms/gen:0.3073300066836176 - timing_per_token_ms/adv:6.662903819705346e-06 - timing_per_token_ms/update_actor:0.022944852769619734 - perf/total_num_tokens:2205068 - perf/time_per_step:98.5299337990009 - perf/throughput:2797.4595066945526
[36m(TaskRunner pid=145845)[0m local_global_step_folder: /workspace/verl-x/budget-rl-training-repro/outputs/rl_pct30e5_kl005_full/global_step_15
[36m(TaskRunner pid=145845)[0m step:15 - global_seqlen/min:222907 - global_seqlen/max:419206 - global_seqlen/minmax_diff:196299 - global_seqlen/balanced_min:319053 - global_seqlen/balanced_max:319055 - global_seqlen/mean:319054.125 - actor/entropy:0.25812429189682007 - perf/mfu/actor_infer:0.37498355147698703 - actor/pg_clipfrac:0.0 - actor/ppo_kl:0.0 - actor/pg_clipfrac_lower:0.0 - actor/pg_loss:0.029885494892369024 - actor/kl_loss:0.005354226534412735 - actor/kl_coef:0.05000000000000001 - actor/loss:0.03015320748090744 - actor/grad_norm:1.6039973497390747 - actor/lr:5e-07 - perf/mfu/actor:0.2854678414134403 - training/global_step:15 - training/epoch:0 - critic/score/mean:0.15795202553272247 - critic/score/max:0.9613636136054993 - critic/score/min:0.0 - critic/rewards/mean:0.15795202553272247 - critic/rewards/max:0.9613636136054993 - critic/rewards/min:0.0 - critic/advantages/mean:-0.02988549694418907 - critic/advantages/max:3.74998140335083 - critic/advantages/min:-3.749925374984741 - critic/returns/mean:-0.02988549694418907 - critic/returns/max:3.74998140335083 - critic/returns/min:-3.749925374984741 - response_length/mean:11.4384765625 - response_length/max:17.0 - response_length/min:9.0 - response_length/clip_ratio:0.0 - response_length_non_aborted/mean:11.4384765625 - response_length_non_aborted/max:17.0 - response_length_non_aborted/min:9.0 - response_length_non_aborted/clip_ratio:0.0 - response/aborted_ratio:0.0 - prompt_length/mean:2481.171875 - prompt_length/max:8102.0 - prompt_length/min:556.0 - prompt_length/clip_ratio:0.0 - num_turns/min:2 - num_turns/max:2 - num_turns/mean:2.0 - timing_s/start_profile:3.696200019476237e-05 - timing_s/agent_loop/num_preempted/min:-1 - timing_s/agent_loop/num_preempted/max:-1 - timing_s/agent_loop/num_preempted/mean:-1.0 - timing_s/agent_loop/generate_sequences/min:0.7628178899994964 - timing_s/agent_loop/generate_sequences/max:2.399342465999325 - timing_s/agent_loop/generate_sequences/mean:1.6785387973945385 - timing_s/agent_loop/tool_calls/min:0.0 - timing_s/agent_loop/tool_calls/max:0.0 - timing_s/agent_loop/tool_calls/mean:0.0 - timing_s/agent_loop/compute_score/min:0.003389032000086445 - timing_s/agent_loop/compute_score/max:0.8450267690004694 - timing_s/agent_loop/compute_score/mean:0.21334282273632788 - timing_s/agent_loop/slowest/generate_sequences:2.254339935999269 - timing_s/agent_loop/slowest/tool_calls:0.0 - timing_s/agent_loop/slowest/compute_score:0.19516694199955964 - timing_s/agent_loop/slowest/num_preempted:-1 - timing_s/agent_loop/slowest/prompt_length:565 - timing_s/agent_loop/slowest/response_length:15 - timing_s/gen:3.7236023229997954 - timing_s/reward:3.280200053268345e-05 - timing_s/old_log_prob:15.656580002999362 - timing_s/ref:26.015714445999947 - timing_s/adv:0.015007093999884091 - timing_s/update_actor:56.66375978900032 - timing_s/save_checkpoint:13.312781478000034 - timing_s/update_weights:4.836962740999297 - timing_s/step:120.34220524000011 - timing_s/stop_profile:3.750199994101422e-05 - timing_per_token_ms/ref:0.010192516099736976 - timing_per_token_ms/gen:0.3179033828224874 - timing_per_token_ms/adv:5.879525143219858e-06 - timing_per_token_ms/update_actor:0.022199900952934053 - perf/total_num_tokens:2552433 - perf/time_per_step:120.34220524000011 - perf/throughput:2651.2238525437187
[36m(TaskRunner pid=145845)[0m step:16 - global_seqlen/min:164050 - global_seqlen/max:449630 - global_seqlen/minmax_diff:285580 - global_seqlen/balanced_min:321853 - global_seqlen/balanced_max:321854 - global_seqlen/mean:321853.625 - actor/entropy:0.2577972710132599 - perf/mfu/actor_infer:0.37438867305381196 - actor/pg_clipfrac:0.0 - actor/ppo_kl:0.0 - actor/pg_clipfrac_lower:0.0 - actor/pg_loss:0.008351180207682773 - actor/kl_loss:0.005676674313009097 - actor/kl_coef:0.05000000000000001 - actor/loss:0.008635010570287704 - actor/grad_norm:0.7983812689781189 - actor/lr:5e-07 - perf/mfu/actor:0.2839092145515964 - training/global_step:16 - training/epoch:1 - critic/score/mean:0.1486985832452774 - critic/score/max:0.9687707424163818 - critic/score/min:0.0 - critic/rewards/mean:0.1486985832452774 - critic/rewards/max:0.9687707424163818 - critic/rewards/min:0.0 - critic/advantages/mean:-0.008351181633770466 - critic/advantages/max:3.7499840259552 - critic/advantages/min:-1.2499874830245972 - critic/returns/mean:-0.008351181633770466 - critic/returns/max:3.7499840259552 - critic/returns/min:-1.2499874830245972 - response_length/mean:11.4345703125 - response_length/max:17.0 - response_length/min:9.0 - response_length/clip_ratio:0.0 - response_length_non_aborted/mean:11.4345703125 - response_length_non_aborted/max:17.0 - response_length_non_aborted/min:9.0 - response_length_non_aborted/clip_ratio:0.0 - response/aborted_ratio:0.0 - prompt_length/mean:2503.046875 - prompt_length/max:8102.0 - prompt_length/min:556.0 - prompt_length/clip_ratio:0.0 - num_turns/min:2 - num_turns/max:2 - num_turns/mean:2.0 - timing_s/start_profile:0.0003361179997227737 - timing_s/agent_loop/num_preempted/min:-1 - timing_s/agent_loop/num_preempted/max:-1 - timing_s/agent_loop/num_preempted/mean:-1.0 - timing_s/agent_loop/generate_sequences/min:0.8384318899998107 - timing_s/agent_loop/generate_sequences/max:2.486722252000618 - timing_s/agent_loop/generate_sequences/mean:1.6606613471288991 - timing_s/agent_loop/tool_calls/min:0.0 - timing_s/agent_loop/tool_calls/max:0.0 - timing_s/agent_loop/tool_calls/mean:0.0 - timing_s/agent_loop/compute_score/min:0.003697598000144353 - timing_s/agent_loop/compute_score/max:0.9624788080000144 - timing_s/agent_loop/compute_score/mean:0.24201742524024095 - timing_s/agent_loop/slowest/generate_sequences:2.243843864000155 - timing_s/agent_loop/slowest/tool_calls:0.0 - timing_s/agent_loop/slowest/compute_score:0.2733843470005013 - timing_s/agent_loop/slowest/num_preempted:-1 - timing_s/agent_loop/slowest/prompt_length:565 - timing_s/agent_loop/slowest/response_length:15 - timing_s/gen:4.242604562999986 - timing_s/reward:4.2782000491570216e-05 - timing_s/old_log_prob:15.854328227999758 - timing_s/ref:26.68588946300042 - timing_s/adv:0.019684231000610453 - timing_s/update_actor:57.54325790600069 - timing_s/update_weights:5.0923396830003185 - timing_s/step:109.78209101499942 - timing_s/stop_profile:5.6162999499065336e-05 - timing_per_token_ms/ref:0.010364140478066863 - timing_per_token_ms/gen:0.3623370538047644 - timing_per_token_ms/adv:7.64486923232978e-06 - timing_per_token_ms/update_actor:0.022348380380211925 - perf/total_num_tokens:2574829 - perf/time_per_step:109.78209101499942 - perf/throughput:2931.749814785596[36m(WorkerDict pid=156337)[0m INFO:2026-07-10 21:46:19,046:update_weights done, time cost: 3.54s
[36m(TaskRunner pid=145845)[0m Training Progress:  23%|██▎       | 17/75 [30:44<1:45:20, 108.98s/it]
[36m(WorkerDict pid=156337)[0m INFO:2026-07-10 21:48:03,852:update_weights done, time cost: 3.37s
[36m(TaskRunner pid=145845)[0m Training Progress:  24%|██▍       | 18/75 [32:29<1:42:22, 107.76s/it]
[36m(WorkerDict pid=156337)[0m INFO:2026-07-10 21:49:44,923:update_weights done, time cost: 3.29s
[36m(TaskRunner pid=145845)[0m Training Progress:  25%|██▌       | 19/75 [34:10<1:38:40, 105.73s/it]

[36m(TaskRunner pid=145845)[0m step:17 - global_seqlen/min:152956 - global_seqlen/max:566272 - global_seqlen/minmax_diff:413316 - global_seqlen/balanced_min:335192 - global_seqlen/balanced_max:335193 - global_seqlen/mean:335192.125 - actor/entropy:0.23620684444904327 - perf/mfu/actor_infer:0.37881293530711413 - actor/pg_clipfrac:0.0 - actor/ppo_kl:0.0 - actor/pg_clipfrac_lower:0.0 - actor/pg_loss:0.010450932633830234 - actor/kl_loss:0.005664688708048038 - actor/kl_coef:0.05000000000000001 - actor/loss:0.010734166949987411 - actor/grad_norm:1.016376256942749 - actor/lr:5e-07 - perf/mfu/actor:0.28917277265063807 - training/global_step:17 - training/epoch:1 - critic/score/mean:0.15960022807121277 - critic/score/max:0.9641921520233154 - critic/score/min:0.0 - critic/rewards/mean:0.15960022807121277 - critic/rewards/max:0.9641921520233154 - critic/rewards/min:0.0 - critic/advantages/mean:-0.01045093685388565 - critic/advantages/max:3.7499823570251465 - critic/advantages/min:-1.677032232284546 - critic/returns/mean:-0.01045093685388565 - critic/returns/max:3.7499823570251465 - critic/returns/min:-1.677032232284546 - response_length/mean:11.2197265625 - response_length/max:17.0 - response_length/min:9.0 - response_length/clip_ratio:0.0 - response_length_non_aborted/mean:11.2197265625 - response_length_non_aborted/max:17.0 - response_length_non_aborted/min:9.0 - response_length_non_aborted/clip_ratio:0.0 - response/aborted_ratio:0.0 - prompt_length/mean:2607.46875 - prompt_length/max:7606.0 - prompt_length/min:557.0 - prompt_length/clip_ratio:0.0 - num_turns/min:2 - num_turns/max:2 - num_turns/mean:2.0 - timing_s/start_profile:3.902200023730984e-05 - timing_s/agent_loop/num_preempted/min:-1 - timing_s/agent_loop/num_preempted/max:-1 - timing_s/agent_loop/num_preempted/mean:-1.0 - timing_s/agent_loop/generate_sequences/min:0.747531101000277 - timing_s/agent_loop/generate_sequences/max:2.4624509270006456 - timing_s/agent_loop/generate_sequences/mean:1.6703297701699258 - timing_s/agent_loop/tool_calls/min:0.0 - timing_s/agent_loop/tool_calls/max:0.0 - timing_s/agent_loop/tool_calls/mean:0.0 - timing_s/agent_loop/compute_score/min:0.003783352000027662 - timing_s/agent_loop/compute_score/max:0.6954968820000431 - timing_s/agent_loop/compute_score/mean:0.16774684783693594 - timing_s/agent_loop/slowest/generate_sequences:2.386645728000076 - timing_s/agent_loop/slowest/tool_calls:0.0 - timing_s/agent_loop/slowest/compute_score:0.1400013789998411 - timing_s/agent_loop/slowest/num_preempted:-1 - timing_s/agent_loop/slowest/prompt_length:1416 - timing_s/agent_loop/slowest/response_length:15 - timing_s/gen:3.825167238999711 - timing_s/reward:2.5391999770363327e-05 - timing_s/old_log_prob:15.92175532500005 - timing_s/ref:26.661811156999647 - timing_s/adv:0.015853505999984918 - timing_s/update_actor:58.36074735599959 - timing_s/update_weights:5.315440708999631 - timing_s/step:110.22565513500012 - timing_s/stop_profile:3.643199943326181e-05 - timing_per_token_ms/ref:0.009942734766292484 - timing_per_token_ms/gen:0.3329417041517722 - timing_per_token_ms/adv:5.912096681860037e-06 - timing_per_token_ms/update_actor:0.021763916498634774 - perf/total_num_tokens:2681537 - perf/time_per_step:110.22565513500012 - perf/throughput:3040.96287374722
[36m(TaskRunner pid=145845)[0m step:18 - global_seqlen/min:166701 - global_seqlen/max:553918 - global_seqlen/minmax_diff:387217 - global_seqlen/balanced_min:302374 - global_seqlen/balanced_max:302375 - global_seqlen/mean:302374.75 - actor/entropy:0.2747974693775177 - perf/mfu/actor_infer:0.368041381302944 - actor/pg_clipfrac:0.0 - actor/ppo_kl:0.0 - actor/pg_clipfrac_lower:0.0 - actor/pg_loss:-0.002613984139316017 - actor/kl_loss:0.007895299905207194 - actor/kl_coef:0.05000000000000001 - actor/loss:-0.0022192224860191345 - actor/grad_norm:1.4037431478500366 - actor/lr:5e-07 - perf/mfu/actor:0.27964406398239505 - training/global_step:18 - training/epoch:1 - critic/score/mean:0.1633850634098053 - critic/score/max:0.9731707572937012 - critic/score/min:0.0 - critic/rewards/mean:0.1633850634098053 - critic/rewards/max:0.9731707572937012 - critic/rewards/min:0.0 - critic/advantages/mean:0.0026139833498746157 - critic/advantages/max:3.7499828338623047 - critic/advantages/min:-1.0190777778625488 - critic/returns/mean:0.0026139833498746157 - critic/returns/max:3.7499828338623047 - critic/returns/min:-1.0190777778625488 - response_length/mean:11.568359375 - response_length/max:17.0 - response_length/min:9.0 - response_length/clip_ratio:0.0 - response_length_non_aborted/mean:11.568359375 - response_length_non_aborted/max:17.0 - response_length_non_aborted/min:9.0 - response_length_non_aborted/clip_ratio:0.0 - response/aborted_ratio:0.0 - prompt_length/mean:2350.734375 - prompt_length/max:7258.0 - prompt_length/min:556.0 - prompt_length/clip_ratio:0.0 - num_turns/min:2 - num_turns/max:2 - num_turns/mean:2.0 - timing_s/start_profile:3.558200023690006e-05 - timing_s/agent_loop/num_preempted/min:-1 - timing_s/agent_loop/num_preempted/max:-1 - timing_s/agent_loop/num_preempted/mean:-1.0 - timing_s/agent_loop/generate_sequences/min:0.7504564920000121 - timing_s/agent_loop/generate_sequences/max:2.2659145810002883 - timing_s/agent_loop/generate_sequences/mean:1.6458492105156397 - timing_s/agent_loop/tool_calls/min:0.0 - timing_s/agent_loop/tool_calls/max:0.0 - timing_s/agent_loop/tool_calls/mean:0.0 - timing_s/agent_loop/compute_score/min:0.0036069130001123995 - timing_s/agent_loop/compute_score/max:0.6206350189995646 - timing_s/agent_loop/compute_score/mean:0.17546844005566875 - timing_s/agent_loop/slowest/generate_sequences:1.8369070709995867 - timing_s/agent_loop/slowest/tool_calls:0.0 - timing_s/agent_loop/slowest/compute_score:0.47138799900039885 - timing_s/agent_loop/slowest/num_preempted:-1 - timing_s/agent_loop/slowest/prompt_length:702 - timing_s/agent_loop/slowest/response_length:15 - timing_s/gen:3.626456197999687 - timing_s/reward:2.7730999136110768e-05 - timing_s/old_log_prob:15.184714832000282 - timing_s/ref:25.871000009000454 - timing_s/adv:0.015192600000773382 - timing_s/update_actor:54.85847028799981 - timing_s/update_weights:5.2477981609999915 - timing_s/step:104.9209511250001 - timing_s/stop_profile:3.72220001736423e-05 - timing_per_token_ms/ref:0.010694924100392168 - timing_per_token_ms/gen:0.30613339507003945 - timing_per_token_ms/adv:6.280534337264182e-06 - timing_per_token_ms/update_actor:0.022678179265960455 - perf/total_num_tokens:2418998 - perf/time_per_step:104.9209511250001 - perf/throughput:2881.929173895484
[36m(TaskRunner pid=145845)[0m step:19 - global_seqlen/min:102251 - global_seqlen/max:411699 - global_seqlen/minmax_diff:309448 - global_seqlen/balanced_min:283160 - global_seqlen/balanced_max:283161 - global_seqlen/mean:283160.25 - actor/entropy:0.2663670778274536 - perf/mfu/actor_infer:0.3604023363334427 - actor/pg_clipfrac:0.0 - actor/ppo_kl:0.0 - actor/pg_clipfrac_lower:0.0 - actor/pg_loss:-0.013213278340694856 - actor/kl_loss:0.010163494123415759 - actor/kl_coef:0.05000000000000001 - actor/loss:-0.012705106288194656 - actor/grad_norm:1.676938772201538 - actor/lr:5e-07 - perf/mfu/actor:0.27359876013565126 - training/global_step:19 - training/epoch:1 - critic/score/mean:0.1622464507818222 - critic/score/max:0.9658536314964294 - critic/score/min:0.0 - critic/rewards/mean:0.1622464507818222 - critic/rewards/max:0.9658536314964294 - critic/rewards/min:0.0 - critic/advantages/mean:0.013213278725743294 - critic/advantages/max:3.7499842643737793 - critic/advantages/min:-3.749925374984741 - critic/returns/mean:0.013213278725743294 - critic/returns/max:3.7499842643737793 - critic/returns/min:-3.749925374984741 - response_length/mean:11.564453125 - response_length/max:17.0 - response_length/min:9.0 - response_length/clip_ratio:0.0 - response_length_non_aborted/mean:11.564453125 - response_length_non_aborted/max:17.0 - response_length_non_aborted/min:9.0 - response_length_non_aborted/clip_ratio:0.0 - response/aborted_ratio:0.0 - prompt_length/mean:2200.625 - prompt_length/max:7960.0 - prompt_length/min:559.0 - prompt_length/clip_ratio:0.0 - num_turns/min:2 - num_turns/max:2 - num_turns/mean:2.0 - timing_s/start_profile:3.367199951753719e-05 - timing_s/agent_loop/num_preempted/min:-1 - timing_s/agent_loop/num_preempted/max:-1 - timing_s/agent_loop/num_preempted/mean:-1.0 - timing_s/agent_loop/generate_sequences/min:0.7394039609998799 - timing_s/agent_loop/generate_sequences/max:2.2354712010001094 - timing_s/agent_loop/generate_sequences/mean:1.5650684707441451 - timing_s/agent_loop/tool_calls/min:0.0 - timing_s/agent_loop/tool_calls/max:0.0 - timing_s/agent_loop/tool_calls/mean:0.0 - timing_s/agent_loop/compute_score/min:0.003757649999897694 - timing_s/agent_loop/compute_score/max:0.7344522280000092 - timing_s/agent_loop/compute_score/mean:0.19628364161523137 - timing_s/agent_loop/slowest/generate_sequences:1.594724597000095 - timing_s/agent_loop/slowest/tool_calls:0.0 - timing_s/agent_loop/slowest/compute_score:0.6914928770002007 - timing_s/agent_loop/slowest/num_preempted:-1 - timing_s/agent_loop/slowest/prompt_length:7960 - timing_s/agent_loop/slowest/response_length:9 - timing_s/gen:3.649552257000323 - timing_s/reward:2.948200017272029e-05 - timing_s/old_log_prob:14.140051538999614 - timing_s/ref:25.857430295000086 - timing_s/adv:0.014756597000086913 - timing_s/update_actor:52.044376629 - timing_s/update_weights:5.162764390999655 - timing_s/step:100.98573406000014 - timing_s/stop_profile:3.7542000427492894e-05 - timing_per_token_ms/ref:0.011414662852130589 - timing_per_token_ms/gen:0.308187152254714 - timing_per_token_ms/adv:6.514242818371802e-06 - timing_per_token_ms/update_actor:0.022974789288485935 - perf/total_num_tokens:2265282 - perf/time_per_step:100.98573406000014 - perf/throughput:2803.962882834142[36m(WorkerDict pid=156337)[0m INFO:2026-07-10 21:51:33,180:update_weights done, time cost: 3.49s
[36m(TaskRunner pid=145845)[0m Training Progress:  27%|██▋       | 20/75 [35:58<1:37:37, 106.50s/it]
[36m(WorkerDict pid=156337)[0m INFO:2026-07-10 21:53:18,632:update_weights done, time cost: 3.25s
[36m(TaskRunner pid=145845)[0m Training Progress:  28%|██▊       | 21/75 [37:43<1:35:33, 106.17s/it]
[36m(WorkerDict pid=156337)[0m INFO:2026-07-10 21:55:03,919:update_weights done, time cost: 3.25s
[36m(TaskRunner pid=145845)[0m Training Progress:  29%|██▉       | 22/75 [39:29<1:33:33, 105.92s/it]

[36m(TaskRunner pid=145845)[0m step:20 - global_seqlen/min:178720 - global_seqlen/max:469576 - global_seqlen/minmax_diff:290856 - global_seqlen/balanced_min:321193 - global_seqlen/balanced_max:321194 - global_seqlen/mean:321193.875 - actor/entropy:0.22064624726772308 - perf/mfu/actor_infer:0.37426463407497484 - actor/pg_clipfrac:0.0 - actor/ppo_kl:0.0 - actor/pg_clipfrac_lower:0.0 - actor/pg_loss:-0.002966164228382695 - actor/kl_loss:0.007282792597818199 - actor/kl_coef:0.05000000000000001 - actor/loss:-0.002602025866508484 - actor/grad_norm:1.0605465173721313 - actor/lr:5e-07 - perf/mfu/actor:0.2853860812725851 - training/global_step:20 - training/epoch:1 - critic/score/mean:0.17411941289901733 - critic/score/max:0.9682105183601379 - critic/score/min:0.0 - critic/rewards/mean:0.17411941289901733 - critic/rewards/max:0.9682105183601379 - critic/rewards/min:0.0 - critic/advantages/mean:0.002966164378449321 - critic/advantages/max:3.7499845027923584 - critic/advantages/min:-1.677032232284546 - critic/returns/mean:0.002966164378449321 - critic/returns/max:3.7499845027923584 - critic/returns/min:-1.677032232284546 - response_length/mean:11.1083984375 - response_length/max:17.0 - response_length/min:9.0 - response_length/clip_ratio:0.0 - response_length_non_aborted/mean:11.1083984375 - response_length_non_aborted/max:17.0 - response_length_non_aborted/min:9.0 - response_length_non_aborted/clip_ratio:0.0 - response/aborted_ratio:0.0 - prompt_length/mean:2498.21875 - prompt_length/max:8156.0 - prompt_length/min:556.0 - prompt_length/clip_ratio:0.0 - num_turns/min:2 - num_turns/max:2 - num_turns/mean:2.0 - timing_s/start_profile:2.9951999749755487e-05 - timing_s/agent_loop/num_preempted/min:-1 - timing_s/agent_loop/num_preempted/max:-1 - timing_s/agent_loop/num_preempted/mean:-1.0 - timing_s/agent_loop/generate_sequences/min:0.7334051460002229 - timing_s/agent_loop/generate_sequences/max:2.3552108100002442 - timing_s/agent_loop/generate_sequences/mean:1.6814770433603412 - timing_s/agent_loop/tool_calls/min:0.0 - timing_s/agent_loop/tool_calls/max:0.0 - timing_s/agent_loop/tool_calls/mean:0.0 - timing_s/agent_loop/compute_score/min:0.0034351819995208643 - timing_s/agent_loop/compute_score/max:0.5831750380002632 - timing_s/agent_loop/compute_score/mean:0.1414095669775417 - timing_s/agent_loop/slowest/generate_sequences:2.082249377000153 - timing_s/agent_loop/slowest/tool_calls:0.0 - timing_s/agent_loop/slowest/compute_score:0.30149852099930285 - timing_s/agent_loop/slowest/num_preempted:-1 - timing_s/agent_loop/slowest/prompt_length:1247 - timing_s/agent_loop/slowest/response_length:15 - timing_s/gen:3.7098213859999305 - timing_s/reward:2.6822000108950306e-05 - timing_s/old_log_prob:15.73904253099954 - timing_s/ref:26.231459162000647 - timing_s/adv:0.015084238999406807 - timing_s/update_actor:57.05713249600012 - timing_s/update_weights:5.3686711559994365 - timing_s/step:108.27035251600046 - timing_s/stop_profile:3.767199996218551e-05 - timing_per_token_ms/ref:0.010208576970062336 - timing_per_token_ms/gen:0.3261381438241697 - timing_per_token_ms/adv:5.870379299498942e-06 - timing_per_token_ms/update_actor:0.022205098282151288 - perf/total_num_tokens:2569551 - perf/time_per_step:108.27035251600046 - perf/throughput:2966.591200047429
[36m(TaskRunner pid=145845)[0m step:21 - global_seqlen/min:124962 - global_seqlen/max:434585 - global_seqlen/minmax_diff:309623 - global_seqlen/balanced_min:313519 - global_seqlen/balanced_max:313520 - global_seqlen/mean:313519.25 - actor/entropy:0.23250886797904968 - perf/mfu/actor_infer:0.3768389720348637 - actor/pg_clipfrac:0.0 - actor/ppo_kl:0.0 - actor/pg_clipfrac_lower:0.0 - actor/pg_loss:-0.007148557751634144 - actor/kl_loss:0.01135063686606183 - actor/kl_coef:0.05000000000000001 - actor/loss:-0.006581022869795561 - actor/grad_norm:1.4885133504867554 - actor/lr:5e-07 - perf/mfu/actor:0.284526795709794 - training/global_step:21 - training/epoch:1 - critic/score/mean:0.17952615022659302 - critic/score/max:0.9729729890823364 - critic/score/min:0.0 - critic/rewards/mean:0.17952615022659302 - critic/rewards/max:0.9729729890823364 - critic/rewards/min:0.0 - critic/advantages/mean:0.007148559670895338 - critic/advantages/max:3.7499842643737793 - critic/advantages/min:-1.097876787185669 - critic/returns/mean:0.007148559670895338 - critic/returns/max:3.7499842643737793 - critic/returns/min:-1.097876787185669 - response_length/mean:11.228515625 - response_length/max:17.0 - response_length/min:9.0 - response_length/clip_ratio:0.0 - response_length_non_aborted/mean:11.228515625 - response_length_non_aborted/max:17.0 - response_length_non_aborted/min:9.0 - response_length_non_aborted/clip_ratio:0.0 - response/aborted_ratio:0.0 - prompt_length/mean:2438.140625 - prompt_length/max:7271.0 - prompt_length/min:557.0 - prompt_length/clip_ratio:0.0 - num_turns/min:2 - num_turns/max:2 - num_turns/mean:2.0 - timing_s/start_profile:5.974299983790843e-05 - timing_s/agent_loop/num_preempted/min:-1 - timing_s/agent_loop/num_preempted/max:-1 - timing_s/agent_loop/num_preempted/mean:-1.0 - timing_s/agent_loop/generate_sequences/min:0.7439337619998696 - timing_s/agent_loop/generate_sequences/max:2.3982705119997263 - timing_s/agent_loop/generate_sequences/mean:1.6239202538808621 - timing_s/agent_loop/tool_calls/min:0.0 - timing_s/agent_loop/tool_calls/max:0.0 - timing_s/agent_loop/tool_calls/mean:0.0 - timing_s/agent_loop/compute_score/min:0.0034367530006420566 - timing_s/agent_loop/compute_score/max:0.709083288000329 - timing_s/agent_loop/compute_score/mean:0.15693041772753524 - timing_s/agent_loop/slowest/generate_sequences:1.7339733870003329 - timing_s/agent_loop/slowest/tool_calls:0.0 - timing_s/agent_loop/slowest/compute_score:0.7006026359995303 - timing_s/agent_loop/slowest/num_preempted:-1 - timing_s/agent_loop/slowest/prompt_length:6575 - timing_s/agent_loop/slowest/response_length:9 - timing_s/gen:3.8273107549994165 - timing_s/reward:2.3610999960510526e-05 - timing_s/old_log_prob:14.985061694000251 - timing_s/ref:26.012138080000113 - timing_s/adv:0.014742234000550525 - timing_s/update_actor:55.351121098000476 - timing_s/update_weights:5.064063896999869 - timing_s/step:105.37244388999989 - timing_s/stop_profile:3.86219999199966e-05 - timing_per_token_ms/ref:0.010371029083541167 - timing_per_token_ms/gen:0.3328675208731446 - timing_per_token_ms/adv:5.8777228194722195e-06 - timing_per_token_ms/update_actor:0.022068469917716566 - perf/total_num_tokens:2508154 - perf/time_per_step:105.37244388999989 - perf/throughput:2975.343822596429
[36m(TaskRunner pid=145845)[0m step:22 - global_seqlen/min:162527 - global_seqlen/max:504903 - global_seqlen/minmax_diff:342376 - global_seqlen/balanced_min:309081 - global_seqlen/balanced_max:309082 - global_seqlen/mean:309081.75 - actor/entropy:0.22581881284713745 - perf/mfu/actor_infer:0.3722913012236924 - actor/pg_clipfrac:0.0 - actor/ppo_kl:0.0 - actor/pg_clipfrac_lower:0.0 - actor/pg_loss:0.006702125450452456 - actor/kl_loss:0.011069152614729308 - actor/kl_coef:0.05000000000000001 - actor/loss:0.007255579810589552 - actor/grad_norm:1.3588694334030151 - actor/lr:5e-07 - perf/mfu/actor:0.2823854053702598 - training/global_step:22 - training/epoch:1 - critic/score/mean:0.1728304773569107 - critic/score/max:0.9599999785423279 - critic/score/min:0.0 - critic/rewards/mean:0.1728304773569107 - critic/rewards/max:0.9599999785423279 - critic/rewards/min:0.0 - critic/advantages/mean:-0.006702123675495386 - critic/advantages/max:3.749983310699463 - critic/advantages/min:-3.749925374984741 - critic/returns/mean:-0.006702123675495386 - critic/returns/max:3.749983310699463 - critic/returns/min:-3.749925374984741 - response_length/mean:11.169921875 - response_length/max:20.0 - response_length/min:9.0 - response_length/clip_ratio:0.0 - response_length_non_aborted/mean:11.169921875 - response_length_non_aborted/max:20.0 - response_length_non_aborted/min:9.0 - response_length_non_aborted/clip_ratio:0.0 - response/aborted_ratio:0.0 - prompt_length/mean:2403.53125 - prompt_length/max:7012.0 - prompt_length/min:557.0 - prompt_length/clip_ratio:0.0 - num_turns/min:2 - num_turns/max:2 - num_turns/mean:2.0 - timing_s/start_profile:4.279199947632151e-05 - timing_s/agent_loop/num_preempted/min:-1 - timing_s/agent_loop/num_preempted/max:-1 - timing_s/agent_loop/num_preempted/mean:-1.0 - timing_s/agent_loop/generate_sequences/min:0.7814059199999974 - timing_s/agent_loop/generate_sequences/max:2.331260449000183 - timing_s/agent_loop/generate_sequences/mean:1.6405974239550662 - timing_s/agent_loop/tool_calls/min:0.0 - timing_s/agent_loop/tool_calls/max:0.0 - timing_s/agent_loop/tool_calls/mean:0.0 - timing_s/agent_loop/compute_score/min:0.003534567999849969 - timing_s/agent_loop/compute_score/max:0.7589107229996443 - timing_s/agent_loop/compute_score/mean:0.20653078161327443 - timing_s/agent_loop/slowest/generate_sequences:2.085931915000401 - timing_s/agent_loop/slowest/tool_calls:0.0 - timing_s/agent_loop/slowest/compute_score:0.28815994300020975 - timing_s/agent_loop/slowest/num_preempted:-1 - timing_s/agent_loop/slowest/prompt_length:560 - timing_s/agent_loop/slowest/response_length:14 - timing_s/gen:3.6631117599999925 - timing_s/reward:2.796199987642467e-05 - timing_s/old_log_prob:15.300724836999507 - timing_s/ref:25.879006797999864 - timing_s/adv:0.014612195000154315 - timing_s/update_actor:55.231346458999724 - timing_s/update_weights:5.085526451000078 - timing_s/step:105.29083299999911 - timing_s/stop_profile:5.9142999816685915e-05 - timing_per_token_ms/ref:0.010466084942737586 - timing_per_token_ms/gen:0.3202580660954706 - timing_per_token_ms/adv:5.909518679182091e-06 - timing_per_token_ms/update_actor:0.02233686818252765 - perf/total_num_tokens:2472654 - perf/time_per_step:105.29083299999911 - perf/throughput:2935.5048411479715[36m(WorkerDict pid=156337)[0m INFO:2026-07-10 21:56:44,071:update_weights done, time cost: 3.15s
[36m(TaskRunner pid=145845)[0m Training Progress:  31%|███       | 23/75 [41:09<1:30:17, 104.18s/it]
[36m(WorkerDict pid=156337)[0m INFO:2026-07-10 21:58:31,656:update_weights done, time cost: 3.16s
[36m(TaskRunner pid=145845)[0m Training Progress:  32%|███▏      | 24/75 [42:56<1:29:24, 105.19s/it]
[36m(WorkerDict pid=156337)[0m INFO:2026-07-10 22:00:14,325:update_weights done, time cost: 3.35s
[36m(TaskRunner pid=145845)[0m Training Progress:  33%|███▎      | 25/75 [44:39<1:27:02, 104.45s/it]

[36m(TaskRunner pid=145845)[0m step:23 - global_seqlen/min:197593 - global_seqlen/max:354208 - global_seqlen/minmax_diff:156615 - global_seqlen/balanced_min:280465 - global_seqlen/balanced_max:280466 - global_seqlen/mean:280465.25 - actor/entropy:0.2217443883419037 - perf/mfu/actor_infer:0.3612826672449942 - actor/pg_clipfrac:0.0 - actor/ppo_kl:0.0 - actor/pg_clipfrac_lower:0.0 - actor/pg_loss:-0.0003956887485401239 - actor/kl_loss:0.010732123327127994 - actor/kl_coef:0.05000000000000001 - actor/loss:0.0001409212127327919 - actor/grad_norm:1.0175844430923462 - actor/lr:5e-07 - perf/mfu/actor:0.2740395495018277 - training/global_step:23 - training/epoch:1 - critic/score/mean:0.19419637322425842 - critic/score/max:0.9709543585777283 - critic/score/min:0.0 - critic/rewards/mean:0.19419637322425842 - critic/rewards/max:0.9709543585777283 - critic/rewards/min:0.0 - critic/advantages/mean:0.0003956847358494997 - critic/advantages/max:3.749983549118042 - critic/advantages/min:-3.749925374984741 - critic/returns/mean:0.0003956847358494997 - critic/returns/max:3.749983549118042 - critic/returns/min:-3.749925374984741 - response_length/mean:11.275390625 - response_length/max:17.0 - response_length/min:9.0 - response_length/clip_ratio:0.0 - response_length_non_aborted/mean:11.275390625 - response_length_non_aborted/max:17.0 - response_length_non_aborted/min:9.0 - response_length_non_aborted/clip_ratio:0.0 - response/aborted_ratio:0.0 - prompt_length/mean:2179.859375 - prompt_length/max:7085.0 - prompt_length/min:557.0 - prompt_length/clip_ratio:0.0 - num_turns/min:2 - num_turns/max:2 - num_turns/mean:2.0 - timing_s/start_profile:4.407300002640113e-05 - timing_s/agent_loop/num_preempted/min:-1 - timing_s/agent_loop/num_preempted/max:-1 - timing_s/agent_loop/num_preempted/mean:-1.0 - timing_s/agent_loop/generate_sequences/min:0.7429953069995463 - timing_s/agent_loop/generate_sequences/max:2.2813626699999077 - timing_s/agent_loop/generate_sequences/mean:1.5624724147138416 - timing_s/agent_loop/tool_calls/min:0.0 - timing_s/agent_loop/tool_calls/max:0.0 - timing_s/agent_loop/tool_calls/mean:0.0 - timing_s/agent_loop/compute_score/min:0.0033891799994307803 - timing_s/agent_loop/compute_score/max:0.7222640730005878 - timing_s/agent_loop/compute_score/mean:0.1713902722509948 - timing_s/agent_loop/slowest/generate_sequences:1.966275640999811 - timing_s/agent_loop/slowest/tool_calls:0.0 - timing_s/agent_loop/slowest/compute_score:0.3347050639995359 - timing_s/agent_loop/slowest/num_preempted:-1 - timing_s/agent_loop/slowest/prompt_length:672 - timing_s/agent_loop/slowest/response_length:15 - timing_s/gen:3.5108192540001255 - timing_s/reward:3.4422000680933706e-05 - timing_s/old_log_prob:14.387793697000234 - timing_s/ref:25.431380599000477 - timing_s/adv:0.01590783699975873 - timing_s/update_actor:51.667178627000794 - timing_s/update_weights:4.987665697000011 - timing_s/step:100.11742021200007 - timing_s/stop_profile:4.65220000478439e-05 - timing_per_token_ms/ref:0.011334461488099006 - timing_per_token_ms/gen:0.30407234141695183 - timing_per_token_ms/adv:7.089932264228246e-06 - timing_per_token_ms/update_actor:0.023027442181785797 - perf/total_num_tokens:2243722 - perf/time_per_step:100.11742021200007 - perf/throughput:2801.363133469788
[36m(TaskRunner pid=145845)[0m step:24 - global_seqlen/min:201286 - global_seqlen/max:392233 - global_seqlen/minmax_diff:190947 - global_seqlen/balanced_min:319634 - global_seqlen/balanced_max:319635 - global_seqlen/mean:319634.875 - actor/entropy:0.21519316732883453 - perf/mfu/actor_infer:0.37547403698859066 - actor/pg_clipfrac:0.0 - actor/ppo_kl:0.0 - actor/pg_clipfrac_lower:0.0 - actor/pg_loss:-0.019135205748170847 - actor/kl_loss:0.011611832879295625 - actor/kl_coef:0.05000000000000001 - actor/loss:-0.01855461485683918 - actor/grad_norm:1.883100986480713 - actor/lr:5e-07 - perf/mfu/actor:0.28589348363393474 - training/global_step:24 - training/epoch:1 - critic/score/mean:0.17387758195400238 - critic/score/max:0.9762712121009827 - critic/score/min:0.0 - critic/rewards/mean:0.17387758195400238 - critic/rewards/max:0.9762712121009827 - critic/rewards/min:0.0 - critic/advantages/mean:0.019135205075144768 - critic/advantages/max:3.7499842643737793 - critic/advantages/min:-1.0831023454666138 - critic/returns/mean:0.019135205075144768 - critic/returns/max:3.7499842643737793 - critic/returns/min:-1.0831023454666138 - response_length/mean:11.0849609375 - response_length/max:16.0 - response_length/min:9.0 - response_length/clip_ratio:0.0 - response_length_non_aborted/mean:11.0849609375 - response_length_non_aborted/max:16.0 - response_length_non_aborted/min:9.0 - response_length_non_aborted/clip_ratio:0.0 - response/aborted_ratio:0.0 - prompt_length/mean:2486.0625 - prompt_length/max:7096.0 - prompt_length/min:556.0 - prompt_length/clip_ratio:0.0 - num_turns/min:2 - num_turns/max:2 - num_turns/mean:2.0 - timing_s/start_profile:3.821199970843736e-05 - timing_s/agent_loop/num_preempted/min:-1 - timing_s/agent_loop/num_preempted/max:-1 - timing_s/agent_loop/num_preempted/mean:-1.0 - timing_s/agent_loop/generate_sequences/min:0.7732694010001069 - timing_s/agent_loop/generate_sequences/max:2.3453523549997044 - timing_s/agent_loop/generate_sequences/mean:1.6368887130927723 - timing_s/agent_loop/tool_calls/min:0.0 - timing_s/agent_loop/tool_calls/max:0.0 - timing_s/agent_loop/tool_calls/mean:0.0 - timing_s/agent_loop/compute_score/min:0.003436439999859431 - timing_s/agent_loop/compute_score/max:0.6798521810005695 - timing_s/agent_loop/compute_score/mean:0.161759466456056 - timing_s/agent_loop/slowest/generate_sequences:1.9561490989999584 - timing_s/agent_loop/slowest/tool_calls:0.0 - timing_s/agent_loop/slowest/compute_score:0.45492261900017184 - timing_s/agent_loop/slowest/num_preempted:-1 - timing_s/agent_loop/slowest/prompt_length:561 - timing_s/agent_loop/slowest/response_length:15 - timing_s/gen:3.7860470730001907 - timing_s/reward:3.171200023643905e-05 - timing_s/old_log_prob:15.311589943999934 - timing_s/ref:26.53473176100033 - timing_s/adv:0.014734873999259435 - timing_s/update_actor:56.39459094799986 - timing_s/update_weights:5.325050032000036 - timing_s/step:107.52532510699984 - timing_s/stop_profile:4.3961999836028554e-05 - timing_per_token_ms/ref:0.010376969878912748 - timing_per_token_ms/gen:0.33354304228703996 - timing_per_token_ms/adv:5.76238512742838e-06 - timing_per_token_ms/update_actor:0.02205430139154866 - perf/total_num_tokens:2557079 - perf/time_per_step:107.52532510699984 - perf/throughput:2972.6473710442374
[36m(TaskRunner pid=145845)[0m step:25 - global_seqlen/min:179467 - global_seqlen/max:488874 - global_seqlen/minmax_diff:309407 - global_seqlen/balanced_min:287670 - global_seqlen/balanced_max:287671 - global_seqlen/mean:287670.375 - actor/entropy:0.2537006735801697 - perf/mfu/actor_infer:0.36222720116511065 - actor/pg_clipfrac:0.0 - actor/ppo_kl:0.0 - actor/pg_clipfrac_lower:0.0 - actor/pg_loss:0.0019775954251599615 - actor/kl_loss:0.01895881066793611 - actor/kl_coef:0.05000000000000001 - actor/loss:0.0029255328699946404 - actor/grad_norm:1.2327829599380493 - actor/lr:5e-07 - perf/mfu/actor:0.27480114897540364 - training/global_step:25 - training/epoch:1 - critic/score/mean:0.17661871016025543 - critic/score/max:0.9539999961853027 - critic/score/min:0.0 - critic/rewards/mean:0.17661871016025543 - critic/rewards/max:0.9539999961853027 - critic/rewards/min:0.0 - critic/advantages/mean:-0.001977595966309309 - critic/advantages/max:3.7499825954437256 - critic/advantages/min:-1.4195913076400757 - critic/returns/mean:-0.001977595966309309 - critic/returns/max:3.7499825954437256 - critic/returns/min:-1.4195913076400757 - response_length/mean:11.5654296875 - response_length/max:17.0 - response_length/min:9.0 - response_length/clip_ratio:0.0 - response_length_non_aborted/mean:11.5654296875 - response_length_non_aborted/max:17.0 - response_length_non_aborted/min:9.0 - response_length_non_aborted/clip_ratio:0.0 - response/aborted_ratio:0.0 - prompt_length/mean:2235.859375 - prompt_length/max:7352.0 - prompt_length/min:556.0 - prompt_length/clip_ratio:0.0 - num_turns/min:2 - num_turns/max:2 - num_turns/mean:2.0 - timing_s/start_profile:4.020199958176818e-05 - timing_s/agent_loop/num_preempted/min:-1 - timing_s/agent_loop/num_preempted/max:-1 - timing_s/agent_loop/num_preempted/mean:-1.0 - timing_s/agent_loop/generate_sequences/min:0.7450849680008105 - timing_s/agent_loop/generate_sequences/max:2.4552596579997044 - timing_s/agent_loop/generate_sequences/mean:1.770155517697269 - timing_s/agent_loop/tool_calls/min:0.0 - timing_s/agent_loop/tool_calls/max:0.0 - timing_s/agent_loop/tool_calls/mean:0.0 - timing_s/agent_loop/compute_score/min:0.0036229419993105694 - timing_s/agent_loop/compute_score/max:0.3390234019998388 - timing_s/agent_loop/compute_score/mean:0.08391213255273122 - timing_s/agent_loop/slowest/generate_sequences:2.235720558000139 - timing_s/agent_loop/slowest/tool_calls:0.0 - timing_s/agent_loop/slowest/compute_score:0.25966736400005175 - timing_s/agent_loop/slowest/num_preempted:-1 - timing_s/agent_loop/slowest/prompt_length:564 - timing_s/agent_loop/slowest/response_length:15 - timing_s/gen:3.875789182000517 - timing_s/reward:2.2380999325832818e-05 - timing_s/old_log_prob:14.758358864999536 - timing_s/ref:25.63510776200019 - timing_s/adv:0.014537374000610725 - timing_s/update_actor:53.11478760499995 - timing_s/update_weights:5.170490733999941 - timing_s/step:102.71877505199973 - timing_s/stop_profile:3.8451999898825306e-05 - timing_per_token_ms/ref:0.01113909790067894 - timing_per_token_ms/gen:0.32726413763408907 - timing_per_token_ms/adv:6.316853968978699e-06 - timing_per_token_ms/update_actor:0.02307970867916098 - perf/total_num_tokens:2301363 - perf/time_per_step:102.71877505199973 - perf/throughput:2800.562748673468[36m(WorkerDict pid=156337)[0m INFO:2026-07-10 22:01:57,830:update_weights done, time cost: 3.26s
[36m(TaskRunner pid=145845)[0m Training Progress:  35%|███▍      | 26/75 [46:22<1:25:04, 104.17s/it]
[36m(WorkerDict pid=156337)[0m INFO:2026-07-10 22:03:49,333:update_weights done, time cost: 3.24s
[36m(TaskRunner pid=145845)[0m Training Progress:  36%|███▌      | 27/75 [48:14<1:25:05, 106.36s/it]
[36m(WorkerDict pid=156337)[0m INFO:2026-07-10 22:05:29,506:update_weights done, time cost: 3.26s
[36m(TaskRunner pid=145845)[0m Training Progress:  37%|███▋      | 28/75 [49:54<1:21:51, 104.51s/it]

[36m(TaskRunner pid=145845)[0m step:26 - global_seqlen/min:192694 - global_seqlen/max:371585 - global_seqlen/minmax_diff:178891 - global_seqlen/balanced_min:296414 - global_seqlen/balanced_max:296415 - global_seqlen/mean:296414.125 - actor/entropy:0.24219663441181183 - perf/mfu/actor_infer:0.3671909659043535 - actor/pg_clipfrac:0.0 - actor/ppo_kl:0.0 - actor/pg_clipfrac_lower:0.0 - actor/pg_loss:0.003880373972151574 - actor/kl_loss:0.016003241411446885 - actor/kl_coef:0.05000000000000001 - actor/loss:0.00468053575605154 - actor/grad_norm:1.9451807737350464 - actor/lr:5e-07 - perf/mfu/actor:0.2780605832941484 - training/global_step:26 - training/epoch:1 - critic/score/mean:0.16972258687019348 - critic/score/max:0.9569620490074158 - critic/score/min:0.0 - critic/rewards/mean:0.16972258687019348 - critic/rewards/max:0.9569620490074158 - critic/rewards/min:0.0 - critic/advantages/mean:-0.0038803715724498034 - critic/advantages/max:3.7499840259552 - critic/advantages/min:-1.9962849617004395 - critic/returns/mean:-0.0038803715724498034 - critic/returns/max:3.7499840259552 - critic/returns/min:-1.9962849617004395 - response_length/mean:11.5634765625 - response_length/max:17.0 - response_length/min:9.0 - response_length/clip_ratio:0.0 - response_length_non_aborted/mean:11.5634765625 - response_length_non_aborted/max:17.0 - response_length_non_aborted/min:9.0 - response_length_non_aborted/clip_ratio:0.0 - response/aborted_ratio:0.0 - prompt_length/mean:2304.171875 - prompt_length/max:7886.0 - prompt_length/min:556.0 - prompt_length/clip_ratio:0.0 - num_turns/min:2 - num_turns/max:2 - num_turns/mean:2.0 - timing_s/start_profile:3.856200055452064e-05 - timing_s/agent_loop/num_preempted/min:-1 - timing_s/agent_loop/num_preempted/max:-1 - timing_s/agent_loop/num_preempted/mean:-1.0 - timing_s/agent_loop/generate_sequences/min:0.773754963999636 - timing_s/agent_loop/generate_sequences/max:2.4243264599999748 - timing_s/agent_loop/generate_sequences/mean:1.8001351725996022 - timing_s/agent_loop/tool_calls/min:0.0 - timing_s/agent_loop/tool_calls/max:0.0 - timing_s/agent_loop/tool_calls/mean:0.0 - timing_s/agent_loop/compute_score/min:0.0035097159998258576 - timing_s/agent_loop/compute_score/max:0.4170315239998672 - timing_s/agent_loop/compute_score/mean:0.09378247612501411 - timing_s/agent_loop/slowest/generate_sequences:2.31685025600018 - timing_s/agent_loop/slowest/tool_calls:0.0 - timing_s/agent_loop/slowest/compute_score:0.156126021000091 - timing_s/agent_loop/slowest/num_preempted:-1 - timing_s/agent_loop/slowest/prompt_length:556 - timing_s/agent_loop/slowest/response_length:14 - timing_s/gen:3.793547326999942 - timing_s/reward:3.2250999538518954e-05 - timing_s/old_log_prob:14.5472634810003 - timing_s/ref:26.261418391000007 - timing_s/adv:0.014728453000316222 - timing_s/update_actor:53.68435164999937 - timing_s/update_weights:5.0668747590007115 - timing_s/step:103.50076183100009 - timing_s/stop_profile:3.9010999898891896e-05 - timing_per_token_ms/ref:0.011074631814104677 - timing_per_token_ms/gen:0.32037389806603683 - timing_per_token_ms/adv:6.211096131264081e-06 - timing_per_token_ms/update_actor:0.022639082925788107 - perf/total_num_tokens:2371313 - perf/time_per_step:103.50076183100009 - perf/throughput:2863.8835092247537
[36m(TaskRunner pid=145845)[0m step:27 - global_seqlen/min:127198 - global_seqlen/max:486542 - global_seqlen/minmax_diff:359344 - global_seqlen/balanced_min:339506 - global_seqlen/balanced_max:339506 - global_seqlen/mean:339506.0 - actor/entropy:0.22549746930599213 - perf/mfu/actor_infer:0.3800669167431871 - actor/pg_clipfrac:0.0 - actor/ppo_kl:0.0 - actor/pg_clipfrac_lower:0.0 - actor/pg_loss:0.005533396266400814 - actor/kl_loss:0.013598351693634297 - actor/kl_coef:0.05000000000000001 - actor/loss:0.006213318090885878 - actor/grad_norm:1.0838749408721924 - actor/lr:5e-07 - perf/mfu/actor:0.2898750479770288 - training/global_step:27 - training/epoch:1 - critic/score/mean:0.1657782793045044 - critic/score/max:0.9775862097740173 - critic/score/min:0.0 - critic/rewards/mean:0.1657782793045044 - critic/rewards/max:0.9775862097740173 - critic/rewards/min:0.0 - critic/advantages/mean:-0.005533391609787941 - critic/advantages/max:3.749983310699463 - critic/advantages/min:-1.4330741167068481 - critic/returns/mean:-0.005533391609787941 - critic/returns/max:3.749983310699463 - critic/returns/min:-1.4330741167068481 - response_length/mean:11.296875 - response_length/max:17.0 - response_length/min:9.0 - response_length/clip_ratio:0.0 - response_length_non_aborted/mean:11.296875 - response_length_non_aborted/max:17.0 - response_length_non_aborted/min:9.0 - response_length_non_aborted/clip_ratio:0.0 - response/aborted_ratio:0.0 - prompt_length/mean:2641.09375 - prompt_length/max:7665.0 - prompt_length/min:557.0 - prompt_length/clip_ratio:0.0 - num_turns/min:2 - num_turns/max:2 - num_turns/mean:2.0 - timing_s/start_profile:4.085199998371536e-05 - timing_s/agent_loop/num_preempted/min:-1 - timing_s/agent_loop/num_preempted/max:-1 - timing_s/agent_loop/num_preempted/mean:-1.0 - timing_s/agent_loop/generate_sequences/min:0.7421438549999948 - timing_s/agent_loop/generate_sequences/max:2.3702687229997537 - timing_s/agent_loop/generate_sequences/mean:1.6630774852734316 - timing_s/agent_loop/tool_calls/min:0.0 - timing_s/agent_loop/tool_calls/max:0.0 - timing_s/agent_loop/tool_calls/mean:0.0 - timing_s/agent_loop/compute_score/min:0.0034912959999928717 - timing_s/agent_loop/compute_score/max:0.6292156950003118 - timing_s/agent_loop/compute_score/mean:0.15509153221874072 - timing_s/agent_loop/slowest/generate_sequences:2.151011601999926 - timing_s/agent_loop/slowest/tool_calls:0.0 - timing_s/agent_loop/slowest/compute_score:0.29654774600021483 - timing_s/agent_loop/slowest/num_preempted:-1 - timing_s/agent_loop/slowest/prompt_length:560 - timing_s/agent_loop/slowest/response_length:15 - timing_s/gen:3.808954697000445 - timing_s/reward:2.4471000870107673e-05 - timing_s/old_log_prob:16.398710792999736 - timing_s/ref:26.37130060600066 - timing_s/adv:0.014839858999948774 - timing_s/update_actor:59.44442756399985 - timing_s/update_weights:5.228247269999883 - timing_s/step:111.45001094800045 - timing_s/stop_profile:3.953200030082371e-05 - timing_per_token_ms/ref:0.009709438347923401 - timing_per_token_ms/gen:0.3292664848720993 - timing_per_token_ms/adv:5.46376904971811e-06 - timing_per_token_ms/update_actor:0.021886368563442123 - perf/total_num_tokens:2716048 - perf/time_per_step:111.45001094800045 - perf/throughput:3046.2625989189382
[36m(TaskRunner pid=145845)[0m step:28 - global_seqlen/min:153004 - global_seqlen/max:427323 - global_seqlen/minmax_diff:274319 - global_seqlen/balanced_min:282790 - global_seqlen/balanced_max:282791 - global_seqlen/mean:282790.5 - actor/entropy:0.2285500317811966 - perf/mfu/actor_infer:0.3620028751311363 - actor/pg_clipfrac:0.0 - actor/ppo_kl:0.0 - actor/pg_clipfrac_lower:0.0 - actor/pg_loss:0.0067791100445901975 - actor/kl_loss:0.01720307376901483 - actor/kl_coef:0.05000000000000001 - actor/loss:0.007639260031282902 - actor/grad_norm:1.3781298398971558 - actor/lr:5e-07 - perf/mfu/actor:0.274393496238175 - training/global_step:28 - training/epoch:1 - critic/score/mean:0.17908164858818054 - critic/score/max:0.9747692346572876 - critic/score/min:0.0 - critic/rewards/mean:0.17908164858818054 - critic/rewards/max:0.9747692346572876 - critic/rewards/min:0.0 - critic/advantages/mean:-0.006779111456125975 - critic/advantages/max:3.749983072280884 - critic/advantages/min:-2.0155396461486816 - critic/returns/mean:-0.006779111456125975 - critic/returns/max:3.749983072280884 - critic/returns/min:-2.0155396461486816 - response_length/mean:11.33203125 - response_length/max:17.0 - response_length/min:9.0 - response_length/clip_ratio:0.0 - response_length_non_aborted/mean:11.33203125 - response_length_non_aborted/max:17.0 - response_length_non_aborted/min:9.0 - response_length_non_aborted/clip_ratio:0.0 - response/aborted_ratio:0.0 - prompt_length/mean:2197.96875 - prompt_length/max:7110.0 - prompt_length/min:556.0 - prompt_length/clip_ratio:0.0 - num_turns/min:2 - num_turns/max:2 - num_turns/mean:2.0 - timing_s/start_profile:2.9600999368994962e-05 - timing_s/agent_loop/num_preempted/min:-1 - timing_s/agent_loop/num_preempted/max:-1 - timing_s/agent_loop/num_preempted/mean:-1.0 - timing_s/agent_loop/generate_sequences/min:0.7475793980001981 - timing_s/agent_loop/generate_sequences/max:2.2188754640001207 - timing_s/agent_loop/generate_sequences/mean:1.5973559323408164 - timing_s/agent_loop/tool_calls/min:0.0 - timing_s/agent_loop/tool_calls/max:0.0 - timing_s/agent_loop/tool_calls/mean:0.0 - timing_s/agent_loop/compute_score/min:0.0034870049994424335 - timing_s/agent_loop/compute_score/max:0.6679615240000203 - timing_s/agent_loop/compute_score/mean:0.19168463031152694 - timing_s/agent_loop/slowest/generate_sequences:1.7869829149994985 - timing_s/agent_loop/slowest/tool_calls:0.0 - timing_s/agent_loop/slowest/compute_score:0.47837666099985654 - timing_s/agent_loop/slowest/num_preempted:-1 - timing_s/agent_loop/slowest/prompt_length:651 - timing_s/agent_loop/slowest/response_length:15 - timing_s/gen:3.4812688590000107 - timing_s/reward:2.472100004524691e-05 - timing_s/old_log_prob:13.99493192599948 - timing_s/ref:25.785530993000066 - timing_s/adv:0.015954057999806537 - timing_s/update_actor:51.56295614700048 - timing_s/update_weights:5.135571443000117 - timing_s/step:100.15672750500016 - timing_s/stop_profile:3.475199991953559e-05 - timing_per_token_ms/ref:0.011397806411902127 - timing_per_token_ms/gen:0.300005934074458 - timing_per_token_ms/adv:7.052065928578991e-06 - timing_per_token_ms/update_actor:0.022792029853814254 - perf/total_num_tokens:2262324 - perf/time_per_step:100.15672750500016 - perf/throughput:2823.479830507463[36m(WorkerDict pid=156337)[0m INFO:2026-07-10 22:07:08,198:update_weights done, time cost: 3.45s
[36m(TaskRunner pid=145845)[0m Training Progress:  39%|███▊      | 29/75 [51:33<1:18:47, 102.76s/it]
[36m(WorkerDict pid=156337)[0m INFO:2026-07-10 22:08:52,887:[Rank 0] Saved model to /workspace/verl-x/budget-rl-training-repro/outputs/rl_pct30e5_kl005_full/global_step_30/actor/model_world_size_8_rank_0.pt
[36m(WorkerDict pid=156339)[0m INFO:2026-07-10 22:09:01,083:[Rank 2] Saved optim to /workspace/verl-x/budget-rl-training-repro/outputs/rl_pct30e5_kl005_full/global_step_30/actor/optim_world_size_8_rank_2.pt
[36m(WorkerDict pid=156339)[0m INFO:2026-07-10 22:09:01,085:[Rank 2] Saved extra_state to /workspace/verl-x/budget-rl-training-repro/outputs/rl_pct30e5_kl005_full/global_step_30/actor/extra_state_world_size_8_rank_2.pt
[36m(WorkerDict pid=156342)[0m INFO:2026-07-10 22:08:52,883:[Rank 5] Saved model to /workspace/verl-x/budget-rl-training-repro/outputs/rl_pct30e5_kl005_full/global_step_30/actor/model_world_size_8_rank_5.pt[32m [repeated 7x across cluster][0m
[36m(WorkerDict pid=156337)[0m INFO:2026-07-10 22:09:01,325:[Rank 0] Saved model config and tokenizer class to /workspace/verl-x/budget-rl-training-repro/outputs/rl_pct30e5_kl005_full/global_step_30/actor/huggingface
[36m(WorkerDict pid=156337)[0m INFO:2026-07-10 22:09:05,150:update_weights done, time cost: 3.20s
[36m(TaskRunner pid=145845)[0m Training Progress:  40%|████      | 30/75 [53:30<1:20:15, 107.02s/it]
[36m(WorkerDict pid=156337)[0m INFO:2026-07-10 22:10:49,653:update_weights done, time cost: 3.29s
[36m(WorkerDict pid=156343)[0m INFO:2026-07-10 22:09:01,144:[Rank 6] Saved optim to /workspace/verl-x/budget-rl-training-repro/outputs/rl_pct30e5_kl005_full/global_step_30/actor/optim_world_size_8_rank_6.pt[32m [repeated 7x across cluster][0m
[36m(WorkerDict pid=156343)[0m INFO:2026-07-10 22:09:01,145:[Rank 6] Saved extra_state to /workspace/verl-x/budget-rl-training-repro/outputs/rl_pct30e5_kl005_full/global_step_30/actor/extra_state_world_size_8_rank_6.pt[32m [repeated 7x across cluster][0m
[36m(TaskRunner pid=145845)[0m Training Progress:  41%|████▏     | 31/75 [55:14<1:17:55, 106.27s/it]

[36m(TaskRunner pid=145845)[0m step:29 - global_seqlen/min:112967 - global_seqlen/max:395495 - global_seqlen/minmax_diff:282528 - global_seqlen/balanced_min:268394 - global_seqlen/balanced_max:268395 - global_seqlen/mean:268394.375 - actor/entropy:0.22677165269851685 - perf/mfu/actor_infer:0.3567472827551847 - actor/pg_clipfrac:0.0 - actor/ppo_kl:0.0 - actor/pg_clipfrac_lower:0.0 - actor/pg_loss:0.0055678556873317575 - actor/kl_loss:0.018741346336280405 - actor/kl_coef:0.05000000000000001 - actor/loss:0.006504924036562443 - actor/grad_norm:1.4025788307189941 - actor/lr:5e-07 - perf/mfu/actor:0.26837235734293413 - training/global_step:29 - training/epoch:1 - critic/score/mean:0.19978713989257812 - critic/score/max:0.9707865118980408 - critic/score/min:0.0 - critic/rewards/mean:0.19978713989257812 - critic/rewards/max:0.9707865118980408 - critic/rewards/min:0.0 - critic/advantages/mean:-0.005567852407693863 - critic/advantages/max:3.749980926513672 - critic/advantages/min:-3.749925374984741 - critic/returns/mean:-0.005567852407693863 - critic/returns/max:3.749980926513672 - critic/returns/min:-3.749925374984741 - response_length/mean:11.4560546875 - response_length/max:25.0 - response_length/min:9.0 - response_length/clip_ratio:0.0 - response_length_non_aborted/mean:11.4560546875 - response_length_non_aborted/max:25.0 - response_length_non_aborted/min:9.0 - response_length_non_aborted/clip_ratio:0.0 - response/aborted_ratio:0.0 - prompt_length/mean:2085.375 - prompt_length/max:8034.0 - prompt_length/min:557.0 - prompt_length/clip_ratio:0.0 - num_turns/min:2 - num_turns/max:2 - num_turns/mean:2.0 - timing_s/start_profile:7.685400032642065e-05 - timing_s/agent_loop/num_preempted/min:-1 - timing_s/agent_loop/num_preempted/max:-1 - timing_s/agent_loop/num_preempted/mean:-1.0 - timing_s/agent_loop/generate_sequences/min:0.807068146000347 - timing_s/agent_loop/generate_sequences/max:2.2143195389999164 - timing_s/agent_loop/generate_sequences/mean:1.5949386648564499 - timing_s/agent_loop/tool_calls/min:0.0 - timing_s/agent_loop/tool_calls/max:0.0 - timing_s/agent_loop/tool_calls/mean:0.0 - timing_s/agent_loop/compute_score/min:0.0034833050003726385 - timing_s/agent_loop/compute_score/max:0.7802463300004092 - timing_s/agent_loop/compute_score/mean:0.22483458321874483 - timing_s/agent_loop/slowest/generate_sequences:1.565931969000303 - timing_s/agent_loop/slowest/tool_calls:0.0 - timing_s/agent_loop/slowest/compute_score:0.7083546979993116 - timing_s/agent_loop/slowest/num_preempted:-1 - timing_s/agent_loop/slowest/prompt_length:6469 - timing_s/agent_loop/slowest/response_length:9 - timing_s/gen:3.5431426630002534 - timing_s/reward:3.1292000130633824e-05 - timing_s/old_log_prob:13.870782705999773 - timing_s/ref:25.464257870999063 - timing_s/adv:0.014912933000232442 - timing_s/update_actor:50.396875582000575 - timing_s/update_weights:5.248008878999826 - timing_s/step:98.6540159419992 - timing_s/stop_profile:4.046200047014281e-05 - timing_per_token_ms/ref:0.011859534067637904 - timing_per_token_ms/gen:0.30203244932233003 - timing_per_token_ms/adv:6.945438498959061e-06 - timing_per_token_ms/update_actor:0.023471466001290346 - perf/total_num_tokens:2147155 - perf/time_per_step:98.6540159419992 - perf/throughput:2720.56208191053
[36m(TaskRunner pid=145845)[0m local_global_step_folder: /workspace/verl-x/budget-rl-training-repro/outputs/rl_pct30e5_kl005_full/global_step_30
[36m(TaskRunner pid=145845)[0m step:30 - global_seqlen/min:245763 - global_seqlen/max:356164 - global_seqlen/minmax_diff:110401 - global_seqlen/balanced_min:302084 - global_seqlen/balanced_max:302084 - global_seqlen/mean:302084.0 - actor/entropy:0.2250458002090454 - perf/mfu/actor_infer:0.36687806422876273 - actor/pg_clipfrac:0.0 - actor/ppo_kl:0.0 - actor/pg_clipfrac_lower:0.0 - actor/pg_loss:-0.00856143091004924 - actor/kl_loss:0.017882338030814904 - actor/kl_coef:0.05000000000000001 - actor/loss:-0.007667310535907745 - actor/grad_norm:1.6466050148010254 - actor/lr:5e-07 - perf/mfu/actor:0.2784796104389887 - training/global_step:30 - training/epoch:1 - critic/score/mean:0.16626283526420593 - critic/score/max:0.9762712121009827 - critic/score/min:0.0 - critic/rewards/mean:0.16626283526420593 - critic/rewards/max:0.9762712121009827 - critic/rewards/min:0.0 - critic/advantages/mean:0.008561433292925358 - critic/advantages/max:3.749981164932251 - critic/advantages/min:-1.5605469942092896 - critic/returns/mean:0.008561433292925358 - critic/returns/max:3.749981164932251 - critic/returns/min:-1.5605469942092896 - response_length/mean:11.28125 - response_length/max:16.0 - response_length/min:9.0 - response_length/clip_ratio:0.0 - response_length_non_aborted/mean:11.28125 - response_length_non_aborted/max:16.0 - response_length_non_aborted/min:9.0 - response_length_non_aborted/clip_ratio:0.0 - response/aborted_ratio:0.0 - prompt_length/mean:2348.75 - prompt_length/max:7695.0 - prompt_length/min:556.0 - prompt_length/clip_ratio:0.0 - num_turns/min:2 - num_turns/max:2 - num_turns/mean:2.0 - timing_s/start_profile:5.888299892831128e-05 - timing_s/agent_loop/num_preempted/min:-1 - timing_s/agent_loop/num_preempted/max:-1 - timing_s/agent_loop/num_preempted/mean:-1.0 - timing_s/agent_loop/generate_sequences/min:0.7333277489997272 - timing_s/agent_loop/generate_sequences/max:2.7564868350000324 - timing_s/agent_loop/generate_sequences/mean:1.6398054008515714 - timing_s/agent_loop/tool_calls/min:0.0 - timing_s/agent_loop/tool_calls/max:0.0 - timing_s/agent_loop/tool_calls/mean:0.0 - timing_s/agent_loop/compute_score/min:0.0036318929996923544 - timing_s/agent_loop/compute_score/max:1.1049297959998512 - timing_s/agent_loop/compute_score/mean:0.17954201667870429 - timing_s/agent_loop/slowest/generate_sequences:1.873617662999095 - timing_s/agent_loop/slowest/tool_calls:0.0 - timing_s/agent_loop/slowest/compute_score:0.9112998920008977 - timing_s/agent_loop/slowest/num_preempted:-1 - timing_s/agent_loop/slowest/prompt_length:561 - timing_s/agent_loop/slowest/response_length:16 - timing_s/gen:4.002262612000777 - timing_s/reward:2.7551001039682887e-05 - timing_s/old_log_prob:15.121660868999243 - timing_s/ref:25.697093597000276 - timing_s/adv:0.014853569999104366 - timing_s/update_actor:54.34245560099953 - timing_s/save_checkpoint:12.985682190001171 - timing_s/update_weights:4.623980329000915 - timing_s/step:116.93566337099946 - timing_s/stop_profile:3.678199936985038e-05 - timing_per_token_ms/ref:0.010633256642606144 - timing_per_token_ms/gen:0.3464562510388484 - timing_per_token_ms/adv:6.146291262986605e-06 - timing_per_token_ms/update_actor:0.022486483726794338 - perf/total_num_tokens:2416672 - perf/time_per_step:116.93566337099946 - perf/throughput:2583.3350689736462
[36m(TaskRunner pid=145845)[0m step:31 - global_seqlen/min:127948 - global_seqlen/max:434918 - global_seqlen/minmax_diff:306970 - global_seqlen/balanced_min:285851 - global_seqlen/balanced_max:285852 - global_seqlen/mean:285851.25 - actor/entropy:0.25843459367752075 - perf/mfu/actor_infer:0.36124517458749067 - actor/pg_clipfrac:0.0 - actor/ppo_kl:0.0 - actor/pg_clipfrac_lower:0.0 - actor/pg_loss:-0.0051067243784928 - actor/kl_loss:0.020415599693947212 - actor/kl_coef:0.05000000000000001 - actor/loss:-0.0040859440341591835 - actor/grad_norm:1.4155157804489136 - actor/lr:5e-07 - perf/mfu/actor:0.27129447413351276 - training/global_step:31 - training/epoch:2 - critic/score/mean:0.17170381546020508 - critic/score/max:0.9539999961853027 - critic/score/min:0.0 - critic/rewards/mean:0.17170381546020508 - critic/rewards/max:0.9539999961853027 - critic/rewards/min:0.0 - critic/advantages/mean:0.005106730852276087 - critic/advantages/max:3.749983787536621 - critic/advantages/min:-1.668863296508789 - critic/returns/mean:0.005106730852276087 - critic/returns/max:3.749983787536621 - critic/returns/min:-1.668863296508789 - response_length/mean:11.744140625 - response_length/max:17.0 - response_length/min:9.0 - response_length/clip_ratio:0.0 - response_length_non_aborted/mean:11.744140625 - response_length_non_aborted/max:17.0 - response_length_non_aborted/min:9.0 - response_length_non_aborted/clip_ratio:0.0 - response/aborted_ratio:0.0 - prompt_length/mean:2221.46875 - prompt_length/max:8102.0 - prompt_length/min:557.0 - prompt_length/clip_ratio:0.0 - num_turns/min:2 - num_turns/max:2 - num_turns/mean:2.0 - timing_s/start_profile:0.00042698300057963934 - timing_s/agent_loop/num_preempted/min:-1 - timing_s/agent_loop/num_preempted/max:-1 - timing_s/agent_loop/num_preempted/mean:-1.0 - timing_s/agent_loop/generate_sequences/min:0.7913388710003346 - timing_s/agent_loop/generate_sequences/max:2.208980158000486 - timing_s/agent_loop/generate_sequences/mean:1.5161169969736985 - timing_s/agent_loop/tool_calls/min:0.0 - timing_s/agent_loop/tool_calls/max:0.0 - timing_s/agent_loop/tool_calls/mean:0.0 - timing_s/agent_loop/compute_score/min:0.0035788509994745255 - timing_s/agent_loop/compute_score/max:0.7729096410002967 - timing_s/agent_loop/compute_score/mean:0.22858468698144208 - timing_s/agent_loop/slowest/generate_sequences:1.5736380409998674 - timing_s/agent_loop/slowest/tool_calls:0.0 - timing_s/agent_loop/slowest/compute_score:0.711915007999778 - timing_s/agent_loop/slowest/num_preempted:-1 - timing_s/agent_loop/slowest/prompt_length:4316 - timing_s/agent_loop/slowest/response_length:9 - timing_s/gen:3.8784357530003035 - timing_s/reward:4.0192000597016886e-05 - timing_s/old_log_prob:14.654434696998578 - timing_s/ref:26.24330408700007 - timing_s/adv:0.019858806001138873 - timing_s/update_actor:53.07715335899957 - timing_s/update_weights:5.07049201800146 - timing_s/step:103.79462892899937 - timing_s/stop_profile:6.051399941497948e-05 - timing_per_token_ms/ref:0.011475944257284194 - timing_per_token_ms/gen:0.32250422027276765 - timing_per_token_ms/adv:8.684064701981745e-06 - timing_per_token_ms/update_actor:0.023210128239337578 - perf/total_num_tokens:2286810 - perf/time_per_step:103.79462892899937 - perf/throughput:2754.00811149425[36m(WorkerDict pid=156337)[0m INFO:2026-07-10 22:12:31,634:update_weights done, time cost: 3.28s
[36m(TaskRunner pid=145845)[0m Training Progress:  43%|████▎     | 32/75 [56:56<1:15:13, 104.97s/it]
[36m(WorkerDict pid=156337)[0m INFO:2026-07-10 22:14:18,130:update_weights done, time cost: 3.32s
[36m(TaskRunner pid=145845)[0m Training Progress:  44%|████▍     | 33/75 [58:43<1:13:47, 105.42s/it]
[36m(WorkerDict pid=156337)[0m INFO:2026-07-10 22:15:50,806:update_weights done, time cost: 3.19s
[36m(TaskRunner pid=145845)[0m Training Progress:  45%|████▌     | 34/75 [1:00:15<1:09:26, 101.61s/it]

[36m(TaskRunner pid=145845)[0m step:32 - global_seqlen/min:149050 - global_seqlen/max:426154 - global_seqlen/minmax_diff:277104 - global_seqlen/balanced_min:285967 - global_seqlen/balanced_max:285968 - global_seqlen/mean:285967.25 - actor/entropy:0.24093219637870789 - perf/mfu/actor_infer:0.3605877409457483 - actor/pg_clipfrac:0.0 - actor/ppo_kl:0.0 - actor/pg_clipfrac_lower:0.0 - actor/pg_loss:0.010606101530356682 - actor/kl_loss:0.017610983320949437 - actor/kl_coef:0.05000000000000001 - actor/loss:0.011486649513244629 - actor/grad_norm:1.1260210275650024 - actor/lr:5e-07 - perf/mfu/actor:0.27430797951049674 - training/global_step:32 - training/epoch:2 - critic/score/mean:0.15985777974128723 - critic/score/max:0.9709543585777283 - critic/score/min:0.0 - critic/rewards/mean:0.15985777974128723 - critic/rewards/max:0.9709543585777283 - critic/rewards/min:0.0 - critic/advantages/mean:-0.010606103576719761 - critic/advantages/max:3.749971866607666 - critic/advantages/min:-1.6630178689956665 - critic/returns/mean:-0.010606103576719761 - critic/returns/max:3.749971866607666 - critic/returns/min:-1.6630178689956665 - response_length/mean:11.587890625 - response_length/max:18.0 - response_length/min:9.0 - response_length/clip_ratio:0.0 - response_length_non_aborted/mean:11.587890625 - response_length_non_aborted/max:18.0 - response_length_non_aborted/min:9.0 - response_length_non_aborted/clip_ratio:0.0 - response/aborted_ratio:0.0 - prompt_length/mean:2222.53125 - prompt_length/max:7606.0 - prompt_length/min:557.0 - prompt_length/clip_ratio:0.0 - num_turns/min:2 - num_turns/max:2 - num_turns/mean:2.0 - timing_s/start_profile:6.597399988095276e-05 - timing_s/agent_loop/num_preempted/min:-1 - timing_s/agent_loop/num_preempted/max:-1 - timing_s/agent_loop/num_preempted/mean:-1.0 - timing_s/agent_loop/generate_sequences/min:0.8067532660006691 - timing_s/agent_loop/generate_sequences/max:2.235240756001076 - timing_s/agent_loop/generate_sequences/mean:1.6282173145214678 - timing_s/agent_loop/tool_calls/min:0.0 - timing_s/agent_loop/tool_calls/max:0.0 - timing_s/agent_loop/tool_calls/mean:0.0 - timing_s/agent_loop/compute_score/min:0.0036912159994244576 - timing_s/agent_loop/compute_score/max:0.6646138679989235 - timing_s/agent_loop/compute_score/mean:0.19392453132423526 - timing_s/agent_loop/slowest/generate_sequences:2.026279832 - timing_s/agent_loop/slowest/tool_calls:0.0 - timing_s/agent_loop/slowest/compute_score:0.2736332010008482 - timing_s/agent_loop/slowest/num_preempted:-1 - timing_s/agent_loop/slowest/prompt_length:681 - timing_s/agent_loop/slowest/response_length:15 - timing_s/gen:3.5860669040012 - timing_s/reward:2.6891000743489712e-05 - timing_s/old_log_prob:14.638620939998873 - timing_s/ref:25.603397873001086 - timing_s/adv:0.014750844999070978 - timing_s/update_actor:52.80870699499974 - timing_s/update_weights:5.141407925000749 - timing_s/step:101.91213086400057 - timing_s/stop_profile:6.297300024016295e-05 - timing_per_token_ms/ref:0.011191577826220085 - timing_per_token_ms/gen:0.30221362750726444 - timing_per_token_ms/adv:6.447785978582765e-06 - timing_per_token_ms/update_actor:0.023083371869943036 - perf/total_num_tokens:2287738 - perf/time_per_step:101.91213086400057 - perf/throughput:2806.0177682048156
[36m(TaskRunner pid=145845)[0m step:33 - global_seqlen/min:218513 - global_seqlen/max:399964 - global_seqlen/minmax_diff:181451 - global_seqlen/balanced_min:308521 - global_seqlen/balanced_max:308522 - global_seqlen/mean:308521.875 - actor/entropy:0.23248472809791565 - perf/mfu/actor_infer:0.3701289917769712 - actor/pg_clipfrac:0.0 - actor/ppo_kl:0.0 - actor/pg_clipfrac_lower:0.0 - actor/pg_loss:-0.010788121518999105 - actor/kl_loss:0.019844383270676003 - actor/kl_coef:0.05000000000000001 - actor/loss:-0.009795903228223324 - actor/grad_norm:1.6807247400283813 - actor/lr:5e-07 - perf/mfu/actor:0.28120629767203437 - training/global_step:33 - training/epoch:2 - critic/score/mean:0.18715359270572662 - critic/score/max:0.9599999785423279 - critic/score/min:0.0 - critic/rewards/mean:0.18715359270572662 - critic/rewards/max:0.9599999785423279 - critic/rewards/min:0.0 - critic/advantages/mean:0.01078811939805746 - critic/advantages/max:3.7499845027923584 - critic/advantages/min:-1.424546241760254 - critic/returns/mean:0.01078811939805746 - critic/returns/max:3.7499845027923584 - critic/returns/min:-1.424546241760254 - response_length/mean:11.5615234375 - response_length/max:17.0 - response_length/min:9.0 - response_length/clip_ratio:0.0 - response_length_non_aborted/mean:11.5615234375 - response_length_non_aborted/max:17.0 - response_length_non_aborted/min:9.0 - response_length_non_aborted/clip_ratio:0.0 - response/aborted_ratio:0.0 - prompt_length/mean:2398.765625 - prompt_length/max:7665.0 - prompt_length/min:556.0 - prompt_length/clip_ratio:0.0 - num_turns/min:2 - num_turns/max:2 - num_turns/mean:2.0 - timing_s/start_profile:6.280299930949695e-05 - timing_s/agent_loop/num_preempted/min:-1 - timing_s/agent_loop/num_preempted/max:-1 - timing_s/agent_loop/num_preempted/mean:-1.0 - timing_s/agent_loop/generate_sequences/min:0.8358563080000749 - timing_s/agent_loop/generate_sequences/max:2.6957737379998434 - timing_s/agent_loop/generate_sequences/mean:1.6825110509755632 - timing_s/agent_loop/tool_calls/min:0.0 - timing_s/agent_loop/tool_calls/max:0.0 - timing_s/agent_loop/tool_calls/mean:0.0 - timing_s/agent_loop/compute_score/min:0.003628593000030378 - timing_s/agent_loop/compute_score/max:0.8947285579997697 - timing_s/agent_loop/compute_score/mean:0.21462399943751898 - timing_s/agent_loop/slowest/generate_sequences:2.0282705709996662 - timing_s/agent_loop/slowest/tool_calls:0.0 - timing_s/agent_loop/slowest/compute_score:0.73610198499955 - timing_s/agent_loop/slowest/num_preempted:-1 - timing_s/agent_loop/slowest/prompt_length:560 - timing_s/agent_loop/slowest/response_length:14 - timing_s/gen:4.023827093998989 - timing_s/reward:4.0111999624059536e-05 - timing_s/old_log_prob:15.081507355000213 - timing_s/ref:26.554705882001144 - timing_s/adv:0.015648329999748967 - timing_s/update_actor:55.46657947099993 - timing_s/update_weights:5.202556198999446 - timing_s/step:106.46241306400043 - timing_s/stop_profile:3.8791999031673186e-05 - timing_per_token_ms/ref:0.010758842416765887 - timing_per_token_ms/gen:0.3398789673113429 - timing_per_token_ms/adv:6.340040718242818e-06 - timing_per_token_ms/update_actor:0.022472709378791995 - perf/total_num_tokens:2468175 - perf/time_per_step:106.46241306400043 - perf/throughput:2897.9417817115464
[36m(TaskRunner pid=145845)[0m step:34 - global_seqlen/min:116059 - global_seqlen/max:492306 - global_seqlen/minmax_diff:376247 - global_seqlen/balanced_min:232703 - global_seqlen/balanced_max:232704 - global_seqlen/mean:232703.375 - actor/entropy:0.26131123304367065 - perf/mfu/actor_infer:0.3379891025633454 - actor/pg_clipfrac:0.0 - actor/ppo_kl:0.0 - actor/pg_clipfrac_lower:0.0 - actor/pg_loss:0.0017612123112940026 - actor/kl_loss:0.024382641777853202 - actor/kl_coef:0.05000000000000001 - actor/loss:0.0029803423676639795 - actor/grad_norm:1.4064894914627075 - actor/lr:5e-07 - perf/mfu/actor:0.2550539794881012 - training/global_step:34 - training/epoch:2 - critic/score/mean:0.20696759223937988 - critic/score/max:0.9765957593917847 - critic/score/min:0.0 - critic/rewards/mean:0.20696759223937988 - critic/rewards/max:0.9765957593917847 - critic/rewards/min:0.0 - critic/advantages/mean:-0.001761212944984436 - critic/advantages/max:3.749983072280884 - critic/advantages/min:-2.529081106185913 - critic/returns/mean:-0.001761212944984436 - critic/returns/max:3.749983072280884 - critic/returns/min:-2.529081106185913 - response_length/mean:12.0888671875 - response_length/max:20.0 - response_length/min:9.0 - response_length/clip_ratio:0.0 - response_length_non_aborted/mean:12.0888671875 - response_length_non_aborted/max:20.0 - response_length_non_aborted/min:9.0 - response_length_non_aborted/clip_ratio:0.0 - response/aborted_ratio:0.0 - prompt_length/mean:1805.90625 - prompt_length/max:7253.0 - prompt_length/min:556.0 - prompt_length/clip_ratio:0.0 - num_turns/min:2 - num_turns/max:2 - num_turns/mean:2.0 - timing_s/start_profile:3.8111998946988024e-05 - timing_s/agent_loop/num_preempted/min:-1 - timing_s/agent_loop/num_preempted/max:-1 - timing_s/agent_loop/num_preempted/mean:-1.0 - timing_s/agent_loop/generate_sequences/min:0.7768247740004881 - timing_s/agent_loop/generate_sequences/max:2.0779381249994913 - timing_s/agent_loop/generate_sequences/mean:1.4710205248886847 - timing_s/agent_loop/tool_calls/min:0.0 - timing_s/agent_loop/tool_calls/max:0.0 - timing_s/agent_loop/tool_calls/mean:0.0 - timing_s/agent_loop/compute_score/min:0.0035295680008857744 - timing_s/agent_loop/compute_score/max:0.7880197089998546 - timing_s/agent_loop/compute_score/mean:0.28594095988377255 - timing_s/agent_loop/slowest/generate_sequences:1.3300761219998094 - timing_s/agent_loop/slowest/tool_calls:0.0 - timing_s/agent_loop/slowest/compute_score:0.7701158059990121 - timing_s/agent_loop/slowest/num_preempted:-1 - timing_s/agent_loop/slowest/prompt_length:1585 - timing_s/agent_loop/slowest/response_length:9 - timing_s/gen:3.437805814000967 - timing_s/reward:2.3210999643197283e-05 - timing_s/old_log_prob:12.849337134999587 - timing_s/ref:25.00927466400026 - timing_s/adv:0.014723813001182862 - timing_s/update_actor:46.16163811200022 - timing_s/update_weights:5.026007592001406 - timing_s/step:92.71581131700077 - timing_s/stop_profile:4.276199979358353e-05 - timing_per_token_ms/ref:0.013434095371414498 - timing_per_token_ms/gen:0.27771272429121635 - timing_per_token_ms/adv:7.909110149983247e-06 - timing_per_token_ms/update_actor:0.02479639482667592 - perf/total_num_tokens:1861627 - perf/time_per_step:92.71581131700077 - perf/throughput:2509.8564278790977[36m(WorkerDict pid=156337)[0m INFO:2026-07-10 22:17:46,289:update_weights done, time cost: 3.42s
[36m(TaskRunner pid=145845)[0m Training Progress:  47%|████▋     | 35/75 [1:02:11<1:10:30, 105.77s/it]
[36m(WorkerDict pid=156337)[0m INFO:2026-07-10 22:19:24,258:update_weights done, time cost: 3.43s
[36m(TaskRunner pid=145845)[0m Training Progress:  48%|████▊     | 36/75 [1:03:49<1:07:14, 103.44s/it]
[36m(WorkerDict pid=156337)[0m INFO:2026-07-10 22:21:13,372:update_weights done, time cost: 3.38s
[36m(TaskRunner pid=145845)[0m Training Progress:  49%|████▉     | 37/75 [1:05:38<1:06:34, 105.12s/it]

[36m(TaskRunner pid=145845)[0m step:35 - global_seqlen/min:209357 - global_seqlen/max:461204 - global_seqlen/minmax_diff:251847 - global_seqlen/balanced_min:368466 - global_seqlen/balanced_max:368467 - global_seqlen/mean:368466.625 - actor/entropy:0.19300594925880432 - perf/mfu/actor_infer:0.3908251143005805 - actor/pg_clipfrac:0.0 - actor/ppo_kl:0.0 - actor/pg_clipfrac_lower:0.0 - actor/pg_loss:0.003925889741367428 - actor/kl_loss:0.014684226315488866 - actor/kl_coef:0.05000000000000001 - actor/loss:0.004660101607441902 - actor/grad_norm:0.8756234049797058 - actor/lr:5e-07 - perf/mfu/actor:0.29859874622596094 - training/global_step:35 - training/epoch:2 - critic/score/mean:0.19542145729064941 - critic/score/max:0.9687707424163818 - critic/score/min:0.0 - critic/rewards/mean:0.19542145729064941 - critic/rewards/max:0.9687707424163818 - critic/rewards/min:0.0 - critic/advantages/mean:-0.003925888799130917 - critic/advantages/max:3.7499828338623047 - critic/advantages/min:-1.6704761981964111 - critic/returns/mean:-0.003925888799130917 - critic/returns/max:3.7499828338623047 - critic/returns/min:-1.6704761981964111 - response_length/mean:11.0673828125 - response_length/max:16.0 - response_length/min:9.0 - response_length/clip_ratio:0.0 - response_length_non_aborted/mean:11.0673828125 - response_length_non_aborted/max:16.0 - response_length_non_aborted/min:9.0 - response_length_non_aborted/clip_ratio:0.0 - response/aborted_ratio:0.0 - prompt_length/mean:2867.578125 - prompt_length/max:7543.0 - prompt_length/min:557.0 - prompt_length/clip_ratio:0.0 - num_turns/min:2 - num_turns/max:2 - num_turns/mean:2.0 - timing_s/start_profile:6.1332999393926e-05 - timing_s/agent_loop/num_preempted/min:-1 - timing_s/agent_loop/num_preempted/max:-1 - timing_s/agent_loop/num_preempted/mean:-1.0 - timing_s/agent_loop/generate_sequences/min:0.8228707970010873 - timing_s/agent_loop/generate_sequences/max:2.5719889370011515 - timing_s/agent_loop/generate_sequences/mean:1.7809609807529547 - timing_s/agent_loop/tool_calls/min:0.0 - timing_s/agent_loop/tool_calls/max:0.0 - timing_s/agent_loop/tool_calls/mean:0.0 - timing_s/agent_loop/compute_score/min:0.003404941000553663 - timing_s/agent_loop/compute_score/max:0.5067405400004645 - timing_s/agent_loop/compute_score/mean:0.0992774034619135 - timing_s/agent_loop/slowest/generate_sequences:2.420101882000381 - timing_s/agent_loop/slowest/tool_calls:0.0 - timing_s/agent_loop/slowest/compute_score:0.22799006100103725 - timing_s/agent_loop/slowest/num_preempted:-1 - timing_s/agent_loop/slowest/prompt_length:558 - timing_s/agent_loop/slowest/response_length:15 - timing_s/gen:3.8366542019994085 - timing_s/reward:2.3811000573914498e-05 - timing_s/old_log_prob:16.984094043998994 - timing_s/ref:26.98970214399924 - timing_s/adv:0.01462231700133998 - timing_s/update_actor:62.20053622500018 - timing_s/update_weights:5.211589443000776 - timing_s/step:115.41157653600021 - timing_s/stop_profile:3.797200042754412e-05 - timing_per_token_ms/ref:0.009156087794925537 - timing_per_token_ms/gen:0.33853826894903455 - timing_per_token_ms/adv:4.960529668507962e-06 - timing_per_token_ms/update_actor:0.021101143225997803 - perf/total_num_tokens:2947733 - perf/time_per_step:115.41157653600021 - perf/throughput:3192.6314158360415
[36m(TaskRunner pid=145845)[0m step:36 - global_seqlen/min:203153 - global_seqlen/max:371699 - global_seqlen/minmax_diff:168546 - global_seqlen/balanced_min:265368 - global_seqlen/balanced_max:265368 - global_seqlen/mean:265368.0 - actor/entropy:0.24234502017498016 - perf/mfu/actor_infer:0.35547320854955294 - actor/pg_clipfrac:0.0 - actor/ppo_kl:0.0 - actor/pg_clipfrac_lower:0.0 - actor/pg_loss:0.005363089912862051 - actor/kl_loss:0.02414791804807559 - actor/kl_coef:0.05000000000000001 - actor/loss:0.006570484489202499 - actor/grad_norm:1.0192817449569702 - actor/lr:5e-07 - perf/mfu/actor:0.26792618913272265 - training/global_step:36 - training/epoch:2 - critic/score/mean:0.1963488608598709 - critic/score/max:0.9818181991577148 - critic/score/min:0.0 - critic/rewards/mean:0.1963488608598709 - critic/rewards/max:0.9818181991577148 - critic/rewards/min:0.0 - critic/advantages/mean:-0.005363089498132467 - critic/advantages/max:3.749983549118042 - critic/advantages/min:-2.2575252056121826 - critic/returns/mean:-0.005363089498132467 - critic/returns/max:3.749983549118042 - critic/returns/min:-2.2575252056121826 - response_length/mean:11.84375 - response_length/max:17.0 - response_length/min:9.0 - response_length/clip_ratio:0.0 - response_length_non_aborted/mean:11.84375 - response_length_non_aborted/max:17.0 - response_length_non_aborted/min:9.0 - response_length_non_aborted/clip_ratio:0.0 - response/aborted_ratio:0.0 - prompt_length/mean:2061.34375 - prompt_length/max:7886.0 - prompt_length/min:556.0 - prompt_length/clip_ratio:0.0 - num_turns/min:2 - num_turns/max:2 - num_turns/mean:2.0 - timing_s/start_profile:3.062200084968936e-05 - timing_s/agent_loop/num_preempted/min:-1 - timing_s/agent_loop/num_preempted/max:-1 - timing_s/agent_loop/num_preempted/mean:-1.0 - timing_s/agent_loop/generate_sequences/min:0.7604460959992139 - timing_s/agent_loop/generate_sequences/max:2.156624664999981 - timing_s/agent_loop/generate_sequences/mean:1.5788491579482198 - timing_s/agent_loop/tool_calls/min:0.0 - timing_s/agent_loop/tool_calls/max:0.0 - timing_s/agent_loop/tool_calls/mean:0.0 - timing_s/agent_loop/compute_score/min:0.003619322000304237 - timing_s/agent_loop/compute_score/max:0.6794574939995073 - timing_s/agent_loop/compute_score/mean:0.2241353699521511 - timing_s/agent_loop/slowest/generate_sequences:1.5640518460004387 - timing_s/agent_loop/slowest/tool_calls:0.0 - timing_s/agent_loop/slowest/compute_score:0.6457349730007991 - timing_s/agent_loop/slowest/num_preempted:-1 - timing_s/agent_loop/slowest/prompt_length:1382 - timing_s/agent_loop/slowest/response_length:9 - timing_s/gen:3.4925051410009473 - timing_s/reward:2.6652000087779015e-05 - timing_s/old_log_prob:13.863137759000892 - timing_s/ref:25.653410973000064 - timing_s/adv:0.015073312000822625 - timing_s/update_actor:49.6009857400004 - timing_s/update_weights:5.22374336699977 - timing_s/step:97.99895350600127 - timing_s/stop_profile:3.6982000892749056e-05 - timing_per_token_ms/ref:0.012083884913120678 - timing_per_token_ms/gen:0.2879704107025847 - timing_per_token_ms/adv:7.1001929400034225e-06 - timing_per_token_ms/update_actor:0.023364245943369395 - perf/total_num_tokens:2122944 - perf/time_per_step:97.99895350600127 - perf/throughput:2707.8656506648244
[36m(TaskRunner pid=145845)[0m step:37 - global_seqlen/min:183485 - global_seqlen/max:486833 - global_seqlen/minmax_diff:303348 - global_seqlen/balanced_min:327314 - global_seqlen/balanced_max:327340 - global_seqlen/mean:327319.75 - actor/entropy:0.22662442922592163 - perf/mfu/actor_infer:0.3758295750292182 - actor/pg_clipfrac:0.0 - actor/ppo_kl:0.0 - actor/pg_clipfrac_lower:0.0 - actor/pg_loss:0.006855218140117358 - actor/kl_loss:0.018060307129183273 - actor/kl_coef:0.05000000000000001 - actor/loss:0.007758231833577156 - actor/grad_norm:1.3598761558532715 - actor/lr:5e-07 - perf/mfu/actor:0.2874437236536006 - training/global_step:37 - training/epoch:2 - critic/score/mean:0.20848189294338226 - critic/score/max:0.9777777791023254 - critic/score/min:0.0 - critic/rewards/mean:0.20848189294338226 - critic/rewards/max:0.9777777791023254 - critic/rewards/min:0.0 - critic/advantages/mean:-0.006855217274278402 - critic/advantages/max:3.749983072280884 - critic/advantages/min:-2.001861810684204 - critic/returns/mean:-0.006855217274278402 - critic/returns/max:3.749983072280884 - critic/returns/min:-2.001861810684204 - response_length/mean:11.623046875 - response_length/max:190.0 - response_length/min:9.0 - response_length/clip_ratio:0.0 - response_length_non_aborted/mean:11.623046875 - response_length_non_aborted/max:190.0 - response_length_non_aborted/min:9.0 - response_length_non_aborted/clip_ratio:0.0 - response/aborted_ratio:0.0 - prompt_length/mean:2545.5625 - prompt_length/max:7960.0 - prompt_length/min:558.0 - prompt_length/clip_ratio:0.0 - num_turns/min:2 - num_turns/max:2 - num_turns/mean:2.0 - timing_s/start_profile:3.914199987775646e-05 - timing_s/agent_loop/num_preempted/min:-1 - timing_s/agent_loop/num_preempted/max:-1 - timing_s/agent_loop/num_preempted/mean:-1.0 - timing_s/agent_loop/generate_sequences/min:0.763404688999799 - timing_s/agent_loop/generate_sequences/max:2.418003149001379 - timing_s/agent_loop/generate_sequences/mean:1.6832163643769267 - timing_s/agent_loop/tool_calls/min:0.0 - timing_s/agent_loop/tool_calls/max:0.0 - timing_s/agent_loop/tool_calls/mean:0.0 - timing_s/agent_loop/compute_score/min:0.0033594880005693994 - timing_s/agent_loop/compute_score/max:0.6891228499989666 - timing_s/agent_loop/compute_score/mean:0.16212968978606845 - timing_s/agent_loop/slowest/generate_sequences:2.07222727899898 - timing_s/agent_loop/slowest/tool_calls:0.0 - timing_s/agent_loop/slowest/compute_score:0.41190408500006015 - timing_s/agent_loop/slowest/num_preempted:-1 - timing_s/agent_loop/slowest/prompt_length:669 - timing_s/agent_loop/slowest/response_length:15 - timing_s/gen:3.6828492610002286 - timing_s/reward:2.7541000235942192e-05 - timing_s/old_log_prob:16.06410360499831 - timing_s/ref:26.343304005999016 - timing_s/adv:0.014783515998715302 - timing_s/update_actor:57.532059236998975 - timing_s/update_weights:5.230479918000128 - timing_s/step:109.01542369199888 - timing_s/stop_profile:3.9062000723788515e-05 - timing_per_token_ms/ref:0.010060233153513887 - timing_per_token_ms/gen:0.30943112594523847 - timing_per_token_ms/adv:5.645670631971987e-06 - timing_per_token_ms/update_actor:0.0219708936128201 - perf/total_num_tokens:2618558 - perf/time_per_step:109.01542369199888 - perf/throughput:3002.5086259791647[36m(WorkerDict pid=156337)[0m INFO:2026-07-10 22:22:51,283:update_weights done, time cost: 3.10s
[36m(TaskRunner pid=145845)[0m Training Progress:  51%|█████     | 38/75 [1:07:16<1:03:29, 102.97s/it]
[36m(WorkerDict pid=156337)[0m INFO:2026-07-10 22:24:30,392:update_weights done, time cost: 3.05s
[36m(TaskRunner pid=145845)[0m Training Progress:  52%|█████▏    | 39/75 [1:08:55<1:01:05, 101.81s/it]
[36m(WorkerDict pid=156337)[0m INFO:2026-07-10 22:26:17,746:update_weights done, time cost: 3.38s
[36m(TaskRunner pid=145845)[0m Training Progress:  53%|█████▎    | 40/75 [1:10:42<1:00:21, 103.49s/it]

[36m(TaskRunner pid=145845)[0m step:38 - global_seqlen/min:179819 - global_seqlen/max:333222 - global_seqlen/minmax_diff:153403 - global_seqlen/balanced_min:265682 - global_seqlen/balanced_max:265683 - global_seqlen/mean:265682.75 - actor/entropy:0.24977202713489532 - perf/mfu/actor_infer:0.35661753447207895 - actor/pg_clipfrac:0.0 - actor/ppo_kl:0.0 - actor/pg_clipfrac_lower:0.0 - actor/pg_loss:0.011804923592968447 - actor/kl_loss:0.021749845745098653 - actor/kl_coef:0.05000000000000001 - actor/loss:0.01289241760969162 - actor/grad_norm:1.2280197143554688 - actor/lr:5e-07 - perf/mfu/actor:0.2689566205169379 - training/global_step:38 - training/epoch:2 - critic/score/mean:0.19527427852153778 - critic/score/max:0.9642857313156128 - critic/score/min:0.0 - critic/rewards/mean:0.19527427852153778 - critic/rewards/max:0.9642857313156128 - critic/rewards/min:0.0 - critic/advantages/mean:-0.011804922483861446 - critic/advantages/max:3.7499825954437256 - critic/advantages/min:-1.6611989736557007 - critic/returns/mean:-0.011804922483861446 - critic/returns/max:3.7499825954437256 - critic/returns/min:-1.6611989736557007 - response_length/mean:11.943359375 - response_length/max:17.0 - response_length/min:9.0 - response_length/clip_ratio:0.0 - response_length_non_aborted/mean:11.943359375 - response_length_non_aborted/max:17.0 - response_length_non_aborted/min:9.0 - response_length_non_aborted/clip_ratio:0.0 - response/aborted_ratio:0.0 - prompt_length/mean:2063.703125 - prompt_length/max:6890.0 - prompt_length/min:558.0 - prompt_length/clip_ratio:0.0 - num_turns/min:2 - num_turns/max:2 - num_turns/mean:2.0 - timing_s/start_profile:4.052199983561877e-05 - timing_s/agent_loop/num_preempted/min:-1 - timing_s/agent_loop/num_preempted/max:-1 - timing_s/agent_loop/num_preempted/mean:-1.0 - timing_s/agent_loop/generate_sequences/min:0.7703561080015788 - timing_s/agent_loop/generate_sequences/max:2.1658681640001305 - timing_s/agent_loop/generate_sequences/mean:1.5622926750957529 - timing_s/agent_loop/tool_calls/min:0.0 - timing_s/agent_loop/tool_calls/max:0.0 - timing_s/agent_loop/tool_calls/mean:0.0 - timing_s/agent_loop/compute_score/min:0.003583720999813522 - timing_s/agent_loop/compute_score/max:0.6814204540005449 - timing_s/agent_loop/compute_score/mean:0.19599953098539658 - timing_s/agent_loop/slowest/generate_sequences:1.7963894209988212 - timing_s/agent_loop/slowest/tool_calls:0.0 - timing_s/agent_loop/slowest/compute_score:0.4333271710002009 - timing_s/agent_loop/slowest/num_preempted:-1 - timing_s/agent_loop/slowest/prompt_length:692 - timing_s/agent_loop/slowest/response_length:15 - timing_s/gen:3.8995564479992026 - timing_s/reward:2.778100133582484e-05 - timing_s/old_log_prob:13.594762054000967 - timing_s/ref:25.706010289000915 - timing_s/adv:0.014708071999848471 - timing_s/update_actor:49.603434237998954 - timing_s/update_weights:4.986713493000934 - timing_s/step:97.92346376000023 - timing_s/stop_profile:4.128199907427188e-05 - timing_per_token_ms/ref:0.01209431657164462 - timing_per_token_ms/gen:0.3188517128372202 - timing_per_token_ms/adv:6.919941170366006e-06 - timing_per_token_ms/update_actor:0.02333771868798358 - perf/total_num_tokens:2125462 - perf/time_per_step:97.92346376000023 - perf/throughput:2713.1674044043166
[36m(TaskRunner pid=145845)[0m step:39 - global_seqlen/min:110526 - global_seqlen/max:457285 - global_seqlen/minmax_diff:346759 - global_seqlen/balanced_min:274921 - global_seqlen/balanced_max:274922 - global_seqlen/mean:274921.5 - actor/entropy:0.23159879446029663 - perf/mfu/actor_infer:0.36041065314617127 - actor/pg_clipfrac:0.0 - actor/ppo_kl:0.0 - actor/pg_clipfrac_lower:0.0 - actor/pg_loss:0.010110495088156313 - actor/kl_loss:0.021838853668935496 - actor/kl_coef:0.05000000000000001 - actor/loss:0.011202440597116947 - actor/grad_norm:1.616102695465088 - actor/lr:5e-07 - perf/mfu/actor:0.2722407963060501 - training/global_step:39 - training/epoch:2 - critic/score/mean:0.15943874418735504 - critic/score/max:0.9692307710647583 - critic/score/min:0.0 - critic/rewards/mean:0.15943874418735504 - critic/rewards/max:0.9692307710647583 - critic/rewards/min:0.0 - critic/advantages/mean:-0.010110495612025261 - critic/advantages/max:3.7499825954437256 - critic/advantages/min:-1.4243505001068115 - critic/returns/mean:-0.010110495612025261 - critic/returns/max:3.7499825954437256 - critic/returns/min:-1.4243505001068115 - response_length/mean:11.82421875 - response_length/max:16.0 - response_length/min:9.0 - response_length/clip_ratio:0.0 - response_length_non_aborted/mean:11.82421875 - response_length_non_aborted/max:16.0 - response_length_non_aborted/min:9.0 - response_length_non_aborted/clip_ratio:0.0 - response/aborted_ratio:0.0 - prompt_length/mean:2136.0 - prompt_length/max:6772.0 - prompt_length/min:556.0 - prompt_length/clip_ratio:0.0 - num_turns/min:2 - num_turns/max:2 - num_turns/mean:2.0 - timing_s/start_profile:3.5322000258020125e-05 - timing_s/agent_loop/num_preempted/min:-1 - timing_s/agent_loop/num_preempted/max:-1 - timing_s/agent_loop/num_preempted/mean:-1.0 - timing_s/agent_loop/generate_sequences/min:0.7494611410002108 - timing_s/agent_loop/generate_sequences/max:2.217623234999337 - timing_s/agent_loop/generate_sequences/mean:1.5714193543369124 - timing_s/agent_loop/tool_calls/min:0.0 - timing_s/agent_loop/tool_calls/max:0.0 - timing_s/agent_loop/tool_calls/mean:0.0 - timing_s/agent_loop/compute_score/min:0.00333353699897998 - timing_s/agent_loop/compute_score/max:0.7273467740014894 - timing_s/agent_loop/compute_score/mean:0.2146581151132736 - timing_s/agent_loop/slowest/generate_sequences:1.8666819960017165 - timing_s/agent_loop/slowest/tool_calls:0.0 - timing_s/agent_loop/slowest/compute_score:0.41270755699952133 - timing_s/agent_loop/slowest/num_preempted:-1 - timing_s/agent_loop/slowest/prompt_length:1630 - timing_s/agent_loop/slowest/response_length:15 - timing_s/gen:3.4839659779991052 - timing_s/reward:2.982200021506287e-05 - timing_s/old_log_prob:14.203049705000012 - timing_s/ref:25.44876881500022 - timing_s/adv:0.014515910999762127 - timing_s/update_actor:51.037184839000474 - timing_s/update_weights:4.782754855999883 - timing_s/step:99.0862004669998 - timing_s/stop_profile:3.944200034311507e-05 - timing_per_token_ms/ref:0.01157092516181902 - timing_per_token_ms/gen:0.2877408306903787 - timing_per_token_ms/adv:6.6000253707704415e-06 - timing_per_token_ms/update_actor:0.02320534445241663 - perf/total_num_tokens:2199372 - perf/time_per_step:99.0862004669998 - perf/throughput:2774.5689985515323
[36m(TaskRunner pid=145845)[0m step:40 - global_seqlen/min:211418 - global_seqlen/max:435751 - global_seqlen/minmax_diff:224333 - global_seqlen/balanced_min:320454 - global_seqlen/balanced_max:320455 - global_seqlen/mean:320454.75 - actor/entropy:0.20651943981647491 - perf/mfu/actor_infer:0.377352829110109 - actor/pg_clipfrac:0.0 - actor/ppo_kl:0.0 - actor/pg_clipfrac_lower:0.0 - actor/pg_loss:-0.0013502975416486152 - actor/kl_loss:0.021504119374921575 - actor/kl_coef:0.05000000000000001 - actor/loss:-0.0002750977873802185 - actor/grad_norm:1.0690174102783203 - actor/lr:5e-07 - perf/mfu/actor:0.2859949581154109 - training/global_step:40 - training/epoch:2 - critic/score/mean:0.18359863758087158 - critic/score/max:0.9642857313156128 - critic/score/min:0.0 - critic/rewards/mean:0.18359863758087158 - critic/rewards/max:0.9642857313156128 - critic/rewards/min:0.0 - critic/advantages/mean:0.001350299920886755 - critic/advantages/max:3.749925136566162 - critic/advantages/min:-3.749925374984741 - critic/returns/mean:0.001350299920886755 - critic/returns/max:3.749925136566162 - critic/returns/min:-3.749925374984741 - response_length/mean:11.443359375 - response_length/max:17.0 - response_length/min:9.0 - response_length/clip_ratio:0.0 - response_length_non_aborted/mean:11.443359375 - response_length_non_aborted/max:17.0 - response_length_non_aborted/min:9.0 - response_length_non_aborted/clip_ratio:0.0 - response/aborted_ratio:0.0 - prompt_length/mean:2492.109375 - prompt_length/max:7695.0 - prompt_length/min:557.0 - prompt_length/clip_ratio:0.0 - num_turns/min:2 - num_turns/max:2 - num_turns/mean:2.0 - timing_s/start_profile:6.716399911965709e-05 - timing_s/agent_loop/num_preempted/min:-1 - timing_s/agent_loop/num_preempted/max:-1 - timing_s/agent_loop/num_preempted/mean:-1.0 - timing_s/agent_loop/generate_sequences/min:0.7523300719985855 - timing_s/agent_loop/generate_sequences/max:2.397572586998649 - timing_s/agent_loop/generate_sequences/mean:1.6662234168779602 - timing_s/agent_loop/tool_calls/min:0.0 - timing_s/agent_loop/tool_calls/max:0.0 - timing_s/agent_loop/tool_calls/mean:0.0 - timing_s/agent_loop/compute_score/min:0.0035710699994524475 - timing_s/agent_loop/compute_score/max:0.6826940099999774 - timing_s/agent_loop/compute_score/mean:0.15941990447756105 - timing_s/agent_loop/slowest/generate_sequences:1.7726029149998794 - timing_s/agent_loop/slowest/tool_calls:0.0 - timing_s/agent_loop/slowest/compute_score:0.6645560859997204 - timing_s/agent_loop/slowest/num_preempted:-1 - timing_s/agent_loop/slowest/prompt_length:4155 - timing_s/agent_loop/slowest/response_length:9 - timing_s/gen:3.613439508999363 - timing_s/reward:2.976100040541496e-05 - timing_s/old_log_prob:15.350921164999818 - timing_s/ref:26.51627932699921 - timing_s/adv:0.014656220000688336 - timing_s/update_actor:56.5131775459995 - timing_s/update_weights:5.243159619001744 - timing_s/step:107.36712465299934 - timing_s/stop_profile:4.2302001020289026e-05 - timing_per_token_ms/ref:0.01034322292265882 - timing_per_token_ms/gen:0.30836657356198693 - timing_per_token_ms/adv:5.716961599371025e-06 - timing_per_token_ms/update_actor:0.0220441331989928 - perf/total_num_tokens:2563638 - perf/time_per_step:107.36712465299934 - perf/throughput:2984.6636112839965[36m(WorkerDict pid=156337)[0m INFO:2026-07-10 22:27:58,549:update_weights done, time cost: 3.17s
[36m(TaskRunner pid=145845)[0m Training Progress:  55%|█████▍    | 41/75 [1:12:23<58:10, 102.66s/it]
[36m(WorkerDict pid=156337)[0m INFO:2026-07-10 22:29:39,505:update_weights done, time cost: 3.19s
[36m(TaskRunner pid=145845)[0m Training Progress:  56%|█████▌    | 42/75 [1:14:04<56:11, 102.18s/it]
[36m(WorkerDict pid=156337)[0m INFO:2026-07-10 22:31:40,577:update_weights done, time cost: 3.35s
[36m(TaskRunner pid=145845)[0m Training Progress:  57%|█████▋    | 43/75 [1:16:05<57:30, 107.83s/it]

[36m(TaskRunner pid=145845)[0m step:41 - global_seqlen/min:159629 - global_seqlen/max:453211 - global_seqlen/minmax_diff:293582 - global_seqlen/balanced_min:282087 - global_seqlen/balanced_max:282088 - global_seqlen/mean:282087.375 - actor/entropy:0.2162381410598755 - perf/mfu/actor_infer:0.3620020668524639 - actor/pg_clipfrac:0.0 - actor/ppo_kl:0.0 - actor/pg_clipfrac_lower:0.0 - actor/pg_loss:-0.002572277388026123 - actor/kl_loss:0.0227193039539048 - actor/kl_coef:0.05000000000000001 - actor/loss:-0.0014363136142492294 - actor/grad_norm:1.4675875902175903 - actor/lr:5e-07 - perf/mfu/actor:0.27403512793567153 - training/global_step:41 - training/epoch:2 - critic/score/mean:0.19684717059135437 - critic/score/max:0.9731707572937012 - critic/score/min:0.0 - critic/rewards/mean:0.19684717059135437 - critic/rewards/max:0.9731707572937012 - critic/rewards/min:0.0 - critic/advantages/mean:0.0025722759310156107 - critic/advantages/max:3.7499570846557617 - critic/advantages/min:-2.535043716430664 - critic/returns/mean:0.0025722759310156107 - critic/returns/max:3.7499570846557617 - critic/returns/min:-2.535043716430664 - response_length/mean:11.5419921875 - response_length/max:19.0 - response_length/min:9.0 - response_length/clip_ratio:0.0 - response_length_non_aborted/mean:11.5419921875 - response_length_non_aborted/max:19.0 - response_length_non_aborted/min:9.0 - response_length_non_aborted/clip_ratio:0.0 - response/aborted_ratio:0.0 - prompt_length/mean:2192.265625 - prompt_length/max:8156.0 - prompt_length/min:556.0 - prompt_length/clip_ratio:0.0 - num_turns/min:2 - num_turns/max:2 - num_turns/mean:2.0 - timing_s/start_profile:4.046199865115341e-05 - timing_s/agent_loop/num_preempted/min:-1 - timing_s/agent_loop/num_preempted/max:-1 - timing_s/agent_loop/num_preempted/mean:-1.0 - timing_s/agent_loop/generate_sequences/min:0.7969967680000991 - timing_s/agent_loop/generate_sequences/max:2.2131610840006033 - timing_s/agent_loop/generate_sequences/mean:1.6044293922382487 - timing_s/agent_loop/tool_calls/min:0.0 - timing_s/agent_loop/tool_calls/max:0.0 - timing_s/agent_loop/tool_calls/mean:0.0 - timing_s/agent_loop/compute_score/min:0.0034431929998390842 - timing_s/agent_loop/compute_score/max:0.657899890000408 - timing_s/agent_loop/compute_score/mean:0.21100458057911808 - timing_s/agent_loop/slowest/generate_sequences:1.7303695600003266 - timing_s/agent_loop/slowest/tool_calls:0.0 - timing_s/agent_loop/slowest/compute_score:0.5352937299994664 - timing_s/agent_loop/slowest/num_preempted:-1 - timing_s/agent_loop/slowest/prompt_length:890 - timing_s/agent_loop/slowest/response_length:15 - timing_s/gen:3.668615451999358 - timing_s/reward:2.639199919940438e-05 - timing_s/old_log_prob:14.501314625000305 - timing_s/ref:25.464273251000122 - timing_s/adv:0.01495268600046984 - timing_s/update_actor:51.92796520699994 - timing_s/update_weights:4.968556873000125 - timing_s/step:100.6938947280014 - timing_s/stop_profile:6.531399958475959e-05 - timing_per_token_ms/ref:0.011283858968785879 - timing_per_token_ms/gen:0.3103998182586816 - timing_per_token_ms/adv:6.625910677706614e-06 - timing_per_token_ms/update_actor:0.02301058546443276 - perf/total_num_tokens:2256699 - perf/time_per_step:100.6938947280014 - perf/throughput:2801.4347420167464
[36m(TaskRunner pid=145845)[0m step:42 - global_seqlen/min:114563 - global_seqlen/max:420585 - global_seqlen/minmax_diff:306022 - global_seqlen/balanced_min:280832 - global_seqlen/balanced_max:280833 - global_seqlen/mean:280832.375 - actor/entropy:0.24283906817436218 - perf/mfu/actor_infer:0.36031508431603876 - actor/pg_clipfrac:0.0 - actor/ppo_kl:0.0 - actor/pg_clipfrac_lower:0.0 - actor/pg_loss:-0.005592252722635749 - actor/kl_loss:0.02572311072903022 - actor/kl_coef:0.05000000000000001 - actor/loss:-0.004306096583604813 - actor/grad_norm:1.2842241525650024 - actor/lr:5e-07 - perf/mfu/actor:0.2729180658352052 - training/global_step:42 - training/epoch:2 - critic/score/mean:0.18670691549777985 - critic/score/max:0.97265625 - critic/score/min:0.0 - critic/rewards/mean:0.18670691549777985 - critic/rewards/max:0.97265625 - critic/rewards/min:0.0 - critic/advantages/mean:0.005592249799519777 - critic/advantages/max:3.7499818801879883 - critic/advantages/min:-2.5165648460388184 - critic/returns/mean:0.005592249799519777 - critic/returns/max:3.7499818801879883 - critic/returns/min:-2.5165648460388184 - response_length/mean:11.9873046875 - response_length/max:16.0 - response_length/min:9.0 - response_length/clip_ratio:0.0 - response_length_non_aborted/mean:11.9873046875 - response_length_non_aborted/max:16.0 - response_length_non_aborted/min:9.0 - response_length_non_aborted/clip_ratio:0.0 - response/aborted_ratio:0.0 - prompt_length/mean:2182.015625 - prompt_length/max:7499.0 - prompt_length/min:556.0 - prompt_length/clip_ratio:0.0 - num_turns/min:2 - num_turns/max:2 - num_turns/mean:2.0 - timing_s/start_profile:2.994099850184284e-05 - timing_s/agent_loop/num_preempted/min:-1 - timing_s/agent_loop/num_preempted/max:-1 - timing_s/agent_loop/num_preempted/mean:-1.0 - timing_s/agent_loop/generate_sequences/min:0.7959844430006342 - timing_s/agent_loop/generate_sequences/max:2.3051296480007295 - timing_s/agent_loop/generate_sequences/mean:1.694200693429698 - timing_s/agent_loop/tool_calls/min:0.0 - timing_s/agent_loop/tool_calls/max:0.0 - timing_s/agent_loop/tool_calls/mean:0.0 - timing_s/agent_loop/compute_score/min:0.0035733109998545842 - timing_s/agent_loop/compute_score/max:0.613433177000843 - timing_s/agent_loop/compute_score/mean:0.19856870519920022 - timing_s/agent_loop/slowest/generate_sequences:2.0263069230004476 - timing_s/agent_loop/slowest/tool_calls:0.0 - timing_s/agent_loop/slowest/compute_score:0.31538341700070305 - timing_s/agent_loop/slowest/num_preempted:-1 - timing_s/agent_loop/slowest/prompt_length:667 - timing_s/agent_loop/slowest/response_length:15 - timing_s/gen:3.5853316209995683 - timing_s/reward:3.3750999136827886e-05 - timing_s/old_log_prob:14.000759385999118 - timing_s/ref:25.972037404999355 - timing_s/adv:0.01468782200026908 - timing_s/update_actor:52.189191616000244 - timing_s/update_weights:5.07382663899989 - timing_s/step:101.0519244850002 - timing_s/stop_profile:4.3252000978100114e-05 - timing_per_token_ms/ref:0.011560293486906272 - timing_per_token_ms/gen:0.2920840424439567 - timing_per_token_ms/adv:6.537628540988677e-06 - timing_per_token_ms/update_actor:0.023229689782027555 - perf/total_num_tokens:2246659 - perf/time_per_step:101.0519244850002 - perf/throughput:2779.0898236845137
[36m(TaskRunner pid=145845)[0m step:43 - global_seqlen/min:289146 - global_seqlen/max:621696 - global_seqlen/minmax_diff:332550 - global_seqlen/balanced_min:396227 - global_seqlen/balanced_max:396227 - global_seqlen/mean:396227.0 - actor/entropy:0.16679468750953674 - perf/mfu/actor_infer:0.3960443852446844 - actor/pg_clipfrac:0.0 - actor/ppo_kl:0.0 - actor/pg_clipfrac_lower:0.0 - actor/pg_loss:0.0012249453502590768 - actor/kl_loss:0.021378736155442467 - actor/kl_coef:0.05000000000000001 - actor/loss:0.002293881494551897 - actor/grad_norm:1.4040054082870483 - actor/lr:5e-07 - perf/mfu/actor:0.3034833122155981 - training/global_step:43 - training/epoch:2 - critic/score/mean:0.15527279675006866 - critic/score/max:0.9723472595214844 - critic/score/min:0.0 - critic/rewards/mean:0.15527279675006866 - critic/rewards/max:0.9723472595214844 - critic/rewards/min:0.0 - critic/advantages/mean:-0.0012249465798959136 - critic/advantages/max:3.7499845027923584 - critic/advantages/min:-0.8494896292686462 - critic/returns/mean:-0.0012249465798959136 - critic/returns/max:3.7499845027923584 - critic/returns/min:-0.8494896292686462 - response_length/mean:10.9140625 - response_length/max:17.0 - response_length/min:9.0 - response_length/clip_ratio:0.0 - response_length_non_aborted/mean:10.9140625 - response_length_non_aborted/max:17.0 - response_length_non_aborted/min:9.0 - response_length_non_aborted/clip_ratio:0.0 - response/aborted_ratio:0.0 - prompt_length/mean:3084.609375 - prompt_length/max:8034.0 - prompt_length/min:557.0 - prompt_length/clip_ratio:0.0 - num_turns/min:2 - num_turns/max:2 - num_turns/mean:2.0 - timing_s/start_profile:6.286299867497291e-05 - timing_s/agent_loop/num_preempted/min:-1 - timing_s/agent_loop/num_preempted/max:-1 - timing_s/agent_loop/num_preempted/mean:-1.0 - timing_s/agent_loop/generate_sequences/min:0.8254182589989796 - timing_s/agent_loop/generate_sequences/max:2.7462534609985596 - timing_s/agent_loop/generate_sequences/mean:1.8890144459833795 - timing_s/agent_loop/tool_calls/min:0.0 - timing_s/agent_loop/tool_calls/max:0.0 - timing_s/agent_loop/tool_calls/mean:0.0 - timing_s/agent_loop/compute_score/min:0.003504836999127292 - timing_s/agent_loop/compute_score/max:0.603115911999339 - timing_s/agent_loop/compute_score/mean:0.11605689556053456 - timing_s/agent_loop/slowest/generate_sequences:2.4566217699994013 - timing_s/agent_loop/slowest/tool_calls:0.0 - timing_s/agent_loop/slowest/compute_score:0.38183987000047637 - timing_s/agent_loop/slowest/num_preempted:-1 - timing_s/agent_loop/slowest/prompt_length:8034 - timing_s/agent_loop/slowest/response_length:9 - timing_s/gen:4.041840132000289 - timing_s/reward:2.5490999178146012e-05 - timing_s/old_log_prob:17.959434061998763 - timing_s/ref:27.26847365699905 - timing_s/adv:0.015032887999041122 - timing_s/update_actor:66.00233704299899 - timing_s/update_weights:5.546425905000433 - timing_s/step:120.94527070499862 - timing_s/stop_profile:3.992200072389096e-05 - timing_per_token_ms/ref:0.008602541490420595 - timing_per_token_ms/gen:0.36165355511813607 - timing_per_token_ms/adv:4.742511236942814e-06 - timing_per_token_ms/update_actor:0.02082213511541332 - perf/total_num_tokens:3169816 - perf/time_per_step:120.94527070499862 - perf/throughput:3276.0851060183213[36m(WorkerDict pid=156337)[0m INFO:2026-07-10 22:33:26,484:update_weights done, time cost: 3.17s
[36m(TaskRunner pid=145845)[0m Training Progress:  59%|█████▊    | 44/75 [1:17:51<55:25, 107.26s/it]
[36m(WorkerDict pid=156337)[0m INFO:2026-07-10 22:35:20,715:[Rank 0] Saved model to /workspace/verl-x/budget-rl-training-repro/outputs/rl_pct30e5_kl005_full/global_step_45/actor/model_world_size_8_rank_0.pt
[36m(WorkerDict pid=156337)[0m INFO:2026-07-10 22:35:28,884:[Rank 0] Saved optim to /workspace/verl-x/budget-rl-training-repro/outputs/rl_pct30e5_kl005_full/global_step_45/actor/optim_world_size_8_rank_0.pt
[36m(WorkerDict pid=156337)[0m INFO:2026-07-10 22:35:28,885:[Rank 0] Saved extra_state to /workspace/verl-x/budget-rl-training-repro/outputs/rl_pct30e5_kl005_full/global_step_45/actor/extra_state_world_size_8_rank_0.pt
[36m(WorkerDict pid=156344)[0m INFO:2026-07-10 22:35:20,785:[Rank 7] Saved model to /workspace/verl-x/budget-rl-training-repro/outputs/rl_pct30e5_kl005_full/global_step_45/actor/model_world_size_8_rank_7.pt[32m [repeated 7x across cluster][0m
[36m(WorkerDict pid=156337)[0m INFO:2026-07-10 22:35:29,026:[Rank 0] Saved model config and tokenizer class to /workspace/verl-x/budget-rl-training-repro/outputs/rl_pct30e5_kl005_full/global_step_45/actor/huggingface
[36m(WorkerDict pid=156337)[0m INFO:2026-07-10 22:35:33,003:update_weights done, time cost: 3.33s
[36m(TaskRunner pid=145845)[0m Training Progress:  60%|██████    | 45/75 [1:19:58<56:30, 113.03s/it]
[36m(WorkerDict pid=156337)[0m INFO:2026-07-10 22:37:19,048:update_weights done, time cost: 3.21s
[36m(WorkerDict pid=156340)[0m INFO:2026-07-10 22:35:29,058:[Rank 3] Saved optim to /workspace/verl-x/budget-rl-training-repro/outputs/rl_pct30e5_kl005_full/global_step_45/actor/optim_world_size_8_rank_3.pt[32m [repeated 7x across cluster][0m
[36m(WorkerDict pid=156340)[0m INFO:2026-07-10 22:35:29,060:[Rank 3] Saved extra_state to /workspace/verl-x/budget-rl-training-repro/outputs/rl_pct30e5_kl005_full/global_step_45/actor/extra_state_world_size_8_rank_3.pt[32m [repeated 7x across cluster][0m
[36m(TaskRunner pid=145845)[0m Training Progress:  61%|██████▏   | 46/75 [1:21:44<53:37, 110.95s/it]

[36m(TaskRunner pid=145845)[0m step:44 - global_seqlen/min:195145 - global_seqlen/max:457887 - global_seqlen/minmax_diff:262742 - global_seqlen/balanced_min:310883 - global_seqlen/balanced_max:310884 - global_seqlen/mean:310883.5 - actor/entropy:0.23073150217533112 - perf/mfu/actor_infer:0.37258238264877624 - actor/pg_clipfrac:0.0 - actor/ppo_kl:0.0 - actor/pg_clipfrac_lower:0.0 - actor/pg_loss:0.01229626343547352 - actor/kl_loss:0.02694421984675005 - actor/kl_coef:0.05000000000000001 - actor/loss:0.013643475249409676 - actor/grad_norm:1.3827002048492432 - actor/lr:5e-07 - perf/mfu/actor:0.28368039209769386 - training/global_step:44 - training/epoch:2 - critic/score/mean:0.187170147895813 - critic/score/max:0.9775862097740173 - critic/score/min:0.0 - critic/rewards/mean:0.187170147895813 - critic/rewards/max:0.9775862097740173 - critic/rewards/min:0.0 - critic/advantages/mean:-0.012296264991164207 - critic/advantages/max:3.749983787536621 - critic/advantages/min:-3.749925374984741 - critic/returns/mean:-0.012296264991164207 - critic/returns/max:3.749983787536621 - critic/returns/min:-3.749925374984741 - response_length/mean:11.82421875 - response_length/max:17.0 - response_length/min:9.0 - response_length/clip_ratio:0.0 - response_length_non_aborted/mean:11.82421875 - response_length_non_aborted/max:17.0 - response_length_non_aborted/min:9.0 - response_length_non_aborted/clip_ratio:0.0 - response/aborted_ratio:0.0 - prompt_length/mean:2416.953125 - prompt_length/max:7581.0 - prompt_length/min:557.0 - prompt_length/clip_ratio:0.0 - num_turns/min:2 - num_turns/max:2 - num_turns/mean:2.0 - timing_s/start_profile:3.918200127372984e-05 - timing_s/agent_loop/num_preempted/min:-1 - timing_s/agent_loop/num_preempted/max:-1 - timing_s/agent_loop/num_preempted/mean:-1.0 - timing_s/agent_loop/generate_sequences/min:0.773062819000188 - timing_s/agent_loop/generate_sequences/max:2.3638628169992444 - timing_s/agent_loop/generate_sequences/mean:1.7340447978906006 - timing_s/agent_loop/tool_calls/min:0.0 - timing_s/agent_loop/tool_calls/max:0.0 - timing_s/agent_loop/tool_calls/mean:0.0 - timing_s/agent_loop/compute_score/min:0.003399860999707016 - timing_s/agent_loop/compute_score/max:0.6703773770004773 - timing_s/agent_loop/compute_score/mean:0.1918589372773205 - timing_s/agent_loop/slowest/generate_sequences:2.2161103449998336 - timing_s/agent_loop/slowest/tool_calls:0.0 - timing_s/agent_loop/slowest/compute_score:0.2102238910010783 - timing_s/agent_loop/slowest/num_preempted:-1 - timing_s/agent_loop/slowest/prompt_length:557 - timing_s/agent_loop/slowest/response_length:14 - timing_s/gen:3.6979838789993664 - timing_s/reward:2.8391999876475893e-05 - timing_s/old_log_prob:15.386912682000911 - timing_s/ref:25.947588134000398 - timing_s/adv:0.015305836999687017 - timing_s/update_actor:55.36056744400048 - timing_s/update_weights:5.362983926999732 - timing_s/step:105.92652311100028 - timing_s/stop_profile:4.057200021634344e-05 - timing_per_token_ms/ref:0.010433003091994427 - timing_per_token_ms/gen:0.3054165740831984 - timing_per_token_ms/adv:6.154169085721426e-06 - timing_per_token_ms/update_actor:0.022259370248019144 - perf/total_num_tokens:2487068 - perf/time_per_step:105.92652311100028 - perf/throughput:2934.8976145872884
[36m(TaskRunner pid=145845)[0m local_global_step_folder: /workspace/verl-x/budget-rl-training-repro/outputs/rl_pct30e5_kl005_full/global_step_45
[36m(TaskRunner pid=145845)[0m step:45 - global_seqlen/min:270281 - global_seqlen/max:441907 - global_seqlen/minmax_diff:171626 - global_seqlen/balanced_min:356027 - global_seqlen/balanced_max:356028 - global_seqlen/mean:356027.125 - actor/entropy:0.1793368011713028 - perf/mfu/actor_infer:0.38688230891959857 - actor/pg_clipfrac:0.0 - actor/ppo_kl:0.0 - actor/pg_clipfrac_lower:0.0 - actor/pg_loss:0.005267666823783657 - actor/kl_loss:0.025642195488973125 - actor/kl_coef:0.05000000000000001 - actor/loss:0.006549776066094637 - actor/grad_norm:1.6502162218093872 - actor/lr:5e-07 - perf/mfu/actor:0.2958674233345335 - training/global_step:45 - training/epoch:2 - critic/score/mean:0.23562133312225342 - critic/score/max:0.958695650100708 - critic/score/min:0.0 - critic/rewards/mean:0.23562133312225342 - critic/rewards/max:0.958695650100708 - critic/rewards/min:0.0 - critic/advantages/mean:-0.005267664324492216 - critic/advantages/max:3.749925136566162 - critic/advantages/min:-3.749925374984741 - critic/returns/mean:-0.005267664324492216 - critic/returns/max:3.749925136566162 - critic/returns/min:-3.749925374984741 - response_length/mean:11.0712890625 - response_length/max:20.0 - response_length/min:9.0 - response_length/clip_ratio:0.0 - response_length_non_aborted/mean:11.0712890625 - response_length_non_aborted/max:20.0 - response_length_non_aborted/min:9.0 - response_length_non_aborted/clip_ratio:0.0 - response/aborted_ratio:0.0 - prompt_length/mean:2770.390625 - prompt_length/max:7585.0 - prompt_length/min:556.0 - prompt_length/clip_ratio:0.0 - num_turns/min:2 - num_turns/max:2 - num_turns/mean:2.0 - timing_s/start_profile:3.14110002364032e-05 - timing_s/agent_loop/num_preempted/min:-1 - timing_s/agent_loop/num_preempted/max:-1 - timing_s/agent_loop/num_preempted/mean:-1.0 - timing_s/agent_loop/generate_sequences/min:0.8002947179993498 - timing_s/agent_loop/generate_sequences/max:2.479848080998636 - timing_s/agent_loop/generate_sequences/mean:1.82594650856152 - timing_s/agent_loop/tool_calls/min:0.0 - timing_s/agent_loop/tool_calls/max:0.0 - timing_s/agent_loop/tool_calls/mean:0.0 - timing_s/agent_loop/compute_score/min:0.003516886999932467 - timing_s/agent_loop/compute_score/max:0.5546607199994469 - timing_s/agent_loop/compute_score/mean:0.13912221722950413 - timing_s/agent_loop/slowest/generate_sequences:1.997814878999634 - timing_s/agent_loop/slowest/tool_calls:0.0 - timing_s/agent_loop/slowest/compute_score:0.5257248889993207 - timing_s/agent_loop/slowest/num_preempted:-1 - timing_s/agent_loop/slowest/prompt_length:670 - timing_s/agent_loop/slowest/response_length:16 - timing_s/gen:4.220733463000215 - timing_s/reward:1.9601000531110913e-05 - timing_s/old_log_prob:16.56745946600131 - timing_s/ref:26.87255519000064 - timing_s/adv:0.014690949999931036 - timing_s/update_actor:60.4909623579988 - timing_s/save_checkpoint:13.455814569999347 - timing_s/update_weights:4.732035388999066 - timing_s/step:126.47119627699976 - timing_s/stop_profile:3.890200059686322e-05 - timing_per_token_ms/ref:0.009434869319999368 - timing_per_token_ms/gen:0.3722972094028592 - timing_per_token_ms/adv:5.1579461817449425e-06 - timing_per_token_ms/update_actor:0.021238185980211058 - perf/total_num_tokens:2848217 - perf/time_per_step:126.47119627699976 - perf/throughput:2815.0846633902493
[36m(TaskRunner pid=145845)[0m step:46 - global_seqlen/min:206976 - global_seqlen/max:429808 - global_seqlen/minmax_diff:222832 - global_seqlen/balanced_min:298225 - global_seqlen/balanced_max:298226 - global_seqlen/mean:298225.125 - actor/entropy:0.22542215883731842 - perf/mfu/actor_infer:0.3614390428065017 - actor/pg_clipfrac:0.0 - actor/ppo_kl:0.0 - actor/pg_clipfrac_lower:0.0 - actor/pg_loss:0.0018368750297668157 - actor/kl_loss:0.026672686351135164 - actor/kl_coef:0.05000000000000001 - actor/loss:0.003170509822666645 - actor/grad_norm:1.1019275188446045 - actor/lr:5e-07 - perf/mfu/actor:0.27985331355013277 - training/global_step:46 - training/epoch:3 - critic/score/mean:0.20160260796546936 - critic/score/max:0.970588207244873 - critic/score/min:0.0 - critic/rewards/mean:0.20160260796546936 - critic/rewards/max:0.970588207244873 - critic/rewards/min:0.0 - critic/advantages/mean:-0.0018368737073615193 - critic/advantages/max:3.749983549118042 - critic/advantages/min:-3.6803746223449707 - critic/returns/mean:-0.0018368737073615193 - critic/returns/max:3.749983549118042 - critic/returns/min:-3.6803746223449707 - response_length/mean:11.6650390625 - response_length/max:17.0 - response_length/min:9.0 - response_length/clip_ratio:0.0 - response_length_non_aborted/mean:11.6650390625 - response_length_non_aborted/max:17.0 - response_length_non_aborted/min:9.0 - response_length_non_aborted/clip_ratio:0.0 - response/aborted_ratio:0.0 - prompt_length/mean:2318.21875 - prompt_length/max:7777.0 - prompt_length/min:556.0 - prompt_length/clip_ratio:0.0 - num_turns/min:2 - num_turns/max:2 - num_turns/mean:2.0 - timing_s/start_profile:0.00035314900014782324 - timing_s/agent_loop/num_preempted/min:-1 - timing_s/agent_loop/num_preempted/max:-1 - timing_s/agent_loop/num_preempted/mean:-1.0 - timing_s/agent_loop/generate_sequences/min:0.8344871330009482 - timing_s/agent_loop/generate_sequences/max:2.360461836000468 - timing_s/agent_loop/generate_sequences/mean:1.68583025165041 - timing_s/agent_loop/tool_calls/min:0.0 - timing_s/agent_loop/tool_calls/max:0.0 - timing_s/agent_loop/tool_calls/mean:0.0 - timing_s/agent_loop/compute_score/min:0.00368160800098849 - timing_s/agent_loop/compute_score/max:0.741410012000415 - timing_s/agent_loop/compute_score/mean:0.19112753370111335 - timing_s/agent_loop/slowest/generate_sequences:2.158514816001116 - timing_s/agent_loop/slowest/tool_calls:0.0 - timing_s/agent_loop/slowest/compute_score:0.24299810499906016 - timing_s/agent_loop/slowest/num_preempted:-1 - timing_s/agent_loop/slowest/prompt_length:562 - timing_s/agent_loop/slowest/response_length:15 - timing_s/gen:3.9037728410003183 - timing_s/reward:3.889199979312252e-05 - timing_s/old_log_prob:15.978188770999623 - timing_s/ref:25.872098562998872 - timing_s/adv:0.019354001999090542 - timing_s/update_actor:53.95986550500129 - timing_s/update_weights:5.081758850999904 - timing_s/step:105.13020831500035 - timing_s/stop_profile:6.0772999859182164e-05 - timing_per_token_ms/ref:0.010844198054657061 - timing_per_token_ms/gen:0.3268122930933711 - timing_per_token_ms/adv:8.112161072566632e-06 - timing_per_token_ms/update_actor:0.022617085626588842 - perf/total_num_tokens:2385801 - perf/time_per_step:105.13020831500035 - perf/throughput:2836.7215263802364[36m(WorkerDict pid=156337)[0m INFO:2026-07-10 22:38:57,889:update_weights done, time cost: 3.21s
[36m(TaskRunner pid=145845)[0m Training Progress:  63%|██████▎   | 47/75 [1:23:22<50:03, 107.28s/it]
[36m(WorkerDict pid=156337)[0m INFO:2026-07-10 22:40:42,953:update_weights done, time cost: 3.28s
[36m(TaskRunner pid=145845)[0m Training Progress:  64%|██████▍   | 48/75 [1:25:08<47:59, 106.65s/it]
[36m(WorkerDict pid=156337)[0m INFO:2026-07-10 22:42:14,871:update_weights done, time cost: 3.35s
[36m(TaskRunner pid=145845)[0m Training Progress:  65%|██████▌   | 49/75 [1:26:39<44:17, 102.21s/it]

[36m(TaskRunner pid=145845)[0m step:47 - global_seqlen/min:228711 - global_seqlen/max:406127 - global_seqlen/minmax_diff:177416 - global_seqlen/balanced_min:272967 - global_seqlen/balanced_max:272968 - global_seqlen/mean:272967.375 - actor/entropy:0.23673489689826965 - perf/mfu/actor_infer:0.35885112364654187 - actor/pg_clipfrac:0.0 - actor/ppo_kl:0.0 - actor/pg_clipfrac_lower:0.0 - actor/pg_loss:0.009266227934858762 - actor/kl_loss:0.02686462540508916 - actor/kl_coef:0.05000000000000001 - actor/loss:0.010609453544020653 - actor/grad_norm:1.1040446758270264 - actor/lr:5e-07 - perf/mfu/actor:0.2718841433843584 - training/global_step:47 - training/epoch:3 - critic/score/mean:0.19207730889320374 - critic/score/max:0.9687707424163818 - critic/score/min:0.0 - critic/rewards/mean:0.19207730889320374 - critic/rewards/max:0.9687707424163818 - critic/rewards/min:0.0 - critic/advantages/mean:-0.009266230277717113 - critic/advantages/max:3.749981641769409 - critic/advantages/min:-2.5003933906555176 - critic/returns/mean:-0.009266230277717113 - critic/returns/max:3.749981641769409 - critic/returns/min:-2.5003933906555176 - response_length/mean:12.0107421875 - response_length/max:49.0 - response_length/min:9.0 - response_length/clip_ratio:0.0 - response_length_non_aborted/mean:12.0107421875 - response_length_non_aborted/max:49.0 - response_length_non_aborted/min:9.0 - response_length_non_aborted/clip_ratio:0.0 - response/aborted_ratio:0.0 - prompt_length/mean:2120.546875 - prompt_length/max:7499.0 - prompt_length/min:557.0 - prompt_length/clip_ratio:0.0 - num_turns/min:2 - num_turns/max:2 - num_turns/mean:2.0 - timing_s/start_profile:3.6162000469630584e-05 - timing_s/agent_loop/num_preempted/min:-1 - timing_s/agent_loop/num_preempted/max:-1 - timing_s/agent_loop/num_preempted/mean:-1.0 - timing_s/agent_loop/generate_sequences/min:0.8184425990002637 - timing_s/agent_loop/generate_sequences/max:2.4357708910010842 - timing_s/agent_loop/generate_sequences/mean:1.6053198107597701 - timing_s/agent_loop/tool_calls/min:0.0 - timing_s/agent_loop/tool_calls/max:0.0 - timing_s/agent_loop/tool_calls/mean:0.0 - timing_s/agent_loop/compute_score/min:0.00346541100043396 - timing_s/agent_loop/compute_score/max:0.9406338709995907 - timing_s/agent_loop/compute_score/mean:0.2452683878681583 - timing_s/agent_loop/slowest/generate_sequences:2.237331999000162 - timing_s/agent_loop/slowest/tool_calls:0.0 - timing_s/agent_loop/slowest/compute_score:0.24844785800087266 - timing_s/agent_loop/slowest/num_preempted:-1 - timing_s/agent_loop/slowest/prompt_length:562 - timing_s/agent_loop/slowest/response_length:15 - timing_s/gen:3.7264459670004726 - timing_s/reward:2.6652000087779015e-05 - timing_s/old_log_prob:13.641424462000941 - timing_s/ref:25.809510094999496 - timing_s/adv:0.014534848000039347 - timing_s/update_actor:50.38779006100049 - timing_s/update_weights:4.988169787999141 - timing_s/step:98.68842310000036 - timing_s/stop_profile:4.229200021654833e-05 - timing_per_token_ms/ref:0.011818953682193474 - timing_per_token_ms/gen:0.3029877198959649 - timing_per_token_ms/adv:6.655945605239155e-06 - timing_per_token_ms/update_actor:0.02307408992603992 - perf/total_num_tokens:2183739 - perf/time_per_step:98.68842310000036 - perf/throughput:2765.951328692362
[36m(TaskRunner pid=145845)[0m step:48 - global_seqlen/min:160282 - global_seqlen/max:455707 - global_seqlen/minmax_diff:295425 - global_seqlen/balanced_min:304571 - global_seqlen/balanced_max:304572 - global_seqlen/mean:304571.75 - actor/entropy:0.2242942750453949 - perf/mfu/actor_infer:0.37057102398312963 - actor/pg_clipfrac:0.0 - actor/ppo_kl:0.0 - actor/pg_clipfrac_lower:0.0 - actor/pg_loss:0.012710515738945105 - actor/kl_loss:0.025048078072734625 - actor/kl_coef:0.05000000000000001 - actor/loss:0.013962924480438232 - actor/grad_norm:1.5043933391571045 - actor/lr:5e-07 - perf/mfu/actor:0.28048878015789636 - training/global_step:48 - training/epoch:3 - critic/score/mean:0.1944085657596588 - critic/score/max:0.9734693765640259 - critic/score/min:0.0 - critic/rewards/mean:0.1944085657596588 - critic/rewards/max:0.9734693765640259 - critic/rewards/min:0.0 - critic/advantages/mean:-0.012710514478385448 - critic/advantages/max:3.749983787536621 - critic/advantages/min:-3.749925374984741 - critic/returns/mean:-0.012710514478385448 - critic/returns/max:3.749983787536621 - critic/returns/min:-3.749925374984741 - response_length/mean:11.607421875 - response_length/max:16.0 - response_length/min:9.0 - response_length/clip_ratio:0.0 - response_length_non_aborted/mean:11.607421875 - response_length_non_aborted/max:16.0 - response_length_non_aborted/min:9.0 - response_length_non_aborted/clip_ratio:0.0 - response/aborted_ratio:0.0 - prompt_length/mean:2367.859375 - prompt_length/max:8034.0 - prompt_length/min:557.0 - prompt_length/clip_ratio:0.0 - num_turns/min:2 - num_turns/max:2 - num_turns/mean:2.0 - timing_s/start_profile:3.5772000046563335e-05 - timing_s/agent_loop/num_preempted/min:-1 - timing_s/agent_loop/num_preempted/max:-1 - timing_s/agent_loop/num_preempted/mean:-1.0 - timing_s/agent_loop/generate_sequences/min:0.8071485929995106 - timing_s/agent_loop/generate_sequences/max:2.3344064940010867 - timing_s/agent_loop/generate_sequences/mean:1.6673205053115225 - timing_s/agent_loop/tool_calls/min:0.0 - timing_s/agent_loop/tool_calls/max:0.0 - timing_s/agent_loop/tool_calls/mean:0.0 - timing_s/agent_loop/compute_score/min:0.003587802000765805 - timing_s/agent_loop/compute_score/max:0.7179784449999715 - timing_s/agent_loop/compute_score/mean:0.18633442496387786 - timing_s/agent_loop/slowest/generate_sequences:2.131413982000595 - timing_s/agent_loop/slowest/tool_calls:0.0 - timing_s/agent_loop/slowest/compute_score:0.26997833700079354 - timing_s/agent_loop/slowest/num_preempted:-1 - timing_s/agent_loop/slowest/prompt_length:947 - timing_s/agent_loop/slowest/response_length:16 - timing_s/gen:3.631022616998962 - timing_s/reward:2.2550999347004108e-05 - timing_s/old_log_prob:15.122807424999337 - timing_s/ref:26.07925386399984 - timing_s/adv:0.01472102099978656 - timing_s/update_actor:54.98943083700033 - timing_s/update_weights:5.177978420999352 - timing_s/step:105.1642883200002 - timing_s/stop_profile:3.826200008916203e-05 - timing_per_token_ms/ref:0.010703247208580506 - timing_per_token_ms/gen:0.3054873478881846 - timing_per_token_ms/adv:6.041688452633312e-06 - timing_per_token_ms/update_actor:0.02256834015178703 - perf/total_num_tokens:2436574 - perf/time_per_step:105.1642883200002 - perf/throughput:2896.151867383259
[36m(TaskRunner pid=145845)[0m step:49 - global_seqlen/min:115955 - global_seqlen/max:405983 - global_seqlen/minmax_diff:290028 - global_seqlen/balanced_min:230116 - global_seqlen/balanced_max:230116 - global_seqlen/mean:230116.0 - actor/entropy:0.26196223497390747 - perf/mfu/actor_infer:0.33855338733714496 - actor/pg_clipfrac:0.0 - actor/ppo_kl:0.0 - actor/pg_clipfrac_lower:0.0 - actor/pg_loss:0.008907082697078295 - actor/kl_loss:0.031764903511186826 - actor/kl_coef:0.05000000000000001 - actor/loss:0.010495331138372421 - actor/grad_norm:1.4676436185836792 - actor/lr:5e-07 - perf/mfu/actor:0.25480174533232847 - training/global_step:49 - training/epoch:3 - critic/score/mean:0.23229695856571198 - critic/score/max:0.9677419066429138 - critic/score/min:0.0 - critic/rewards/mean:0.23229695856571198 - critic/rewards/max:0.9677419066429138 - critic/rewards/min:0.0 - critic/advantages/mean:-0.008907082490622997 - critic/advantages/max:3.749980926513672 - critic/advantages/min:-3.7199528217315674 - critic/returns/mean:-0.008907082490622997 - critic/returns/max:3.749980926513672 - critic/returns/min:-3.7199528217315674 - response_length/mean:12.625 - response_length/max:20.0 - response_length/min:9.0 - response_length/clip_ratio:0.0 - response_length_non_aborted/mean:12.625 - response_length_non_aborted/max:20.0 - response_length_non_aborted/min:9.0 - response_length_non_aborted/clip_ratio:0.0 - response/aborted_ratio:0.0 - prompt_length/mean:1785.15625 - prompt_length/max:6696.0 - prompt_length/min:557.0 - prompt_length/clip_ratio:0.0 - num_turns/min:2 - num_turns/max:2 - num_turns/mean:2.0 - timing_s/start_profile:3.5351999031263404e-05 - timing_s/agent_loop/num_preempted/min:-1 - timing_s/agent_loop/num_preempted/max:-1 - timing_s/agent_loop/num_preempted/mean:-1.0 - timing_s/agent_loop/generate_sequences/min:0.8295621199995367 - timing_s/agent_loop/generate_sequences/max:2.363546487000349 - timing_s/agent_loop/generate_sequences/mean:1.5617051029453073 - timing_s/agent_loop/tool_calls/min:0.0 - timing_s/agent_loop/tool_calls/max:0.0 - timing_s/agent_loop/tool_calls/mean:0.0 - timing_s/agent_loop/compute_score/min:0.0035332989991729846 - timing_s/agent_loop/compute_score/max:1.0628313659999549 - timing_s/agent_loop/compute_score/mean:0.3401278822304832 - timing_s/agent_loop/slowest/generate_sequences:1.44820904900007 - timing_s/agent_loop/slowest/tool_calls:0.0 - timing_s/agent_loop/slowest/compute_score:0.9719253949988342 - timing_s/agent_loop/slowest/num_preempted:-1 - timing_s/agent_loop/slowest/prompt_length:917 - timing_s/agent_loop/slowest/response_length:15 - timing_s/gen:3.6388953610003227 - timing_s/reward:2.3181000869954005e-05 - timing_s/old_log_prob:12.31794474599883 - timing_s/ref:25.217069950998848 - timing_s/adv:0.016187541999897803 - timing_s/update_actor:45.353988233000564 - timing_s/update_weights:5.1259222030003 - timing_s/step:91.82053229600024 - timing_s/stop_profile:3.9771999581716955e-05 - timing_per_token_ms/ref:0.013698020754205948 - timing_per_token_ms/gen:0.28147396047341605 - timing_per_token_ms/adv:8.793142371617903e-06 - timing_per_token_ms/update_actor:0.024636481292587522 - perf/total_num_tokens:1840928 - perf/time_per_step:91.82053229600024 - perf/throughput:2506.149705799778[36m(WorkerDict pid=156337)[0m INFO:2026-07-10 22:43:59,332:update_weights done, time cost: 2.94s
[36m(TaskRunner pid=145845)[0m Training Progress:  67%|██████▋   | 50/75 [1:28:24<42:52, 102.91s/it]
[36m(WorkerDict pid=156337)[0m INFO:2026-07-10 22:45:37,771:update_weights done, time cost: 3.19s
[36m(TaskRunner pid=145845)[0m Training Progress:  68%|██████▊   | 51/75 [1:30:02<40:37, 101.55s/it]
[36m(WorkerDict pid=156337)[0m INFO:2026-07-10 22:47:23,864:update_weights done, time cost: 3.22s
[36m(TaskRunner pid=145845)[0m Training Progress:  69%|██████▉   | 52/75 [1:31:48<39:27, 102.91s/it]

[36m(TaskRunner pid=145845)[0m step:50 - global_seqlen/min:128170 - global_seqlen/max:418656 - global_seqlen/minmax_diff:290486 - global_seqlen/balanced_min:308202 - global_seqlen/balanced_max:308203 - global_seqlen/mean:308202.25 - actor/entropy:0.2159985899925232 - perf/mfu/actor_infer:0.3718389631952244 - actor/pg_clipfrac:0.0 - actor/ppo_kl:0.0 - actor/pg_clipfrac_lower:0.0 - actor/pg_loss:0.009581997708664858 - actor/kl_loss:0.032063872999629456 - actor/kl_coef:0.05000000000000001 - actor/loss:0.011185193434357643 - actor/grad_norm:1.281106948852539 - actor/lr:5e-07 - perf/mfu/actor:0.28197522713385387 - training/global_step:50 - training/epoch:3 - critic/score/mean:0.214645117521286 - critic/score/max:0.9734693765640259 - critic/score/min:0.0 - critic/rewards/mean:0.214645117521286 - critic/rewards/max:0.9734693765640259 - critic/rewards/min:0.0 - critic/advantages/mean:-0.009581997990608215 - critic/advantages/max:3.749983310699463 - critic/advantages/min:-3.6899826526641846 - critic/returns/mean:-0.009581997990608215 - critic/returns/max:3.749983310699463 - critic/returns/min:-3.6899826526641846 - response_length/mean:11.767578125 - response_length/max:17.0 - response_length/min:9.0 - response_length/clip_ratio:0.0 - response_length_non_aborted/mean:11.767578125 - response_length_non_aborted/max:17.0 - response_length_non_aborted/min:9.0 - response_length_non_aborted/clip_ratio:0.0 - response/aborted_ratio:0.0 - prompt_length/mean:2396.0625 - prompt_length/max:6682.0 - prompt_length/min:556.0 - prompt_length/clip_ratio:0.0 - num_turns/min:2 - num_turns/max:2 - num_turns/mean:2.0 - timing_s/start_profile:3.668200042739045e-05 - timing_s/agent_loop/num_preempted/min:-1 - timing_s/agent_loop/num_preempted/max:-1 - timing_s/agent_loop/num_preempted/mean:-1.0 - timing_s/agent_loop/generate_sequences/min:0.8436803009990399 - timing_s/agent_loop/generate_sequences/max:2.4338760930004355 - timing_s/agent_loop/generate_sequences/mean:1.6917254743340244 - timing_s/agent_loop/tool_calls/min:0.0 - timing_s/agent_loop/tool_calls/max:0.0 - timing_s/agent_loop/tool_calls/mean:0.0 - timing_s/agent_loop/compute_score/min:0.003824244000497856 - timing_s/agent_loop/compute_score/max:0.6804436570000689 - timing_s/agent_loop/compute_score/mean:0.1829177660713217 - timing_s/agent_loop/slowest/generate_sequences:2.1991661449992534 - timing_s/agent_loop/slowest/tool_calls:0.0 - timing_s/agent_loop/slowest/compute_score:0.29043834900039656 - timing_s/agent_loop/slowest/num_preempted:-1 - timing_s/agent_loop/slowest/prompt_length:559 - timing_s/agent_loop/slowest/response_length:14 - timing_s/gen:3.7834252000011475 - timing_s/reward:2.21009995584609e-05 - timing_s/old_log_prob:15.284555017000457 - timing_s/ref:25.909064108000166 - timing_s/adv:0.014593560999855981 - timing_s/update_actor:55.320051126998806 - timing_s/update_weights:4.054094746001283 - timing_s/step:104.515329414 - timing_s/stop_profile:3.88530006603105e-05 - timing_per_token_ms/ref:0.010508142018755608 - timing_per_token_ms/gen:0.3139771950208421 - timing_per_token_ms/adv:5.9188248138422016e-06 - timing_per_token_ms/update_actor:0.022436586335352355 - perf/total_num_tokens:2465618 - perf/time_per_step:104.515329414 - perf/throughput:2948.8712491080355
[36m(TaskRunner pid=145845)[0m step:51 - global_seqlen/min:191269 - global_seqlen/max:380566 - global_seqlen/minmax_diff:189297 - global_seqlen/balanced_min:272718 - global_seqlen/balanced_max:272719 - global_seqlen/mean:272718.125 - actor/entropy:0.21840517222881317 - perf/mfu/actor_infer:0.3586525681706876 - actor/pg_clipfrac:0.0 - actor/ppo_kl:0.0 - actor/pg_clipfrac_lower:0.0 - actor/pg_loss:0.00484243743630941 - actor/kl_loss:0.03406002876887726 - actor/kl_coef:0.05000000000000001 - actor/loss:0.006545439828187227 - actor/grad_norm:1.3648749589920044 - actor/lr:5e-07 - perf/mfu/actor:0.27225901551587317 - training/global_step:51 - training/epoch:3 - critic/score/mean:0.226873978972435 - critic/score/max:0.9810810685157776 - critic/score/min:0.0 - critic/rewards/mean:0.226873978972435 - critic/rewards/max:0.9810810685157776 - critic/rewards/min:0.0 - critic/advantages/mean:-0.004842433612793684 - critic/advantages/max:3.74998140335083 - critic/advantages/min:-2.5617005825042725 - critic/returns/mean:-0.004842433612793684 - critic/returns/max:3.74998140335083 - critic/returns/min:-2.5617005825042725 - response_length/mean:11.8134765625 - response_length/max:24.0 - response_length/min:9.0 - response_length/clip_ratio:0.0 - response_length_non_aborted/mean:11.8134765625 - response_length_non_aborted/max:24.0 - response_length_non_aborted/min:9.0 - response_length_non_aborted/clip_ratio:0.0 - response/aborted_ratio:0.0 - prompt_length/mean:2118.796875 - prompt_length/max:6960.0 - prompt_length/min:557.0 - prompt_length/clip_ratio:0.0 - num_turns/min:2 - num_turns/max:2 - num_turns/mean:2.0 - timing_s/start_profile:4.0422999518341385e-05 - timing_s/agent_loop/num_preempted/min:-1 - timing_s/agent_loop/num_preempted/max:-1 - timing_s/agent_loop/num_preempted/mean:-1.0 - timing_s/agent_loop/generate_sequences/min:0.8148144690003392 - timing_s/agent_loop/generate_sequences/max:2.2471138710006926 - timing_s/agent_loop/generate_sequences/mean:1.632853687514661 - timing_s/agent_loop/tool_calls/min:0.0 - timing_s/agent_loop/tool_calls/max:0.0 - timing_s/agent_loop/tool_calls/mean:0.0 - timing_s/agent_loop/compute_score/min:0.003444783998929779 - timing_s/agent_loop/compute_score/max:0.7288421130015195 - timing_s/agent_loop/compute_score/mean:0.2319348523954936 - timing_s/agent_loop/slowest/generate_sequences:2.2138024979994952 - timing_s/agent_loop/slowest/tool_calls:0.0 - timing_s/agent_loop/slowest/compute_score:0.07090645200150902 - timing_s/agent_loop/slowest/num_preempted:-1 - timing_s/agent_loop/slowest/prompt_length:557 - timing_s/agent_loop/slowest/response_length:16 - timing_s/gen:3.651827643998331 - timing_s/reward:2.5610999728087336e-05 - timing_s/old_log_prob:13.720896361999621 - timing_s/ref:25.754849069000556 - timing_s/adv:0.015006633999291807 - timing_s/update_actor:50.13361726899893 - timing_s/update_weights:4.97844280299978 - timing_s/step:98.369495723 - timing_s/stop_profile:3.674199979286641e-05 - timing_per_token_ms/ref:0.01180470177266388 - timing_per_token_ms/gen:0.3018787834999034 - timing_per_token_ms/adv:6.878271291691654e-06 - timing_per_token_ms/update_actor:0.022978678658137835 - perf/total_num_tokens:2181745 - perf/time_per_step:98.369495723 - perf/throughput:2772.385107756887
[36m(TaskRunner pid=145845)[0m step:52 - global_seqlen/min:143378 - global_seqlen/max:459758 - global_seqlen/minmax_diff:316380 - global_seqlen/balanced_min:310038 - global_seqlen/balanced_max:310038 - global_seqlen/mean:310038.0 - actor/entropy:0.2107275277376175 - perf/mfu/actor_infer:0.3732056173262874 - actor/pg_clipfrac:0.0 - actor/ppo_kl:0.0 - actor/pg_clipfrac_lower:0.0 - actor/pg_loss:0.0012966005724592833 - actor/kl_loss:0.030995304832898182 - actor/kl_coef:0.05000000000000001 - actor/loss:0.0028463653288781643 - actor/grad_norm:1.368186593055725 - actor/lr:5e-07 - perf/mfu/actor:0.2825769814829504 - training/global_step:52 - training/epoch:3 - critic/score/mean:0.1968710869550705 - critic/score/max:0.9765957593917847 - critic/score/min:0.0 - critic/rewards/mean:0.1968710869550705 - critic/rewards/max:0.9765957593917847 - critic/rewards/min:0.0 - critic/advantages/mean:-0.001296600210480392 - critic/advantages/max:3.749983549118042 - critic/advantages/min:-2.481081962585449 - critic/returns/mean:-0.001296600210480392 - critic/returns/max:3.749983549118042 - critic/returns/min:-2.481081962585449 - response_length/mean:11.578125 - response_length/max:17.0 - response_length/min:9.0 - response_length/clip_ratio:0.0 - response_length_non_aborted/mean:11.578125 - response_length_non_aborted/max:17.0 - response_length_non_aborted/min:9.0 - response_length_non_aborted/clip_ratio:0.0 - response/aborted_ratio:0.0 - prompt_length/mean:2410.59375 - prompt_length/max:7352.0 - prompt_length/min:556.0 - prompt_length/clip_ratio:0.0 - num_turns/min:2 - num_turns/max:2 - num_turns/mean:2.0 - timing_s/start_profile:4.117199932807125e-05 - timing_s/agent_loop/num_preempted/min:-1 - timing_s/agent_loop/num_preempted/max:-1 - timing_s/agent_loop/num_preempted/mean:-1.0 - timing_s/agent_loop/generate_sequences/min:0.7917417469998327 - timing_s/agent_loop/generate_sequences/max:2.3871708910010057 - timing_s/agent_loop/generate_sequences/mean:1.6610287241933435 - timing_s/agent_loop/tool_calls/min:0.0 - timing_s/agent_loop/tool_calls/max:0.0 - timing_s/agent_loop/tool_calls/mean:0.0 - timing_s/agent_loop/compute_score/min:0.003421502999117365 - timing_s/agent_loop/compute_score/max:0.6029535149991716 - timing_s/agent_loop/compute_score/mean:0.1582419845458798 - timing_s/agent_loop/slowest/generate_sequences:2.2261289300004137 - timing_s/agent_loop/slowest/tool_calls:0.0 - timing_s/agent_loop/slowest/compute_score:0.1983066040011181 - timing_s/agent_loop/slowest/num_preempted:-1 - timing_s/agent_loop/slowest/prompt_length:1204 - timing_s/agent_loop/slowest/response_length:16 - timing_s/gen:3.706998633000694 - timing_s/reward:2.7812000553240068e-05 - timing_s/old_log_prob:15.294072746000893 - timing_s/ref:26.12976091100063 - timing_s/adv:0.0184526659995754 - timing_s/update_actor:55.74693803700029 - timing_s/update_weights:5.062958624999737 - timing_s/step:106.0745735799992 - timing_s/stop_profile:6.402399958460592e-05 - timing_per_token_ms/ref:0.010534902540575925 - timing_per_token_ms/gen:0.3126685756579533 - timing_per_token_ms/adv:7.43967916818882e-06 - timing_per_token_ms/update_actor:0.022475848943113542 - perf/total_num_tokens:2480304 - perf/time_per_step:106.0745735799992 - perf/throughput:2922.8305100484417[36m(WorkerDict pid=156337)[0m INFO:2026-07-10 22:49:12,300:update_weights done, time cost: 3.28s
[36m(TaskRunner pid=145845)[0m Training Progress:  71%|███████   | 53/75 [1:33:37<38:20, 104.55s/it]
[36m(WorkerDict pid=156337)[0m INFO:2026-07-10 22:51:03,492:update_weights done, time cost: 3.33s
[36m(TaskRunner pid=145845)[0m Training Progress:  72%|███████▏  | 54/75 [1:35:28<37:18, 106.58s/it]
[36m(WorkerDict pid=156337)[0m INFO:2026-07-10 22:52:47,493:update_weights done, time cost: 3.27s
[36m(TaskRunner pid=145845)[0m Training Progress:  73%|███████▎  | 55/75 [1:37:12<35:15, 105.78s/it]

[36m(TaskRunner pid=145845)[0m step:53 - global_seqlen/min:172570 - global_seqlen/max:477419 - global_seqlen/minmax_diff:304849 - global_seqlen/balanced_min:330239 - global_seqlen/balanced_max:330240 - global_seqlen/mean:330239.125 - actor/entropy:0.20662662386894226 - perf/mfu/actor_infer:0.3802825332003512 - actor/pg_clipfrac:0.0 - actor/ppo_kl:0.0 - actor/pg_clipfrac_lower:0.0 - actor/pg_loss:-0.00434721751281586 - actor/kl_loss:0.03331344531751168 - actor/kl_coef:0.05000000000000001 - actor/loss:-0.00268154707737267 - actor/grad_norm:1.123124599456787 - actor/lr:5e-07 - perf/mfu/actor:0.2892510288413553 - training/global_step:53 - training/epoch:3 - critic/score/mean:0.2016030102968216 - critic/score/max:0.9721518754959106 - critic/score/min:0.0 - critic/rewards/mean:0.2016030102968216 - critic/rewards/max:0.9721518754959106 - critic/rewards/min:0.0 - critic/advantages/mean:0.0043472168035805225 - critic/advantages/max:3.7499828338623047 - critic/advantages/min:-2.5617005825042725 - critic/returns/mean:0.0043472168035805225 - critic/returns/max:3.7499828338623047 - critic/returns/min:-2.5617005825042725 - response_length/mean:11.5400390625 - response_length/max:17.0 - response_length/min:9.0 - response_length/clip_ratio:0.0 - response_length_non_aborted/mean:11.5400390625 - response_length_non_aborted/max:17.0 - response_length_non_aborted/min:9.0 - response_length_non_aborted/clip_ratio:0.0 - response/aborted_ratio:0.0 - prompt_length/mean:2568.453125 - prompt_length/max:7258.0 - prompt_length/min:559.0 - prompt_length/clip_ratio:0.0 - num_turns/min:2 - num_turns/max:2 - num_turns/mean:2.0 - timing_s/start_profile:5.25820014445344e-05 - timing_s/agent_loop/num_preempted/min:-1 - timing_s/agent_loop/num_preempted/max:-1 - timing_s/agent_loop/num_preempted/mean:-1.0 - timing_s/agent_loop/generate_sequences/min:0.7552619589987444 - timing_s/agent_loop/generate_sequences/max:2.5061983650011825 - timing_s/agent_loop/generate_sequences/mean:1.7052633993388646 - timing_s/agent_loop/tool_calls/min:0.0 - timing_s/agent_loop/tool_calls/max:0.0 - timing_s/agent_loop/tool_calls/mean:0.0 - timing_s/agent_loop/compute_score/min:0.0037524710005527595 - timing_s/agent_loop/compute_score/max:0.790676048000023 - timing_s/agent_loop/compute_score/mean:0.18723597248830615 - timing_s/agent_loop/slowest/generate_sequences:2.276013041000624 - timing_s/agent_loop/slowest/tool_calls:0.0 - timing_s/agent_loop/slowest/compute_score:0.27675206499952765 - timing_s/agent_loop/slowest/num_preempted:-1 - timing_s/agent_loop/slowest/prompt_length:559 - timing_s/agent_loop/slowest/response_length:16 - timing_s/gen:3.7532625249987177 - timing_s/reward:3.106199983449187e-05 - timing_s/old_log_prob:15.685384803000488 - timing_s/ref:26.416457467001237 - timing_s/adv:0.015850588000830612 - timing_s/update_actor:57.3137655999999 - timing_s/update_weights:5.020693172999017 - timing_s/step:108.3595912159999 - timing_s/stop_profile:4.243199873599224e-05 - timing_per_token_ms/ref:0.009998988409914042 - timing_per_token_ms/gen:0.31761551366664276 - timing_per_token_ms/adv:5.999663123210572e-06 - timing_per_token_ms/update_actor:0.02169403973560064 - perf/total_num_tokens:2641913 - perf/time_per_step:108.3595912159999 - perf/throughput:3047.6224697241046
[36m(TaskRunner pid=145845)[0m step:54 - global_seqlen/min:198697 - global_seqlen/max:491504 - global_seqlen/minmax_diff:292807 - global_seqlen/balanced_min:336800 - global_seqlen/balanced_max:336801 - global_seqlen/mean:336800.125 - actor/entropy:0.20871281623840332 - perf/mfu/actor_infer:0.3788420032401969 - actor/pg_clipfrac:0.0 - actor/ppo_kl:0.0 - actor/pg_clipfrac_lower:0.0 - actor/pg_loss:-0.0010114482529388624 - actor/kl_loss:0.0334116624007017 - actor/kl_coef:0.05000000000000001 - actor/loss:0.0006591379642486572 - actor/grad_norm:1.558580994606018 - actor/lr:5e-07 - perf/mfu/actor:0.28988084403336484 - training/global_step:54 - training/epoch:3 - critic/score/mean:0.24846316874027252 - critic/score/max:0.9690945148468018 - critic/score/min:0.0 - critic/rewards/mean:0.24846316874027252 - critic/rewards/max:0.9690945148468018 - critic/rewards/min:0.0 - critic/advantages/mean:0.0010114457691088319 - critic/advantages/max:3.7499845027923584 - critic/advantages/min:-3.749925374984741 - critic/returns/mean:0.0010114457691088319 - critic/returns/max:3.7499845027923584 - critic/returns/min:-3.749925374984741 - response_length/mean:11.7509765625 - response_length/max:17.0 - response_length/min:9.0 - response_length/clip_ratio:0.0 - response_length_non_aborted/mean:11.7509765625 - response_length_non_aborted/max:17.0 - response_length_non_aborted/min:9.0 - response_length_non_aborted/clip_ratio:0.0 - response/aborted_ratio:0.0 - prompt_length/mean:2619.5 - prompt_length/max:7695.0 - prompt_length/min:556.0 - prompt_length/clip_ratio:0.0 - num_turns/min:2 - num_turns/max:2 - num_turns/mean:2.0 - timing_s/start_profile:6.000299981678836e-05 - timing_s/agent_loop/num_preempted/min:-1 - timing_s/agent_loop/num_preempted/max:-1 - timing_s/agent_loop/num_preempted/mean:-1.0 - timing_s/agent_loop/generate_sequences/min:0.7668089660000987 - timing_s/agent_loop/generate_sequences/max:2.4830399729999044 - timing_s/agent_loop/generate_sequences/mean:1.7634194822119351 - timing_s/agent_loop/tool_calls/min:0.0 - timing_s/agent_loop/tool_calls/max:0.0 - timing_s/agent_loop/tool_calls/mean:0.0 - timing_s/agent_loop/compute_score/min:0.003324068000438274 - timing_s/agent_loop/compute_score/max:0.7209439329999441 - timing_s/agent_loop/compute_score/mean:0.18517428412013182 - timing_s/agent_loop/slowest/generate_sequences:2.324449495999943 - timing_s/agent_loop/slowest/tool_calls:0.0 - timing_s/agent_loop/slowest/compute_score:0.20181510000111302 - timing_s/agent_loop/slowest/num_preempted:-1 - timing_s/agent_loop/slowest/prompt_length:564 - timing_s/agent_loop/slowest/response_length:16 - timing_s/gen:4.008690439999555 - timing_s/reward:3.0310999136418104e-05 - timing_s/old_log_prob:16.409623890998773 - timing_s/ref:26.43000423199919 - timing_s/adv:0.014700345998789999 - timing_s/update_actor:59.06028077600058 - timing_s/update_weights:5.231252460998803 - timing_s/step:111.26957738099918 - timing_s/stop_profile:5.806300032418221e-05 - timing_per_token_ms/ref:0.009809231896810901 - timing_per_token_ms/gen:0.33314139782261737 - timing_per_token_ms/adv:5.455886484153621e-06 - timing_per_token_ms/update_actor:0.021919632889091333 - perf/total_num_tokens:2694401 - perf/time_per_step:111.26957738099918 - perf/throughput:3026.884193572153
[36m(TaskRunner pid=145845)[0m step:55 - global_seqlen/min:187080 - global_seqlen/max:558915 - global_seqlen/minmax_diff:371835 - global_seqlen/balanced_min:302687 - global_seqlen/balanced_max:302688 - global_seqlen/mean:302687.875 - actor/entropy:0.20963923633098602 - perf/mfu/actor_infer:0.3717170319741732 - actor/pg_clipfrac:0.0 - actor/ppo_kl:0.0 - actor/pg_clipfrac_lower:0.0 - actor/pg_loss:0.0015583561316816485 - actor/kl_loss:0.038167396869742326 - actor/kl_coef:0.05000000000000001 - actor/loss:0.0034667239524424076 - actor/grad_norm:1.163512110710144 - actor/lr:5e-07 - perf/mfu/actor:0.2811956790364059 - training/global_step:55 - training/epoch:3 - critic/score/mean:0.2354370504617691 - critic/score/max:0.9676165580749512 - critic/score/min:0.0 - critic/rewards/mean:0.2354370504617691 - critic/rewards/max:0.9676165580749512 - critic/rewards/min:0.0 - critic/advantages/mean:-0.0015583598287776113 - critic/advantages/max:3.749983310699463 - critic/advantages/min:-2.5415854454040527 - critic/returns/mean:-0.0015583598287776113 - critic/returns/max:3.749983310699463 - critic/returns/min:-2.5415854454040527 - response_length/mean:11.9365234375 - response_length/max:57.0 - response_length/min:9.0 - response_length/clip_ratio:0.0 - response_length_non_aborted/mean:11.9365234375 - response_length_non_aborted/max:57.0 - response_length_non_aborted/min:9.0 - response_length_non_aborted/clip_ratio:0.0 - response/aborted_ratio:0.0 - prompt_length/mean:2352.8125 - prompt_length/max:7448.0 - prompt_length/min:556.0 - prompt_length/clip_ratio:0.0 - num_turns/min:2 - num_turns/max:2 - num_turns/mean:2.0 - timing_s/start_profile:4.2152001697104424e-05 - timing_s/agent_loop/num_preempted/min:-1 - timing_s/agent_loop/num_preempted/max:-1 - timing_s/agent_loop/num_preempted/mean:-1.0 - timing_s/agent_loop/generate_sequences/min:0.7806515230004152 - timing_s/agent_loop/generate_sequences/max:2.3662077950011735 - timing_s/agent_loop/generate_sequences/mean:1.65298376076756 - timing_s/agent_loop/tool_calls/min:0.0 - timing_s/agent_loop/tool_calls/max:0.0 - timing_s/agent_loop/tool_calls/mean:0.0 - timing_s/agent_loop/compute_score/min:0.0037850419994356344 - timing_s/agent_loop/compute_score/max:0.7292608669995388 - timing_s/agent_loop/compute_score/mean:0.19344739531152833 - timing_s/agent_loop/slowest/generate_sequences:2.2893366169992078 - timing_s/agent_loop/slowest/tool_calls:0.0 - timing_s/agent_loop/slowest/compute_score:0.12276893999842287 - timing_s/agent_loop/slowest/num_preempted:-1 - timing_s/agent_loop/slowest/prompt_length:852 - timing_s/agent_loop/slowest/response_length:16 - timing_s/gen:3.7024369049995585 - timing_s/reward:2.2801999875809997e-05 - timing_s/old_log_prob:14.612990636000177 - timing_s/ref:26.170732394999504 - timing_s/adv:0.016537735999008873 - timing_s/update_actor:54.09704718099965 - timing_s/update_weights:5.198599727998953 - timing_s/step:103.91608426099992 - timing_s/stop_profile:3.981299960287288e-05 - timing_per_token_ms/ref:0.010807639881098435 - timing_per_token_ms/gen:0.3029073799394223 - timing_per_token_ms/adv:6.829533557880735e-06 - timing_per_token_ms/update_actor:0.022340276754148004 - perf/total_num_tokens:2421503 - perf/time_per_step:103.91608426099992 - perf/throughput:2912.8106313143658[36m(WorkerDict pid=156337)[0m INFO:2026-07-10 22:54:37,938:update_weights done, time cost: 3.28s
[36m(TaskRunner pid=145845)[0m Training Progress:  75%|███████▍  | 56/75 [1:39:03<33:56, 107.19s/it]
[36m(WorkerDict pid=156337)[0m INFO:2026-07-10 22:56:31,181:update_weights done, time cost: 3.29s
[36m(TaskRunner pid=145845)[0m Training Progress:  76%|███████▌  | 57/75 [1:40:56<32:42, 109.01s/it]
[36m(WorkerDict pid=156337)[0m INFO:2026-07-10 22:58:04,119:update_weights done, time cost: 3.18s
[36m(TaskRunner pid=145845)[0m Training Progress:  77%|███████▋  | 58/75 [1:42:29<29:30, 104.16s/it]

[36m(TaskRunner pid=145845)[0m step:56 - global_seqlen/min:174275 - global_seqlen/max:418260 - global_seqlen/minmax_diff:243985 - global_seqlen/balanced_min:334491 - global_seqlen/balanced_max:334491 - global_seqlen/mean:334491.0 - actor/entropy:0.20956198871135712 - perf/mfu/actor_infer:0.3792329364971984 - actor/pg_clipfrac:0.0 - actor/ppo_kl:0.0 - actor/pg_clipfrac_lower:0.0 - actor/pg_loss:-0.0017815623823480564 - actor/kl_loss:0.0367514107594544 - actor/kl_coef:0.05000000000000001 - actor/loss:5.600787699222565e-05 - actor/grad_norm:1.0653561353683472 - actor/lr:5e-07 - perf/mfu/actor:0.29008323591418167 - training/global_step:56 - training/epoch:3 - critic/score/mean:0.21654117107391357 - critic/score/max:0.9709543585777283 - critic/score/min:0.0 - critic/rewards/mean:0.21654117107391357 - critic/rewards/max:0.9709543585777283 - critic/rewards/min:0.0 - critic/advantages/mean:0.001781563856638968 - critic/advantages/max:3.749983310699463 - critic/advantages/min:-3.515434980392456 - critic/returns/mean:0.001781563856638968 - critic/returns/max:3.749983310699463 - critic/returns/min:-3.515434980392456 - response_length/mean:11.8515625 - response_length/max:17.0 - response_length/min:9.0 - response_length/clip_ratio:0.0 - response_length_non_aborted/mean:11.8515625 - response_length_non_aborted/max:17.0 - response_length_non_aborted/min:9.0 - response_length_non_aborted/clip_ratio:0.0 - response/aborted_ratio:0.0 - prompt_length/mean:2601.359375 - prompt_length/max:7886.0 - prompt_length/min:557.0 - prompt_length/clip_ratio:0.0 - num_turns/min:2 - num_turns/max:2 - num_turns/mean:2.0 - timing_s/start_profile:4.097300006833393e-05 - timing_s/agent_loop/num_preempted/min:-1 - timing_s/agent_loop/num_preempted/max:-1 - timing_s/agent_loop/num_preempted/mean:-1.0 - timing_s/agent_loop/generate_sequences/min:0.8053953199996613 - timing_s/agent_loop/generate_sequences/max:2.4094327890015848 - timing_s/agent_loop/generate_sequences/mean:1.7060775826415888 - timing_s/agent_loop/tool_calls/min:0.0 - timing_s/agent_loop/tool_calls/max:0.0 - timing_s/agent_loop/tool_calls/mean:0.0 - timing_s/agent_loop/compute_score/min:0.0036134839992882917 - timing_s/agent_loop/compute_score/max:0.6193862199997966 - timing_s/agent_loop/compute_score/mean:0.16289059811034967 - timing_s/agent_loop/slowest/generate_sequences:2.2561630300006073 - timing_s/agent_loop/slowest/tool_calls:0.0 - timing_s/agent_loop/slowest/compute_score:0.20620720999977493 - timing_s/agent_loop/slowest/num_preempted:-1 - timing_s/agent_loop/slowest/prompt_length:879 - timing_s/agent_loop/slowest/response_length:15 - timing_s/gen:3.89498174900109 - timing_s/reward:2.6080999305122532e-05 - timing_s/old_log_prob:16.451092286000858 - timing_s/ref:26.259043770000062 - timing_s/adv:0.014629142000558204 - timing_s/update_actor:58.49638621000122 - timing_s/update_weights:5.126269877000595 - timing_s/step:110.44406724100008 - timing_s/stop_profile:3.6842000554315746e-05 - timing_per_token_ms/ref:0.00981306065409834 - timing_per_token_ms/gen:0.32094444207326056 - timing_per_token_ms/adv:5.466941562163931e-06 - timing_per_token_ms/update_actor:0.021860224269861228 - perf/total_num_tokens:2675928 - perf/time_per_step:110.44406724100008 - perf/throughput:3028.600886909633
[36m(TaskRunner pid=145845)[0m step:57 - global_seqlen/min:208047 - global_seqlen/max:515625 - global_seqlen/minmax_diff:307578 - global_seqlen/balanced_min:355588 - global_seqlen/balanced_max:355589 - global_seqlen/mean:355588.375 - actor/entropy:0.18173882365226746 - perf/mfu/actor_infer:0.3874818184886124 - actor/pg_clipfrac:0.0 - actor/ppo_kl:0.0 - actor/pg_clipfrac_lower:0.0 - actor/pg_loss:0.0026253792329953285 - actor/kl_loss:0.037675957373029714 - actor/kl_coef:0.05000000000000001 - actor/loss:0.004509177524596453 - actor/grad_norm:0.9385719299316406 - actor/lr:5e-07 - perf/mfu/actor:0.29497205325849024 - training/global_step:57 - training/epoch:3 - critic/score/mean:0.1779325306415558 - critic/score/max:0.9480426907539368 - critic/score/min:0.0 - critic/rewards/mean:0.1779325306415558 - critic/rewards/max:0.9480426907539368 - critic/rewards/min:0.0 - critic/advantages/mean:-0.0026253804098814726 - critic/advantages/max:3.749983787536621 - critic/advantages/min:-3.63543701171875 - critic/returns/mean:-0.0026253804098814726 - critic/returns/max:3.749983787536621 - critic/returns/min:-3.63543701171875 - response_length/mean:11.3310546875 - response_length/max:17.0 - response_length/min:9.0 - response_length/clip_ratio:0.0 - response_length_non_aborted/mean:11.3310546875 - response_length_non_aborted/max:17.0 - response_length_non_aborted/min:9.0 - response_length_non_aborted/clip_ratio:0.0 - response/aborted_ratio:0.0 - prompt_length/mean:2766.703125 - prompt_length/max:8102.0 - prompt_length/min:556.0 - prompt_length/clip_ratio:0.0 - num_turns/min:2 - num_turns/max:2 - num_turns/mean:2.0 - timing_s/start_profile:3.6252000427339226e-05 - timing_s/agent_loop/num_preempted/min:-1 - timing_s/agent_loop/num_preempted/max:-1 - timing_s/agent_loop/num_preempted/mean:-1.0 - timing_s/agent_loop/generate_sequences/min:0.8170760929988319 - timing_s/agent_loop/generate_sequences/max:2.601328366999951 - timing_s/agent_loop/generate_sequences/mean:1.7376025971884559 - timing_s/agent_loop/tool_calls/min:0.0 - timing_s/agent_loop/tool_calls/max:0.0 - timing_s/agent_loop/tool_calls/mean:0.0 - timing_s/agent_loop/compute_score/min:0.003357980000146199 - timing_s/agent_loop/compute_score/max:0.7247783059992798 - timing_s/agent_loop/compute_score/mean:0.14132132067970637 - timing_s/agent_loop/slowest/generate_sequences:2.5633764659996814 - timing_s/agent_loop/slowest/tool_calls:0.0 - timing_s/agent_loop/slowest/compute_score:0.06265378100033558 - timing_s/agent_loop/slowest/num_preempted:-1 - timing_s/agent_loop/slowest/prompt_length:674 - timing_s/agent_loop/slowest/response_length:15 - timing_s/gen:3.853845319001266 - timing_s/reward:2.68320000031963e-05 - timing_s/old_log_prob:16.468864561000373 - timing_s/ref:26.925158705000285 - timing_s/adv:0.015529819998846506 - timing_s/update_actor:60.780041815000004 - timing_s/update_weights:5.067109550000168 - timing_s/step:113.22607738000079 - timing_s/stop_profile:3.7292000342858955e-05 - timing_per_token_ms/ref:0.009465002443133962 - timing_per_token_ms/gen:0.3321421459106495 - timing_per_token_ms/adv:5.459198433739048e-06 - timing_per_token_ms/update_actor:0.02136601126759276 - perf/total_num_tokens:2844707 - perf/time_per_step:113.22607738000079 - perf/throughput:3140.516595011953
[36m(TaskRunner pid=145845)[0m step:58 - global_seqlen/min:173165 - global_seqlen/max:301123 - global_seqlen/minmax_diff:127958 - global_seqlen/balanced_min:243230 - global_seqlen/balanced_max:243231 - global_seqlen/mean:243230.375 - actor/entropy:0.22630977630615234 - perf/mfu/actor_infer:0.34553894465415413 - actor/pg_clipfrac:0.0 - actor/ppo_kl:0.0 - actor/pg_clipfrac_lower:0.0 - actor/pg_loss:0.0006500736215997449 - actor/kl_loss:0.04431340354979047 - actor/kl_coef:0.05000000000000001 - actor/loss:0.002865741029381752 - actor/grad_norm:1.0000286102294922 - actor/lr:5e-07 - perf/mfu/actor:0.26183366103171674 - training/global_step:58 - training/epoch:3 - critic/score/mean:0.22609038650989532 - critic/score/max:0.9644860029220581 - critic/score/min:0.0 - critic/rewards/mean:0.22609038650989532 - critic/rewards/max:0.9644860029220581 - critic/rewards/min:0.0 - critic/advantages/mean:-0.0006500731687992811 - critic/advantages/max:3.7499842643737793 - critic/advantages/min:-3.7174196243286133 - critic/returns/mean:-0.0006500731687992811 - critic/returns/max:3.7499842643737793 - critic/returns/min:-3.7174196243286133 - response_length/mean:12.0498046875 - response_length/max:17.0 - response_length/min:9.0 - response_length/clip_ratio:0.0 - response_length_non_aborted/mean:12.0498046875 - response_length_non_aborted/max:17.0 - response_length_non_aborted/min:9.0 - response_length_non_aborted/clip_ratio:0.0 - response/aborted_ratio:0.0 - prompt_length/mean:1888.1875 - prompt_length/max:7313.0 - prompt_length/min:557.0 - prompt_length/clip_ratio:0.0 - num_turns/min:2 - num_turns/max:2 - num_turns/mean:2.0 - timing_s/start_profile:3.702200046973303e-05 - timing_s/agent_loop/num_preempted/min:-1 - timing_s/agent_loop/num_preempted/max:-1 - timing_s/agent_loop/num_preempted/mean:-1.0 - timing_s/agent_loop/generate_sequences/min:0.8164043779997883 - timing_s/agent_loop/generate_sequences/max:2.063987699999416 - timing_s/agent_loop/generate_sequences/mean:1.508935536400358 - timing_s/agent_loop/tool_calls/min:0.0 - timing_s/agent_loop/tool_calls/max:0.0 - timing_s/agent_loop/tool_calls/mean:0.0 - timing_s/agent_loop/compute_score/min:0.0036890169994876487 - timing_s/agent_loop/compute_score/max:0.7341039989987621 - timing_s/agent_loop/compute_score/mean:0.257373758534186 - timing_s/agent_loop/slowest/generate_sequences:1.4959120479998091 - timing_s/agent_loop/slowest/tool_calls:0.0 - timing_s/agent_loop/slowest/compute_score:0.6241329589993256 - timing_s/agent_loop/slowest/num_preempted:-1 - timing_s/agent_loop/slowest/prompt_length:559 - timing_s/agent_loop/slowest/response_length:16 - timing_s/gen:3.394817852000415 - timing_s/reward:2.856199898815248e-05 - timing_s/old_log_prob:13.054658798000673 - timing_s/ref:24.818470550999336 - timing_s/adv:0.015192842000033124 - timing_s/update_actor:46.534062319999066 - timing_s/update_weights:4.919014109000273 - timing_s/step:92.85145725300026 - timing_s/stop_profile:3.7551999412244186e-05 - timing_per_token_ms/ref:0.012754611009726548 - timing_per_token_ms/gen:0.27512909085018356 - timing_per_token_ms/adv:7.807845751190164e-06 - timing_per_token_ms/update_actor:0.023914602730024503 - perf/total_num_tokens:1945843 - perf/time_per_step:92.85145725300026 - perf/throughput:2619.5644332996253[36m(WorkerDict pid=156337)[0m INFO:2026-07-10 22:59:48,029:update_weights done, time cost: 3.25s
[36m(TaskRunner pid=145845)[0m Training Progress:  79%|███████▊  | 59/75 [1:44:13<27:45, 104.10s/it]
[36m(WorkerDict pid=156337)[0m INFO:2026-07-10 23:01:44,588:[Rank 0] Saved model to /workspace/verl-x/budget-rl-training-repro/outputs/rl_pct30e5_kl005_full/global_step_60/actor/model_world_size_8_rank_0.pt
[36m(WorkerDict pid=156341)[0m INFO:2026-07-10 23:01:52,720:[Rank 4] Saved optim to /workspace/verl-x/budget-rl-training-repro/outputs/rl_pct30e5_kl005_full/global_step_60/actor/optim_world_size_8_rank_4.pt
[36m(WorkerDict pid=156341)[0m INFO:2026-07-10 23:01:52,722:[Rank 4] Saved extra_state to /workspace/verl-x/budget-rl-training-repro/outputs/rl_pct30e5_kl005_full/global_step_60/actor/extra_state_world_size_8_rank_4.pt
[36m(WorkerDict pid=156344)[0m INFO:2026-07-10 23:01:44,742:[Rank 7] Saved model to /workspace/verl-x/budget-rl-training-repro/outputs/rl_pct30e5_kl005_full/global_step_60/actor/model_world_size_8_rank_7.pt[32m [repeated 7x across cluster][0m
[36m(WorkerDict pid=156337)[0m INFO:2026-07-10 23:01:52,991:[Rank 0] Saved model config and tokenizer class to /workspace/verl-x/budget-rl-training-repro/outputs/rl_pct30e5_kl005_full/global_step_60/actor/huggingface
[36m(WorkerDict pid=156337)[0m INFO:2026-07-10 23:01:57,188:update_weights done, time cost: 3.36s
[36m(TaskRunner pid=145845)[0m Training Progress:  80%|████████  | 60/75 [1:46:22<27:54, 111.63s/it]
[36m(WorkerDict pid=156344)[0m INFO:2026-07-10 23:01:52,897:[Rank 7] Saved optim to /workspace/verl-x/budget-rl-training-repro/outputs/rl_pct30e5_kl005_full/global_step_60/actor/optim_world_size_8_rank_7.pt[32m [repeated 7x across cluster][0m
[36m(WorkerDict pid=156344)[0m INFO:2026-07-10 23:01:52,898:[Rank 7] Saved extra_state to /workspace/verl-x/budget-rl-training-repro/outputs/rl_pct30e5_kl005_full/global_step_60/actor/extra_state_world_size_8_rank_7.pt[32m [repeated 7x across cluster][0m
[36m(WorkerDict pid=156337)[0m INFO:2026-07-10 23:03:34,407:update_weights done, time cost: 3.10s
[36m(TaskRunner pid=145845)[0m Training Progress:  81%|████████▏ | 61/75 [1:47:59<25:02, 107.29s/it]

[36m(TaskRunner pid=145845)[0m step:59 - global_seqlen/min:146419 - global_seqlen/max:411039 - global_seqlen/minmax_diff:264620 - global_seqlen/balanced_min:300951 - global_seqlen/balanced_max:300951 - global_seqlen/mean:300951.0 - actor/entropy:0.20204532146453857 - perf/mfu/actor_infer:0.3689061637245083 - actor/pg_clipfrac:0.0 - actor/ppo_kl:0.0 - actor/pg_clipfrac_lower:0.0 - actor/pg_loss:0.014737196761416271 - actor/kl_loss:0.03773393321581257 - actor/kl_coef:0.05000000000000001 - actor/loss:0.01662389189004898 - actor/grad_norm:1.7889481782913208 - actor/lr:5e-07 - perf/mfu/actor:0.28024074889788825 - training/global_step:59 - training/epoch:3 - critic/score/mean:0.19509433209896088 - critic/score/max:0.9704347848892212 - critic/score/min:0.0 - critic/rewards/mean:0.19509433209896088 - critic/rewards/max:0.9704347848892212 - critic/rewards/min:0.0 - critic/advantages/mean:-0.014737200923264027 - critic/advantages/max:3.749983072280884 - critic/advantages/min:-3.6382012367248535 - critic/returns/mean:-0.014737200923264027 - critic/returns/max:3.749983072280884 - critic/returns/min:-3.6382012367248535 - response_length/mean:11.6015625 - response_length/max:16.0 - response_length/min:9.0 - response_length/clip_ratio:0.0 - response_length_non_aborted/mean:11.6015625 - response_length_non_aborted/max:16.0 - response_length_non_aborted/min:9.0 - response_length_non_aborted/clip_ratio:0.0 - response/aborted_ratio:0.0 - prompt_length/mean:2339.578125 - prompt_length/max:7960.0 - prompt_length/min:556.0 - prompt_length/clip_ratio:0.0 - num_turns/min:2 - num_turns/max:2 - num_turns/mean:2.0 - timing_s/start_profile:3.601199932745658e-05 - timing_s/agent_loop/num_preempted/min:-1 - timing_s/agent_loop/num_preempted/max:-1 - timing_s/agent_loop/num_preempted/mean:-1.0 - timing_s/agent_loop/generate_sequences/min:0.8151114100000996 - timing_s/agent_loop/generate_sequences/max:2.311120934999053 - timing_s/agent_loop/generate_sequences/mean:1.6761670082754048 - timing_s/agent_loop/tool_calls/min:0.0 - timing_s/agent_loop/tool_calls/max:0.0 - timing_s/agent_loop/tool_calls/mean:0.0 - timing_s/agent_loop/compute_score/min:0.003424652999456157 - timing_s/agent_loop/compute_score/max:0.4862659940008598 - timing_s/agent_loop/compute_score/mean:0.13384586166502466 - timing_s/agent_loop/slowest/generate_sequences:2.1745688209994114 - timing_s/agent_loop/slowest/tool_calls:0.0 - timing_s/agent_loop/slowest/compute_score:0.22924195900122868 - timing_s/agent_loop/slowest/num_preempted:-1 - timing_s/agent_loop/slowest/prompt_length:565 - timing_s/agent_loop/slowest/response_length:15 - timing_s/gen:3.914919831999214 - timing_s/reward:2.790200051094871e-05 - timing_s/old_log_prob:14.708773458998621 - timing_s/ref:26.19905824900161 - timing_s/adv:0.01463528100066469 - timing_s/update_actor:53.91918401200019 - timing_s/update_weights:5.065245153999058 - timing_s/step:103.93813796700124 - timing_s/stop_profile:3.863200072373729e-05 - timing_per_token_ms/ref:0.010881779030889417 - timing_per_token_ms/gen:0.3295387063972402 - timing_per_token_ms/adv:6.078764068180821e-06 - timing_per_token_ms/update_actor:0.022395333464584014 - perf/total_num_tokens:2407608 - perf/time_per_step:103.93813796700124 - perf/throughput:2895.4819269087475
[36m(TaskRunner pid=145845)[0m local_global_step_folder: /workspace/verl-x/budget-rl-training-repro/outputs/rl_pct30e5_kl005_full/global_step_60
[36m(TaskRunner pid=145845)[0m step:60 - global_seqlen/min:174454 - global_seqlen/max:463963 - global_seqlen/minmax_diff:289509 - global_seqlen/balanced_min:368259 - global_seqlen/balanced_max:368260 - global_seqlen/mean:368259.25 - actor/entropy:0.17662179470062256 - perf/mfu/actor_infer:0.38919333360870584 - actor/pg_clipfrac:0.0 - actor/ppo_kl:0.0 - actor/pg_clipfrac_lower:0.0 - actor/pg_loss:0.012976890277059283 - actor/kl_loss:0.03569652277142106 - actor/kl_coef:0.05000000000000001 - actor/loss:0.014761717990040779 - actor/grad_norm:1.1305063962936401 - actor/lr:5e-07 - perf/mfu/actor:0.2973126810877894 - training/global_step:60 - training/epoch:3 - critic/score/mean:0.19733531773090363 - critic/score/max:0.9336448311805725 - critic/score/min:0.0 - critic/rewards/mean:0.19733531773090363 - critic/rewards/max:0.9336448311805725 - critic/rewards/min:0.0 - critic/advantages/mean:-0.012976890429854393 - critic/advantages/max:3.7499804496765137 - critic/advantages/min:-3.697539806365967 - critic/returns/mean:-0.012976890429854393 - critic/returns/max:3.7499804496765137 - critic/returns/min:-3.697539806365967 - response_length/mean:11.384765625 - response_length/max:16.0 - response_length/min:9.0 - response_length/clip_ratio:0.0 - response_length_non_aborted/mean:11.384765625 - response_length_non_aborted/max:16.0 - response_length_non_aborted/min:9.0 - response_length_non_aborted/clip_ratio:0.0 - response/aborted_ratio:0.0 - prompt_length/mean:2865.640625 - prompt_length/max:8156.0 - prompt_length/min:557.0 - prompt_length/clip_ratio:0.0 - num_turns/min:2 - num_turns/max:2 - num_turns/mean:2.0 - timing_s/start_profile:3.646200093498919e-05 - timing_s/agent_loop/num_preempted/min:-1 - timing_s/agent_loop/num_preempted/max:-1 - timing_s/agent_loop/num_preempted/mean:-1.0 - timing_s/agent_loop/generate_sequences/min:0.8232440650008357 - timing_s/agent_loop/generate_sequences/max:2.6318829039992124 - timing_s/agent_loop/generate_sequences/mean:1.8080849756171737 - timing_s/agent_loop/tool_calls/min:0.0 - timing_s/agent_loop/tool_calls/max:0.0 - timing_s/agent_loop/tool_calls/mean:0.0 - timing_s/agent_loop/compute_score/min:0.0035400679989834316 - timing_s/agent_loop/compute_score/max:0.6413021009993827 - timing_s/agent_loop/compute_score/mean:0.13399514316311567 - timing_s/agent_loop/slowest/generate_sequences:2.2037498879999475 - timing_s/agent_loop/slowest/tool_calls:0.0 - timing_s/agent_loop/slowest/compute_score:0.4991886379993957 - timing_s/agent_loop/slowest/num_preempted:-1 - timing_s/agent_loop/slowest/prompt_length:563 - timing_s/agent_loop/slowest/response_length:14 - timing_s/gen:3.889972224000303 - timing_s/reward:2.9151000489946455e-05 - timing_s/old_log_prob:17.408557992999704 - timing_s/ref:26.87878556400028 - timing_s/adv:0.014636691999839968 - timing_s/update_actor:62.93062102300064 - timing_s/save_checkpoint:12.949688156000775 - timing_s/update_weights:5.000357468999937 - timing_s/step:129.18655844500063 - timing_s/stop_profile:6.71540001349058e-05 - timing_per_token_ms/ref:0.00912359484656539 - timing_per_token_ms/gen:0.33367406278952677 - timing_per_token_ms/adv:4.968202427990596e-06 - timing_per_token_ms/update_actor:0.02136084192827493 - perf/total_num_tokens:2946074 - perf/time_per_step:129.18655844500063 - perf/throughput:2850.6003599188784
[36m(TaskRunner pid=145845)[0m step:61 - global_seqlen/min:148291 - global_seqlen/max:358952 - global_seqlen/minmax_diff:210661 - global_seqlen/balanced_min:252904 - global_seqlen/balanced_max:252905 - global_seqlen/mean:252904.5 - actor/entropy:0.23643235862255096 - perf/mfu/actor_infer:0.34856044100397604 - actor/pg_clipfrac:0.0 - actor/ppo_kl:0.0 - actor/pg_clipfrac_lower:0.0 - actor/pg_loss:0.005380676218852631 - actor/kl_loss:0.05118377813124192 - actor/kl_coef:0.05000000000000001 - actor/loss:0.00793986301869154 - actor/grad_norm:1.401139497756958 - actor/lr:5e-07 - perf/mfu/actor:0.26498997033284155 - training/global_step:61 - training/epoch:4 - critic/score/mean:0.24826942384243011 - critic/score/max:0.9649484753608704 - critic/score/min:0.0 - critic/rewards/mean:0.24826942384243011 - critic/rewards/max:0.9649484753608704 - critic/rewards/min:0.0 - critic/advantages/mean:-0.005380676127970219 - critic/advantages/max:3.7499840259552 - critic/advantages/min:-3.749925374984741 - critic/returns/mean:-0.005380676127970219 - critic/returns/max:3.7499840259552 - critic/returns/min:-3.749925374984741 - response_length/mean:12.19140625 - response_length/max:16.0 - response_length/min:9.0 - response_length/clip_ratio:0.0 - response_length_non_aborted/mean:12.19140625 - response_length_non_aborted/max:16.0 - response_length_non_aborted/min:9.0 - response_length_non_aborted/clip_ratio:0.0 - response/aborted_ratio:0.0 - prompt_length/mean:1963.625 - prompt_length/max:6205.0 - prompt_length/min:557.0 - prompt_length/clip_ratio:0.0 - num_turns/min:2 - num_turns/max:2 - num_turns/mean:2.0 - timing_s/start_profile:0.0004238419987814268 - timing_s/agent_loop/num_preempted/min:-1 - timing_s/agent_loop/num_preempted/max:-1 - timing_s/agent_loop/num_preempted/mean:-1.0 - timing_s/agent_loop/generate_sequences/min:0.7890977440001734 - timing_s/agent_loop/generate_sequences/max:2.1350945179983682 - timing_s/agent_loop/generate_sequences/mean:1.6212835615556482 - timing_s/agent_loop/tool_calls/min:0.0 - timing_s/agent_loop/tool_calls/max:0.0 - timing_s/agent_loop/tool_calls/mean:0.0 - timing_s/agent_loop/compute_score/min:0.0034076820011250675 - timing_s/agent_loop/compute_score/max:0.6219761810007185 - timing_s/agent_loop/compute_score/mean:0.24110360689455135 - timing_s/agent_loop/slowest/generate_sequences:1.9764911700003722 - timing_s/agent_loop/slowest/tool_calls:0.0 - timing_s/agent_loop/slowest/compute_score:0.21071806800136983 - timing_s/agent_loop/slowest/num_preempted:-1 - timing_s/agent_loop/slowest/prompt_length:704 - timing_s/agent_loop/slowest/response_length:16 - timing_s/gen:3.867815267998594 - timing_s/reward:4.665300002670847e-05 - timing_s/old_log_prob:13.644702433999555 - timing_s/ref:25.727456302000064 - timing_s/adv:0.0202689689995168 - timing_s/update_actor:47.76758588700068 - timing_s/update_weights:4.915828814999259 - timing_s/step:96.31923889599966 - timing_s/stop_profile:6.937400030437857e-05 - timing_per_token_ms/ref:0.012715993735777765 - timing_per_token_ms/gen:0.3098217933353568 - timing_per_token_ms/adv:1.0018094280408614e-05 - timing_per_token_ms/update_actor:0.02360949779808222 - perf/total_num_tokens:2023236 - perf/time_per_step:96.31923889599966 - perf/throughput:2625.690390609011[36m(WorkerDict pid=156337)[0m INFO:2026-07-10 23:05:18,580:update_weights done, time cost: 3.50s
[36m(TaskRunner pid=145845)[0m Training Progress:  83%|████████▎ | 62/75 [1:49:43<23:02, 106.37s/it]
[36m(WorkerDict pid=156337)[0m INFO:2026-07-10 23:06:56,839:update_weights done, time cost: 3.27s
[36m(TaskRunner pid=145845)[0m Training Progress:  84%|████████▍ | 63/75 [1:51:21<20:47, 103.94s/it]
[36m(WorkerDict pid=156337)[0m INFO:2026-07-10 23:08:41,066:update_weights done, time cost: 3.25s
[36m(TaskRunner pid=145845)[0m Training Progress:  85%|████████▌ | 64/75 [1:53:06<19:04, 104.02s/it]

[36m(TaskRunner pid=145845)[0m step:62 - global_seqlen/min:233852 - global_seqlen/max:416883 - global_seqlen/minmax_diff:183031 - global_seqlen/balanced_min:298428 - global_seqlen/balanced_max:298446 - global_seqlen/mean:298435.625 - actor/entropy:0.20552769303321838 - perf/mfu/actor_infer:0.3665870634159321 - actor/pg_clipfrac:0.0 - actor/ppo_kl:0.0 - actor/pg_clipfrac_lower:0.0 - actor/pg_loss:0.011815832977845275 - actor/kl_loss:0.04309993786797218 - actor/kl_coef:0.05000000000000001 - actor/loss:0.013970829546451569 - actor/grad_norm:1.2342091798782349 - actor/lr:5e-07 - perf/mfu/actor:0.2787951901729566 - training/global_step:62 - training/epoch:4 - critic/score/mean:0.2227780967950821 - critic/score/max:0.9692307710647583 - critic/score/min:0.0 - critic/rewards/mean:0.2227780967950821 - critic/rewards/max:0.9692307710647583 - critic/rewards/min:0.0 - critic/advantages/mean:-0.011815832927823067 - critic/advantages/max:3.749983549118042 - critic/advantages/min:-3.7272884845733643 - critic/returns/mean:-0.011815832927823067 - critic/returns/max:3.749983549118042 - critic/returns/min:-3.7272884845733643 - response_length/mean:11.8876953125 - response_length/max:143.0 - response_length/min:9.0 - response_length/clip_ratio:0.0 - response_length_non_aborted/mean:11.8876953125 - response_length_non_aborted/max:143.0 - response_length_non_aborted/min:9.0 - response_length_non_aborted/clip_ratio:0.0 - response/aborted_ratio:0.0 - prompt_length/mean:2319.640625 - prompt_length/max:7665.0 - prompt_length/min:556.0 - prompt_length/clip_ratio:0.0 - num_turns/min:2 - num_turns/max:2 - num_turns/mean:2.0 - timing_s/start_profile:7.448399992426857e-05 - timing_s/agent_loop/num_preempted/min:-1 - timing_s/agent_loop/num_preempted/max:-1 - timing_s/agent_loop/num_preempted/mean:-1.0 - timing_s/agent_loop/generate_sequences/min:0.7552468879985099 - timing_s/agent_loop/generate_sequences/max:2.3216275869999663 - timing_s/agent_loop/generate_sequences/mean:1.6416801501035323 - timing_s/agent_loop/tool_calls/min:0.0 - timing_s/agent_loop/tool_calls/max:0.0 - timing_s/agent_loop/tool_calls/mean:0.0 - timing_s/agent_loop/compute_score/min:0.0035777310004050378 - timing_s/agent_loop/compute_score/max:0.7060438799999247 - timing_s/agent_loop/compute_score/mean:0.1845980410224719 - timing_s/agent_loop/slowest/generate_sequences:1.8749520000001212 - timing_s/agent_loop/slowest/tool_calls:0.0 - timing_s/agent_loop/slowest/compute_score:0.5163461970005301 - timing_s/agent_loop/slowest/num_preempted:-1 - timing_s/agent_loop/slowest/prompt_length:559 - timing_s/agent_loop/slowest/response_length:15 - timing_s/gen:3.619703066000511 - timing_s/reward:4.459200135897845e-05 - timing_s/old_log_prob:15.087169016998814 - timing_s/ref:25.811116177999793 - timing_s/adv:0.015200581001408864 - timing_s/update_actor:54.22687336299896 - timing_s/update_weights:5.297962913999072 - timing_s/step:104.18143066899938 - timing_s/stop_profile:6.43740004306892e-05 - timing_per_token_ms/ref:0.010811006635853123 - timing_per_token_ms/gen:0.29735505347905294 - timing_per_token_ms/adv:6.3667754986560605e-06 - timing_per_token_ms/update_actor:0.02271296923875918 - perf/total_num_tokens:2387485 - perf/time_per_step:104.18143066899938 - perf/throughput:2864.575990976515
[36m(TaskRunner pid=145845)[0m step:63 - global_seqlen/min:205098 - global_seqlen/max:343162 - global_seqlen/minmax_diff:138064 - global_seqlen/balanced_min:266025 - global_seqlen/balanced_max:266026 - global_seqlen/mean:266025.375 - actor/entropy:0.2350677251815796 - perf/mfu/actor_infer:0.3535398591624302 - actor/pg_clipfrac:0.0 - actor/ppo_kl:0.0 - actor/pg_clipfrac_lower:0.0 - actor/pg_loss:0.000981996960035758 - actor/kl_loss:0.05065813475451866 - actor/kl_coef:0.05000000000000001 - actor/loss:0.0035149073228240013 - actor/grad_norm:0.9109451174736023 - actor/lr:5e-07 - perf/mfu/actor:0.26780499933099466 - training/global_step:63 - training/epoch:4 - critic/score/mean:0.21798378229141235 - critic/score/max:0.9585365653038025 - critic/score/min:0.0 - critic/rewards/mean:0.21798378229141235 - critic/rewards/max:0.9585365653038025 - critic/rewards/min:0.0 - critic/advantages/mean:-0.0009819968836382031 - critic/advantages/max:3.7499821186065674 - critic/advantages/min:-3.7193000316619873 - critic/returns/mean:-0.0009819968836382031 - critic/returns/max:3.7499821186065674 - critic/returns/min:-3.7193000316619873 - response_length/mean:12.3857421875 - response_length/max:17.0 - response_length/min:9.0 - response_length/clip_ratio:0.0 - response_length_non_aborted/mean:12.3857421875 - response_length_non_aborted/max:17.0 - response_length_non_aborted/min:9.0 - response_length_non_aborted/clip_ratio:0.0 - response/aborted_ratio:0.0 - prompt_length/mean:2065.9375 - prompt_length/max:7352.0 - prompt_length/min:557.0 - prompt_length/clip_ratio:0.0 - num_turns/min:2 - num_turns/max:2 - num_turns/mean:2.0 - timing_s/start_profile:4.506299956119619e-05 - timing_s/agent_loop/num_preempted/min:-1 - timing_s/agent_loop/num_preempted/max:-1 - timing_s/agent_loop/num_preempted/mean:-1.0 - timing_s/agent_loop/generate_sequences/min:0.8041874579994328 - timing_s/agent_loop/generate_sequences/max:2.2092284350001137 - timing_s/agent_loop/generate_sequences/mean:1.628025869047793 - timing_s/agent_loop/tool_calls/min:0.0 - timing_s/agent_loop/tool_calls/max:0.0 - timing_s/agent_loop/tool_calls/mean:0.0 - timing_s/agent_loop/compute_score/min:0.003666144999442622 - timing_s/agent_loop/compute_score/max:0.7009822270010773 - timing_s/agent_loop/compute_score/mean:0.23837340978999677 - timing_s/agent_loop/slowest/generate_sequences:1.9515543849993264 - timing_s/agent_loop/slowest/tool_calls:0.0 - timing_s/agent_loop/slowest/compute_score:0.2858812409995153 - timing_s/agent_loop/slowest/num_preempted:-1 - timing_s/agent_loop/slowest/prompt_length:1345 - timing_s/agent_loop/slowest/response_length:15 - timing_s/gen:3.6188393749998795 - timing_s/reward:2.044100074272137e-05 - timing_s/old_log_prob:13.6800799800003 - timing_s/ref:25.80689928100037 - timing_s/adv:0.015647063999495003 - timing_s/update_actor:49.893621457000336 - timing_s/update_weights:5.0867117709985905 - timing_s/step:98.2321584830006 - timing_s/stop_profile:3.917200046998914e-05 - timing_per_token_ms/ref:0.012126145523242083 - timing_per_token_ms/gen:0.28532991997160606 - timing_per_token_ms/adv:7.352242243571221e-06 - timing_per_token_ms/update_actor:0.023444014249110794 - perf/total_num_tokens:2128203 - perf/time_per_step:98.2321584830006 - perf/throughput:2708.129182013613
[36m(TaskRunner pid=145845)[0m step:64 - global_seqlen/min:107524 - global_seqlen/max:448416 - global_seqlen/minmax_diff:340892 - global_seqlen/balanced_min:295863 - global_seqlen/balanced_max:295864 - global_seqlen/mean:295863.625 - actor/entropy:0.20798827707767487 - perf/mfu/actor_infer:0.36918451019798154 - actor/pg_clipfrac:0.0 - actor/ppo_kl:0.0 - actor/pg_clipfrac_lower:0.0 - actor/pg_loss:0.0015419467745232396 - actor/kl_loss:0.041914806375275504 - actor/kl_coef:0.05000000000000001 - actor/loss:0.0036376863718032837 - actor/grad_norm:1.9863107204437256 - actor/lr:5e-07 - perf/mfu/actor:0.2783543209197428 - training/global_step:64 - training/epoch:4 - critic/score/mean:0.20600153505802155 - critic/score/max:0.9804573655128479 - critic/score/min:0.0 - critic/rewards/mean:0.20600153505802155 - critic/rewards/max:0.9804573655128479 - critic/rewards/min:0.0 - critic/advantages/mean:-0.0015419505070894957 - critic/advantages/max:3.749983310699463 - critic/advantages/min:-3.704592227935791 - critic/returns/mean:-0.0015419505070894957 - critic/returns/max:3.749983310699463 - critic/returns/min:-3.704592227935791 - response_length/mean:11.7783203125 - response_length/max:17.0 - response_length/min:9.0 - response_length/clip_ratio:0.0 - response_length_non_aborted/mean:11.7783203125 - response_length_non_aborted/max:17.0 - response_length_non_aborted/min:9.0 - response_length_non_aborted/clip_ratio:0.0 - response/aborted_ratio:0.0 - prompt_length/mean:2299.65625 - prompt_length/max:7543.0 - prompt_length/min:556.0 - prompt_length/clip_ratio:0.0 - num_turns/min:2 - num_turns/max:2 - num_turns/mean:2.0 - timing_s/start_profile:5.5673001043032855e-05 - timing_s/agent_loop/num_preempted/min:-1 - timing_s/agent_loop/num_preempted/max:-1 - timing_s/agent_loop/num_preempted/mean:-1.0 - timing_s/agent_loop/generate_sequences/min:0.7876063570001861 - timing_s/agent_loop/generate_sequences/max:2.3255530090009415 - timing_s/agent_loop/generate_sequences/mean:1.6645654819892837 - timing_s/agent_loop/tool_calls/min:0.0 - timing_s/agent_loop/tool_calls/max:0.0 - timing_s/agent_loop/tool_calls/mean:0.0 - timing_s/agent_loop/compute_score/min:0.003490535998935229 - timing_s/agent_loop/compute_score/max:0.741356356000324 - timing_s/agent_loop/compute_score/mean:0.21615900779787367 - timing_s/agent_loop/slowest/generate_sequences:1.6739157759984664 - timing_s/agent_loop/slowest/tool_calls:0.0 - timing_s/agent_loop/slowest/compute_score:0.6874361469999712 - timing_s/agent_loop/slowest/num_preempted:-1 - timing_s/agent_loop/slowest/prompt_length:5989 - timing_s/agent_loop/slowest/response_length:9 - timing_s/gen:3.6221271470003558 - timing_s/reward:2.9802000426570885e-05 - timing_s/old_log_prob:15.09441200999936 - timing_s/ref:26.275034202000825 - timing_s/adv:0.01561854899955506 - timing_s/update_actor:53.93264073800128 - timing_s/update_weights:5.036239361999833 - timing_s/step:104.17738137800006 - timing_s/stop_profile:4.656300006899983e-05 - timing_per_token_ms/ref:0.011100990448724824 - timing_per_token_ms/gen:0.30031731589423394 - timing_per_token_ms/adv:6.598711230366296e-06 - timing_per_token_ms/update_actor:0.022786106579509937 - perf/total_num_tokens:2366909 - perf/time_per_step:104.17738137800006 - perf/throughput:2839.998674246575[36m(WorkerDict pid=156337)[0m INFO:2026-07-10 23:10:30,242:update_weights done, time cost: 3.16s
[36m(TaskRunner pid=145845)[0m Training Progress:  87%|████████▋ | 65/75 [1:54:55<17:35, 105.57s/it]
[36m(WorkerDict pid=156337)[0m INFO:2026-07-10 23:12:02,032:update_weights done, time cost: 3.07s
[36m(TaskRunner pid=145845)[0m Training Progress:  88%|████████▊ | 66/75 [1:56:27<15:12, 101.44s/it]
[36m(WorkerDict pid=156337)[0m INFO:2026-07-10 23:13:46,078:update_weights done, time cost: 3.42s
[36m(TaskRunner pid=145845)[0m Training Progress:  89%|████████▉ | 67/75 [1:58:11<13:37, 102.21s/it]

[36m(TaskRunner pid=145845)[0m step:65 - global_seqlen/min:121047 - global_seqlen/max:465060 - global_seqlen/minmax_diff:344013 - global_seqlen/balanced_min:315395 - global_seqlen/balanced_max:315396 - global_seqlen/mean:315395.625 - actor/entropy:0.21498772501945496 - perf/mfu/actor_infer:0.3732646583774719 - actor/pg_clipfrac:0.0 - actor/ppo_kl:0.0 - actor/pg_clipfrac_lower:0.0 - actor/pg_loss:-8.221848111134022e-05 - actor/kl_loss:0.04683109535826866 - actor/kl_coef:0.05000000000000001 - actor/loss:0.0022593382745981216 - actor/grad_norm:1.5848777294158936 - actor/lr:5e-07 - perf/mfu/actor:0.2835103675112534 - training/global_step:65 - training/epoch:4 - critic/score/mean:0.232094407081604 - critic/score/max:0.9473684430122375 - critic/score/min:0.0 - critic/rewards/mean:0.232094407081604 - critic/rewards/max:0.9473684430122375 - critic/rewards/min:0.0 - critic/advantages/mean:8.222294854931533e-05 - critic/advantages/max:3.7499818801879883 - critic/advantages/min:-3.66056227684021 - critic/returns/mean:8.222294854931533e-05 - critic/returns/max:3.7499818801879883 - critic/returns/min:-3.66056227684021 - response_length/mean:11.9658203125 - response_length/max:17.0 - response_length/min:9.0 - response_length/clip_ratio:0.0 - response_length_non_aborted/mean:11.9658203125 - response_length_non_aborted/max:17.0 - response_length_non_aborted/min:9.0 - response_length_non_aborted/clip_ratio:0.0 - response/aborted_ratio:0.0 - prompt_length/mean:2452.0625 - prompt_length/max:7585.0 - prompt_length/min:557.0 - prompt_length/clip_ratio:0.0 - num_turns/min:2 - num_turns/max:2 - num_turns/mean:2.0 - timing_s/start_profile:4.3121999624418095e-05 - timing_s/agent_loop/num_preempted/min:-1 - timing_s/agent_loop/num_preempted/max:-1 - timing_s/agent_loop/num_preempted/mean:-1.0 - timing_s/agent_loop/generate_sequences/min:0.767710760999762 - timing_s/agent_loop/generate_sequences/max:2.332611261999773 - timing_s/agent_loop/generate_sequences/mean:1.7198607800097463 - timing_s/agent_loop/tool_calls/min:0.0 - timing_s/agent_loop/tool_calls/max:0.0 - timing_s/agent_loop/tool_calls/mean:0.0 - timing_s/agent_loop/compute_score/min:0.00365830500049924 - timing_s/agent_loop/compute_score/max:0.6212176339995494 - timing_s/agent_loop/compute_score/mean:0.1808019893896553 - timing_s/agent_loop/slowest/generate_sequences:2.1820748999998614 - timing_s/agent_loop/slowest/tool_calls:0.0 - timing_s/agent_loop/slowest/compute_score:0.1993006480006443 - timing_s/agent_loop/slowest/num_preempted:-1 - timing_s/agent_loop/slowest/prompt_length:933 - timing_s/agent_loop/slowest/response_length:16 - timing_s/gen:4.139180226000462 - timing_s/reward:5.2782999773626216e-05 - timing_s/old_log_prob:16.349426036000295 - timing_s/ref:26.361610698999357 - timing_s/adv:0.02682981500038295 - timing_s/update_actor:56.719099121999534 - timing_s/update_weights:4.921474986998874 - timing_s/step:109.16521946300054 - timing_s/stop_profile:4.793299922312144e-05 - timing_per_token_ms/ref:0.010447834643790382 - timing_per_token_ms/gen:0.33780953448138923 - timing_per_token_ms/adv:1.0633396944069433e-05 - timing_per_token_ms/update_actor:0.022479346028499735 - perf/total_num_tokens:2523165 - perf/time_per_step:109.16521946300054 - perf/throughput:2889.158530083818
[36m(TaskRunner pid=145845)[0m step:66 - global_seqlen/min:148842 - global_seqlen/max:426268 - global_seqlen/minmax_diff:277426 - global_seqlen/balanced_min:227927 - global_seqlen/balanced_max:227928 - global_seqlen/mean:227927.75 - actor/entropy:0.2274051457643509 - perf/mfu/actor_infer:0.3380888020830953 - actor/pg_clipfrac:0.0 - actor/ppo_kl:0.0 - actor/pg_clipfrac_lower:0.0 - actor/pg_loss:0.003106623137682618 - actor/kl_loss:0.05484743140041448 - actor/kl_coef:0.05000000000000001 - actor/loss:0.005848994944244623 - actor/grad_norm:1.3026883602142334 - actor/lr:5e-07 - perf/mfu/actor:0.2541086301349769 - training/global_step:66 - training/epoch:4 - critic/score/mean:0.24943885207176208 - critic/score/max:0.9642857313156128 - critic/score/min:0.0 - critic/rewards/mean:0.24943885207176208 - critic/rewards/max:0.9642857313156128 - critic/rewards/min:0.0 - critic/advantages/mean:-0.0031066243536770344 - critic/advantages/max:3.7499823570251465 - critic/advantages/min:-3.749925374984741 - critic/returns/mean:-0.0031066243536770344 - critic/returns/max:3.7499823570251465 - critic/returns/min:-3.749925374984741 - response_length/mean:12.419921875 - response_length/max:16.0 - response_length/min:9.0 - response_length/clip_ratio:0.0 - response_length_non_aborted/mean:12.419921875 - response_length_non_aborted/max:16.0 - response_length_non_aborted/min:9.0 - response_length_non_aborted/clip_ratio:0.0 - response/aborted_ratio:0.0 - prompt_length/mean:1768.265625 - prompt_length/max:7581.0 - prompt_length/min:557.0 - prompt_length/clip_ratio:0.0 - num_turns/min:2 - num_turns/max:2 - num_turns/mean:2.0 - timing_s/start_profile:3.332200139993802e-05 - timing_s/agent_loop/num_preempted/min:-1 - timing_s/agent_loop/num_preempted/max:-1 - timing_s/agent_loop/num_preempted/mean:-1.0 - timing_s/agent_loop/generate_sequences/min:0.6719160769989685 - timing_s/agent_loop/generate_sequences/max:2.3518033799991827 - timing_s/agent_loop/generate_sequences/mean:1.423175519285179 - timing_s/agent_loop/tool_calls/min:0.0 - timing_s/agent_loop/tool_calls/max:0.0 - timing_s/agent_loop/tool_calls/mean:0.0 - timing_s/agent_loop/compute_score/min:0.0034529940003267257 - timing_s/agent_loop/compute_score/max:1.023461449000024 - timing_s/agent_loop/compute_score/mean:0.31191470622460926 - timing_s/agent_loop/slowest/generate_sequences:2.2071901399995113 - timing_s/agent_loop/slowest/tool_calls:0.0 - timing_s/agent_loop/slowest/compute_score:0.17924681099975714 - timing_s/agent_loop/slowest/num_preempted:-1 - timing_s/agent_loop/slowest/prompt_length:1346 - timing_s/agent_loop/slowest/response_length:15 - timing_s/gen:3.733680577000996 - timing_s/reward:2.9581999115180224e-05 - timing_s/old_log_prob:12.329222069000025 - timing_s/ref:25.32893091799997 - timing_s/adv:0.014680190000945004 - timing_s/update_actor:44.83387562000098 - timing_s/update_weights:5.427141940001093 - timing_s/step:91.79590850000022 - timing_s/stop_profile:5.440300083137117e-05 - timing_per_token_ms/ref:0.013890877107987053 - timing_per_token_ms/gen:0.2935745067621478 - timing_per_token_ms/adv:8.05090099875125e-06 - timing_per_token_ms/update_actor:0.02458776718719034 - perf/total_num_tokens:1823422 - perf/time_per_step:91.79590850000022 - perf/throughput:2482.9837595648332
[36m(TaskRunner pid=145845)[0m step:67 - global_seqlen/min:221598 - global_seqlen/max:470479 - global_seqlen/minmax_diff:248881 - global_seqlen/balanced_min:295116 - global_seqlen/balanced_max:295116 - global_seqlen/mean:295116.0 - actor/entropy:0.19227063655853271 - perf/mfu/actor_infer:0.3661397050696163 - actor/pg_clipfrac:0.0 - actor/ppo_kl:0.0 - actor/pg_clipfrac_lower:0.0 - actor/pg_loss:0.0038075594330848617 - actor/kl_loss:0.058853592022564266 - actor/kl_coef:0.05000000000000001 - actor/loss:0.006750238593667746 - actor/grad_norm:1.50294828414917 - actor/lr:5e-07 - perf/mfu/actor:0.2774754585120524 - training/global_step:67 - training/epoch:4 - critic/score/mean:0.2635434567928314 - critic/score/max:0.9679245352745056 - critic/score/min:0.0 - critic/rewards/mean:0.2635434567928314 - critic/rewards/max:0.9679245352745056 - critic/rewards/min:0.0 - critic/advantages/mean:-0.003807561472058296 - critic/advantages/max:3.7499847412109375 - critic/advantages/min:-3.639677047729492 - critic/returns/mean:-0.003807561472058296 - critic/returns/max:3.7499847412109375 - critic/returns/min:-3.639677047729492 - response_length/mean:11.828125 - response_length/max:16.0 - response_length/min:9.0 - response_length/clip_ratio:0.0 - response_length_non_aborted/mean:11.828125 - response_length_non_aborted/max:16.0 - response_length_non_aborted/min:9.0 - response_length_non_aborted/clip_ratio:0.0 - response/aborted_ratio:0.0 - prompt_length/mean:2293.765625 - prompt_length/max:7960.0 - prompt_length/min:556.0 - prompt_length/clip_ratio:0.0 - num_turns/min:2 - num_turns/max:2 - num_turns/mean:2.0 - timing_s/start_profile:3.80709989258321e-05 - timing_s/agent_loop/num_preempted/min:-1 - timing_s/agent_loop/num_preempted/max:-1 - timing_s/agent_loop/num_preempted/mean:-1.0 - timing_s/agent_loop/generate_sequences/min:0.8277585490013735 - timing_s/agent_loop/generate_sequences/max:2.7374640420002834 - timing_s/agent_loop/generate_sequences/mean:1.746187208659192 - timing_s/agent_loop/tool_calls/min:0.0 - timing_s/agent_loop/tool_calls/max:0.0 - timing_s/agent_loop/tool_calls/mean:0.0 - timing_s/agent_loop/compute_score/min:0.0036356529999466147 - timing_s/agent_loop/compute_score/max:0.9964670530007425 - timing_s/agent_loop/compute_score/mean:0.22311105730862124 - timing_s/agent_loop/slowest/generate_sequences:1.974883534001492 - timing_s/agent_loop/slowest/tool_calls:0.0 - timing_s/agent_loop/slowest/compute_score:0.7997583540000051 - timing_s/agent_loop/slowest/num_preempted:-1 - timing_s/agent_loop/slowest/prompt_length:7436 - timing_s/agent_loop/slowest/response_length:9 - timing_s/gen:3.9861017589992116 - timing_s/reward:8.403500032727607e-05 - timing_s/old_log_prob:15.019070693000685 - timing_s/ref:25.70060265199936 - timing_s/adv:0.01473966199955612 - timing_s/update_actor:53.9955399290011 - timing_s/update_weights:5.1657877800007554 - timing_s/step:103.99719493200064 - timing_s/stop_profile:3.790199843933806e-05 - timing_per_token_ms/ref:0.010885805349421651 - timing_per_token_ms/gen:0.32910351378791375 - timing_per_token_ms/adv:6.2431645520558525e-06 - timing_per_token_ms/update_actor:0.022870472936489847 - perf/total_num_tokens:2360928 - perf/time_per_step:103.99719493200064 - perf/throughput:2837.730384872052[36m(WorkerDict pid=156337)[0m INFO:2026-07-10 23:15:34,345:update_weights done, time cost: 3.16s
[36m(TaskRunner pid=145845)[0m Training Progress:  91%|█████████ | 68/75 [1:59:59<12:08, 104.02s/it]
[36m(WorkerDict pid=156337)[0m INFO:2026-07-10 23:17:21,534:update_weights done, time cost: 3.06s
[36m(TaskRunner pid=145845)[0m Training Progress:  92%|█████████▏| 69/75 [2:01:46<10:29, 104.98s/it]
[36m(WorkerDict pid=156337)[0m INFO:2026-07-10 23:19:15,919:update_weights done, time cost: 3.22s
[36m(TaskRunner pid=145845)[0m Training Progress:  93%|█████████▎| 70/75 [2:03:41<08:59, 107.81s/it]

[36m(TaskRunner pid=145845)[0m step:68 - global_seqlen/min:147504 - global_seqlen/max:492210 - global_seqlen/minmax_diff:344706 - global_seqlen/balanced_min:319930 - global_seqlen/balanced_max:319931 - global_seqlen/mean:319930.5 - actor/entropy:0.20471321046352386 - perf/mfu/actor_infer:0.3759319559408796 - actor/pg_clipfrac:0.0 - actor/ppo_kl:0.0 - actor/pg_clipfrac_lower:0.0 - actor/pg_loss:0.011302091166726314 - actor/kl_loss:0.047100266449126016 - actor/kl_coef:0.05000000000000001 - actor/loss:0.013657107949256897 - actor/grad_norm:1.2184525728225708 - actor/lr:5e-07 - perf/mfu/actor:0.2851978859424677 - training/global_step:68 - training/epoch:4 - critic/score/mean:0.20854675769805908 - critic/score/max:0.9852631688117981 - critic/score/min:0.0 - critic/rewards/mean:0.20854675769805908 - critic/rewards/max:0.9852631688117981 - critic/rewards/min:0.0 - critic/advantages/mean:-0.011302093043923378 - critic/advantages/max:3.7499842643737793 - critic/advantages/min:-3.723078727722168 - critic/returns/mean:-0.011302093043923378 - critic/returns/max:3.7499842643737793 - critic/returns/min:-3.723078727722168 - response_length/mean:11.83203125 - response_length/max:18.0 - response_length/min:9.0 - response_length/clip_ratio:0.0 - response_length_non_aborted/mean:11.83203125 - response_length_non_aborted/max:18.0 - response_length_non_aborted/min:9.0 - response_length_non_aborted/clip_ratio:0.0 - response/aborted_ratio:0.0 - prompt_length/mean:2487.625 - prompt_length/max:8102.0 - prompt_length/min:556.0 - prompt_length/clip_ratio:0.0 - num_turns/min:2 - num_turns/max:2 - num_turns/mean:2.0 - timing_s/start_profile:4.1291999878012575e-05 - timing_s/agent_loop/num_preempted/min:-1 - timing_s/agent_loop/num_preempted/max:-1 - timing_s/agent_loop/num_preempted/mean:-1.0 - timing_s/agent_loop/generate_sequences/min:0.8164321280000877 - timing_s/agent_loop/generate_sequences/max:2.844424364000588 - timing_s/agent_loop/generate_sequences/mean:1.6600876038583596 - timing_s/agent_loop/tool_calls/min:0.0 - timing_s/agent_loop/tool_calls/max:0.0 - timing_s/agent_loop/tool_calls/mean:0.0 - timing_s/agent_loop/compute_score/min:0.0036839549993601395 - timing_s/agent_loop/compute_score/max:1.1183967159995518 - timing_s/agent_loop/compute_score/mean:0.21355669663673282 - timing_s/agent_loop/slowest/generate_sequences:2.6345896029997675 - timing_s/agent_loop/slowest/tool_calls:0.0 - timing_s/agent_loop/slowest/compute_score:0.24646901799860643 - timing_s/agent_loop/slowest/num_preempted:-1 - timing_s/agent_loop/slowest/prompt_length:1122 - timing_s/agent_loop/slowest/response_length:15 - timing_s/gen:4.083163015000537 - timing_s/reward:3.142199966532644e-05 - timing_s/old_log_prob:15.26584194499992 - timing_s/ref:26.667246793998856 - timing_s/adv:0.0155067150008108 - timing_s/update_actor:56.55268841600082 - timing_s/update_weights:5.508989510999527 - timing_s/step:108.20730094700048 - timing_s/stop_profile:8.705500113137532e-05 - timing_per_token_ms/ref:0.010419156189390686 - timing_per_token_ms/gen:0.3370058612578852 - timing_per_token_ms/adv:6.058626405114079e-06 - timing_per_token_ms/update_actor:0.022095692820784833 - perf/total_num_tokens:2559444 - perf/time_per_step:108.20730094700048 - perf/throughput:2956.644304035462
[36m(TaskRunner pid=145845)[0m step:69 - global_seqlen/min:171690 - global_seqlen/max:468262 - global_seqlen/minmax_diff:296572 - global_seqlen/balanced_min:315384 - global_seqlen/balanced_max:315385 - global_seqlen/mean:315384.25 - actor/entropy:0.1973361074924469 - perf/mfu/actor_infer:0.37328355928703055 - actor/pg_clipfrac:0.0 - actor/ppo_kl:0.0 - actor/pg_clipfrac_lower:0.0 - actor/pg_loss:0.011166079195390921 - actor/kl_loss:0.06380750757279643 - actor/kl_coef:0.05000000000000001 - actor/loss:0.014356451109051704 - actor/grad_norm:1.1973598003387451 - actor/lr:5e-07 - perf/mfu/actor:0.2836813940253468 - training/global_step:69 - training/epoch:4 - critic/score/mean:0.2178911566734314 - critic/score/max:0.9636363387107849 - critic/score/min:0.0 - critic/rewards/mean:0.2178911566734314 - critic/rewards/max:0.9636363387107849 - critic/rewards/min:0.0 - critic/advantages/mean:-0.011166084557771683 - critic/advantages/max:3.7499840259552 - critic/advantages/min:-3.749925374984741 - critic/returns/mean:-0.011166084557771683 - critic/returns/max:3.7499840259552 - critic/returns/min:-3.749925374984741 - response_length/mean:11.595703125 - response_length/max:17.0 - response_length/min:9.0 - response_length/clip_ratio:0.0 - response_length_non_aborted/mean:11.595703125 - response_length_non_aborted/max:17.0 - response_length_non_aborted/min:9.0 - response_length_non_aborted/clip_ratio:0.0 - response/aborted_ratio:0.0 - prompt_length/mean:2452.34375 - prompt_length/max:7483.0 - prompt_length/min:556.0 - prompt_length/clip_ratio:0.0 - num_turns/min:2 - num_turns/max:2 - num_turns/mean:2.0 - timing_s/start_profile:5.379199865274131e-05 - timing_s/agent_loop/num_preempted/min:-1 - timing_s/agent_loop/num_preempted/max:-1 - timing_s/agent_loop/num_preempted/mean:-1.0 - timing_s/agent_loop/generate_sequences/min:0.8226424839995161 - timing_s/agent_loop/generate_sequences/max:2.477266169000359 - timing_s/agent_loop/generate_sequences/mean:1.7695415093261886 - timing_s/agent_loop/tool_calls/min:0.0 - timing_s/agent_loop/tool_calls/max:0.0 - timing_s/agent_loop/tool_calls/mean:0.0 - timing_s/agent_loop/compute_score/min:0.003496556999380118 - timing_s/agent_loop/compute_score/max:0.6745328169999993 - timing_s/agent_loop/compute_score/mean:0.18221215277441338 - timing_s/agent_loop/slowest/generate_sequences:2.215465214001597 - timing_s/agent_loop/slowest/tool_calls:0.0 - timing_s/agent_loop/slowest/compute_score:0.31900322699948447 - timing_s/agent_loop/slowest/num_preempted:-1 - timing_s/agent_loop/slowest/prompt_length:3377 - timing_s/agent_loop/slowest/response_length:9 - timing_s/gen:3.9089205950003816 - timing_s/reward:3.147200004605111e-05 - timing_s/old_log_prob:15.735946058999616 - timing_s/ref:26.01714592999997 - timing_s/adv:0.014601516000766424 - timing_s/update_actor:56.53947511899969 - timing_s/update_weights:4.8795353320001595 - timing_s/step:107.21041302699996 - timing_s/stop_profile:3.804200059676077e-05 - timing_per_token_ms/ref:0.010311685638233349 - timing_per_token_ms/gen:0.3291999827354204 - timing_per_token_ms/adv:5.78719292449069e-06 - timing_per_token_ms/update_actor:0.02240896427096458 - perf/total_num_tokens:2523074 - perf/time_per_step:107.21041302699996 - perf/throughput:2941.73150811921
[36m(TaskRunner pid=145845)[0m step:70 - global_seqlen/min:105961 - global_seqlen/max:450296 - global_seqlen/minmax_diff:344335 - global_seqlen/balanced_min:352833 - global_seqlen/balanced_max:352834 - global_seqlen/mean:352833.375 - actor/entropy:0.20157191157341003 - perf/mfu/actor_infer:0.3855754099524679 - actor/pg_clipfrac:0.0 - actor/ppo_kl:0.0 - actor/pg_clipfrac_lower:0.0 - actor/pg_loss:0.009987573127546057 - actor/kl_loss:0.05682821162052498 - actor/kl_coef:0.05000000000000001 - actor/loss:0.01282898336648941 - actor/grad_norm:1.398084044456482 - actor/lr:5e-07 - perf/mfu/actor:0.292570245604468 - training/global_step:70 - training/epoch:4 - critic/score/mean:0.2752210199832916 - critic/score/max:0.9649484753608704 - critic/score/min:0.0 - critic/rewards/mean:0.2752210199832916 - critic/rewards/max:0.9649484753608704 - critic/rewards/min:0.0 - critic/advantages/mean:-0.009987573139369488 - critic/advantages/max:3.7499823570251465 - critic/advantages/min:-3.5325863361358643 - critic/returns/mean:-0.009987573139369488 - critic/returns/max:3.7499823570251465 - critic/returns/min:-3.5325863361358643 - response_length/mean:11.7607421875 - response_length/max:17.0 - response_length/min:9.0 - response_length/clip_ratio:0.0 - response_length_non_aborted/mean:11.7607421875 - response_length_non_aborted/max:17.0 - response_length_non_aborted/min:9.0 - response_length_non_aborted/clip_ratio:0.0 - response/aborted_ratio:0.0 - prompt_length/mean:2744.75 - prompt_length/max:8156.0 - prompt_length/min:557.0 - prompt_length/clip_ratio:0.0 - num_turns/min:2 - num_turns/max:2 - num_turns/mean:2.0 - timing_s/start_profile:5.4803000239189714e-05 - timing_s/agent_loop/num_preempted/min:-1 - timing_s/agent_loop/num_preempted/max:-1 - timing_s/agent_loop/num_preempted/mean:-1.0 - timing_s/agent_loop/generate_sequences/min:0.7908401139993657 - timing_s/agent_loop/generate_sequences/max:2.611700737001229 - timing_s/agent_loop/generate_sequences/mean:1.7782180769179874 - timing_s/agent_loop/tool_calls/min:0.0 - timing_s/agent_loop/tool_calls/max:0.0 - timing_s/agent_loop/tool_calls/mean:0.0 - timing_s/agent_loop/compute_score/min:0.003848623999147094 - timing_s/agent_loop/compute_score/max:0.7126304000012169 - timing_s/agent_loop/compute_score/mean:0.1588719841894708 - timing_s/agent_loop/slowest/generate_sequences:2.126389270999425 - timing_s/agent_loop/slowest/tool_calls:0.0 - timing_s/agent_loop/slowest/compute_score:0.5312113440013491 - timing_s/agent_loop/slowest/num_preempted:-1 - timing_s/agent_loop/slowest/prompt_length:652 - timing_s/agent_loop/slowest/response_length:15 - timing_s/gen:3.9449654720010585 - timing_s/reward:2.263200076413341e-05 - timing_s/old_log_prob:16.62036656899909 - timing_s/ref:27.21813525700054 - timing_s/adv:0.01464751899948169 - timing_s/update_actor:61.00480253299975 - timing_s/update_weights:5.460099797001021 - timing_s/step:114.37754156000119 - timing_s/stop_profile:3.9652000850765035e-05 - timing_per_token_ms/ref:0.009642701479487498 - timing_per_token_ms/gen:0.3275733182762649 - timing_per_token_ms/adv:5.189247969909908e-06 - timing_per_token_ms/update_actor:0.02161246882221663 - perf/total_num_tokens:2822667 - perf/time_per_step:114.37754156000119 - perf/throughput:3084.81341868069[36m(WorkerDict pid=156337)[0m INFO:2026-07-10 23:21:03,139:update_weights done, time cost: 3.14s
[36m(TaskRunner pid=145845)[0m Training Progress:  95%|█████████▍| 71/75 [2:05:28<07:10, 107.63s/it]
[36m(WorkerDict pid=156337)[0m INFO:2026-07-10 23:22:52,620:update_weights done, time cost: 3.31s
[36m(TaskRunner pid=145845)[0m Training Progress:  96%|█████████▌| 72/75 [2:07:17<05:24, 108.18s/it]
[36m(WorkerDict pid=156337)[0m INFO:2026-07-10 23:24:36,567:update_weights done, time cost: 3.33s
[36m(TaskRunner pid=145845)[0m Training Progress:  97%|█████████▋| 73/75 [2:09:01<03:33, 106.92s/it]

[36m(TaskRunner pid=145845)[0m step:71 - global_seqlen/min:222627 - global_seqlen/max:522335 - global_seqlen/minmax_diff:299708 - global_seqlen/balanced_min:317521 - global_seqlen/balanced_max:317522 - global_seqlen/mean:317521.375 - actor/entropy:0.20964041352272034 - perf/mfu/actor_infer:0.3761678308115612 - actor/pg_clipfrac:0.0 - actor/ppo_kl:0.0 - actor/pg_clipfrac_lower:0.0 - actor/pg_loss:0.007195639927886077 - actor/kl_loss:0.04333184873677327 - actor/kl_coef:0.05000000000000001 - actor/loss:0.009362231940031052 - actor/grad_norm:1.3748551607131958 - actor/lr:5e-07 - perf/mfu/actor:0.2855489644399639 - training/global_step:71 - training/epoch:4 - critic/score/mean:0.19968023896217346 - critic/score/max:0.9709543585777283 - critic/score/min:0.0 - critic/rewards/mean:0.19968023896217346 - critic/rewards/max:0.9709543585777283 - critic/rewards/min:0.0 - critic/advantages/mean:-0.0071956440806388855 - critic/advantages/max:3.7499845027923584 - critic/advantages/min:-3.2597973346710205 - critic/returns/mean:-0.0071956440806388855 - critic/returns/max:3.7499845027923584 - critic/returns/min:-3.2597973346710205 - response_length/mean:11.7294921875 - response_length/max:18.0 - response_length/min:9.0 - response_length/clip_ratio:0.0 - response_length_non_aborted/mean:11.7294921875 - response_length_non_aborted/max:18.0 - response_length_non_aborted/min:9.0 - response_length_non_aborted/clip_ratio:0.0 - response/aborted_ratio:0.0 - prompt_length/mean:2468.90625 - prompt_length/max:7012.0 - prompt_length/min:559.0 - prompt_length/clip_ratio:0.0 - num_turns/min:2 - num_turns/max:2 - num_turns/mean:2.0 - timing_s/start_profile:6.056399979570415e-05 - timing_s/agent_loop/num_preempted/min:-1 - timing_s/agent_loop/num_preempted/max:-1 - timing_s/agent_loop/num_preempted/mean:-1.0 - timing_s/agent_loop/generate_sequences/min:0.7627551660007157 - timing_s/agent_loop/generate_sequences/max:2.422277084999223 - timing_s/agent_loop/generate_sequences/mean:1.7657219188642639 - timing_s/agent_loop/tool_calls/min:0.0 - timing_s/agent_loop/tool_calls/max:0.0 - timing_s/agent_loop/tool_calls/mean:0.0 - timing_s/agent_loop/compute_score/min:0.0034443229997123126 - timing_s/agent_loop/compute_score/max:0.6960213570000633 - timing_s/agent_loop/compute_score/mean:0.2019094913730619 - timing_s/agent_loop/slowest/generate_sequences:1.8484519970006659 - timing_s/agent_loop/slowest/tool_calls:0.0 - timing_s/agent_loop/slowest/compute_score:0.6007646910002222 - timing_s/agent_loop/slowest/num_preempted:-1 - timing_s/agent_loop/slowest/prompt_length:4713 - timing_s/agent_loop/slowest/response_length:9 - timing_s/gen:3.7446426059996156 - timing_s/reward:2.2981001166044734e-05 - timing_s/old_log_prob:15.702386460001435 - timing_s/ref:26.095096912998997 - timing_s/adv:0.014506772000459023 - timing_s/update_actor:56.51233993000096 - timing_s/update_weights:4.983129038000698 - timing_s/step:107.20126115499988 - timing_s/stop_profile:4.834299943468068e-05 - timing_per_token_ms/ref:0.01027296859660196 - timing_per_token_ms/gen:0.31176776338353307 - timing_per_token_ms/adv:5.710943082359031e-06 - timing_per_token_ms/update_actor:0.02224745496661483 - perf/total_num_tokens:2540171 - perf/time_per_step:107.20126115499988 - perf/throughput:2961.918279495826
[36m(TaskRunner pid=145845)[0m step:72 - global_seqlen/min:200889 - global_seqlen/max:558057 - global_seqlen/minmax_diff:357168 - global_seqlen/balanced_min:334504 - global_seqlen/balanced_max:334506 - global_seqlen/mean:334504.75 - actor/entropy:0.18474014103412628 - perf/mfu/actor_infer:0.3808939747968107 - actor/pg_clipfrac:0.0 - actor/ppo_kl:0.0 - actor/pg_clipfrac_lower:0.0 - actor/pg_loss:0.004885334681603126 - actor/kl_loss:0.04721636517670684 - actor/kl_coef:0.05000000000000001 - actor/loss:0.007246155291795731 - actor/grad_norm:1.372599482536316 - actor/lr:5e-07 - perf/mfu/actor:0.2897032503118946 - training/global_step:72 - training/epoch:4 - critic/score/mean:0.23091915249824524 - critic/score/max:0.9818181991577148 - critic/score/min:0.0 - critic/rewards/mean:0.23091915249824524 - critic/rewards/max:0.9818181991577148 - critic/rewards/min:0.0 - critic/advantages/mean:-0.004885334055870771 - critic/advantages/max:2.947600841522217 - critic/advantages/min:-3.6396846771240234 - critic/returns/mean:-0.004885334055870771 - critic/returns/max:2.947600841522217 - critic/returns/min:-3.6396846771240234 - response_length/mean:11.302734375 - response_length/max:17.0 - response_length/min:9.0 - response_length/clip_ratio:0.0 - response_length_non_aborted/mean:11.302734375 - response_length_non_aborted/max:17.0 - response_length_non_aborted/min:9.0 - response_length_non_aborted/clip_ratio:0.0 - response/aborted_ratio:0.0 - prompt_length/mean:2602.015625 - prompt_length/max:7448.0 - prompt_length/min:557.0 - prompt_length/clip_ratio:0.0 - num_turns/min:2 - num_turns/max:2 - num_turns/mean:2.0 - timing_s/start_profile:3.811200076597743e-05 - timing_s/agent_loop/num_preempted/min:-1 - timing_s/agent_loop/num_preempted/max:-1 - timing_s/agent_loop/num_preempted/mean:-1.0 - timing_s/agent_loop/generate_sequences/min:0.7554112010002427 - timing_s/agent_loop/generate_sequences/max:2.465945596999518 - timing_s/agent_loop/generate_sequences/mean:1.7054762208769372 - timing_s/agent_loop/tool_calls/min:0.0 - timing_s/agent_loop/tool_calls/max:0.0 - timing_s/agent_loop/tool_calls/mean:0.0 - timing_s/agent_loop/compute_score/min:0.0037663399998564273 - timing_s/agent_loop/compute_score/max:0.6806629879993125 - timing_s/agent_loop/compute_score/mean:0.13892796486911863 - timing_s/agent_loop/slowest/generate_sequences:2.176781378000669 - timing_s/agent_loop/slowest/tool_calls:0.0 - timing_s/agent_loop/slowest/compute_score:0.3602812589997484 - timing_s/agent_loop/slowest/num_preempted:-1 - timing_s/agent_loop/slowest/prompt_length:4447 - timing_s/agent_loop/slowest/response_length:9 - timing_s/gen:3.7612266230007663 - timing_s/reward:3.1831999876885675e-05 - timing_s/old_log_prob:15.846452867999687 - timing_s/ref:26.580239519000315 - timing_s/adv:0.014729813001395087 - timing_s/update_actor:58.025270381000155 - timing_s/update_weights:5.113925482000923 - timing_s/step:109.45510196400028 - timing_s/stop_profile:3.947199911635835e-05 - timing_per_token_ms/ref:0.009932683885281268 - timing_per_token_ms/gen:0.32497206004845053 - timing_per_token_ms/adv:5.504336261815074e-06 - timing_per_token_ms/update_actor:0.0216832759404015 - perf/total_num_tokens:2676038 - perf/time_per_step:109.45510196400028 - perf/throughput:3056.090981579081
[36m(TaskRunner pid=145845)[0m step:73 - global_seqlen/min:207657 - global_seqlen/max:405328 - global_seqlen/minmax_diff:197671 - global_seqlen/balanced_min:300574 - global_seqlen/balanced_max:300574 - global_seqlen/mean:300574.0 - actor/entropy:0.18638229370117188 - perf/mfu/actor_infer:0.36887361227270005 - actor/pg_clipfrac:0.0 - actor/ppo_kl:0.0 - actor/pg_clipfrac_lower:0.0 - actor/pg_loss:0.0007519302662331029 - actor/kl_loss:0.04607027396440624 - actor/kl_coef:0.05000000000000001 - actor/loss:0.0030554402619600296 - actor/grad_norm:1.217916488647461 - actor/lr:5e-07 - perf/mfu/actor:0.28026153812165083 - training/global_step:73 - training/epoch:4 - critic/score/mean:0.2270669788122177 - critic/score/max:0.9765957593917847 - critic/score/min:0.0 - critic/rewards/mean:0.2270669788122177 - critic/rewards/max:0.9765957593917847 - critic/rewards/min:0.0 - critic/advantages/mean:-0.000751929881516844 - critic/advantages/max:3.749983787536621 - critic/advantages/min:-3.705893039703369 - critic/returns/mean:-0.000751929881516844 - critic/returns/max:3.749983787536621 - critic/returns/min:-3.705893039703369 - response_length/mean:11.421875 - response_length/max:19.0 - response_length/min:9.0 - response_length/clip_ratio:0.0 - response_length_non_aborted/mean:11.421875 - response_length_non_aborted/max:19.0 - response_length_non_aborted/min:9.0 - response_length_non_aborted/clip_ratio:0.0 - response/aborted_ratio:0.0 - prompt_length/mean:2336.8125 - prompt_length/max:7886.0 - prompt_length/min:557.0 - prompt_length/clip_ratio:0.0 - num_turns/min:2 - num_turns/max:2 - num_turns/mean:2.0 - timing_s/start_profile:3.671199920063373e-05 - timing_s/agent_loop/num_preempted/min:-1 - timing_s/agent_loop/num_preempted/max:-1 - timing_s/agent_loop/num_preempted/mean:-1.0 - timing_s/agent_loop/generate_sequences/min:0.8243432650015166 - timing_s/agent_loop/generate_sequences/max:2.320918935000009 - timing_s/agent_loop/generate_sequences/mean:1.6595364644424002 - timing_s/agent_loop/tool_calls/min:0.0 - timing_s/agent_loop/tool_calls/max:0.0 - timing_s/agent_loop/tool_calls/mean:0.0 - timing_s/agent_loop/compute_score/min:0.0035801309986709384 - timing_s/agent_loop/compute_score/max:0.7155189860004612 - timing_s/agent_loop/compute_score/mean:0.19737057616798026 - timing_s/agent_loop/slowest/generate_sequences:2.002293154000654 - timing_s/agent_loop/slowest/tool_calls:0.0 - timing_s/agent_loop/slowest/compute_score:0.3792287550004403 - timing_s/agent_loop/slowest/num_preempted:-1 - timing_s/agent_loop/slowest/prompt_length:924 - timing_s/agent_loop/slowest/response_length:15 - timing_s/gen:3.6730509089993575 - timing_s/reward:2.5971001377911307e-05 - timing_s/old_log_prob:15.044163467000544 - timing_s/ref:25.677700162999827 - timing_s/adv:0.014855732999421889 - timing_s/update_actor:54.19780744799937 - timing_s/update_weights:5.184105488999194 - timing_s/step:103.94176437299939 - timing_s/stop_profile:4.0023000110522844e-05 - timing_per_token_ms/ref:0.010678609994127829 - timing_per_token_ms/gen:0.3140433403727221 - timing_per_token_ms/adv:6.178068046230665e-06 - timing_per_token_ms/update_actor:0.02253929458635784 - perf/total_num_tokens:2404592 - perf/time_per_step:103.94176437299939 - perf/throughput:2891.753875962482[36m(WorkerDict pid=156337)[0m INFO:2026-07-10 23:26:28,541:update_weights done, time cost: 3.22s
[36m(TaskRunner pid=145845)[0m Training Progress:  99%|█████████▊| 74/75 [2:10:53<01:48, 108.44s/it]
[36m(WorkerDict pid=156337)[0m INFO:2026-07-10 23:28:16,186:[Rank 0] Saved model to /workspace/verl-x/budget-rl-training-repro/outputs/rl_pct30e5_kl005_full/global_step_75/actor/model_world_size_8_rank_0.pt
[36m(WorkerDict pid=156343)[0m INFO:2026-07-10 23:28:24,435:[Rank 6] Saved optim to /workspace/verl-x/budget-rl-training-repro/outputs/rl_pct30e5_kl005_full/global_step_75/actor/optim_world_size_8_rank_6.pt
[36m(WorkerDict pid=156343)[0m INFO:2026-07-10 23:28:24,436:[Rank 6] Saved extra_state to /workspace/verl-x/budget-rl-training-repro/outputs/rl_pct30e5_kl005_full/global_step_75/actor/extra_state_world_size_8_rank_6.pt
[36m(WorkerDict pid=156344)[0m INFO:2026-07-10 23:28:16,261:[Rank 7] Saved model to /workspace/verl-x/budget-rl-training-repro/outputs/rl_pct30e5_kl005_full/global_step_75/actor/model_world_size_8_rank_7.pt[32m [repeated 7x across cluster][0m
[36m(WorkerDict pid=156337)[0m INFO:2026-07-10 23:28:24,595:[Rank 0] Saved model config and tokenizer class to /workspace/verl-x/budget-rl-training-repro/outputs/rl_pct30e5_kl005_full/global_step_75/actor/huggingface
[36m(WorkerDict pid=156337)[0m INFO:2026-07-10 23:28:29,074:update_weights done, time cost: 3.43s

[36m(TaskRunner pid=145845)[0m step:74 - global_seqlen/min:197750 - global_seqlen/max:487279 - global_seqlen/minmax_diff:289529 - global_seqlen/balanced_min:344074 - global_seqlen/balanced_max:344075 - global_seqlen/mean:344074.375 - actor/entropy:0.1916121244430542 - perf/mfu/actor_infer:0.38288173316370716 - actor/pg_clipfrac:0.0 - actor/ppo_kl:0.0 - actor/pg_clipfrac_lower:0.0 - actor/pg_loss:0.009506000284090987 - actor/kl_loss:0.05509116496851278 - actor/kl_coef:0.05000000000000001 - actor/loss:0.012260559014976025 - actor/grad_norm:1.5372419357299805 - actor/lr:5e-07 - perf/mfu/actor:0.29163171465357246 - training/global_step:74 - training/epoch:4 - critic/score/mean:0.1958470344543457 - critic/score/max:0.9734693765640259 - critic/score/min:0.0 - critic/rewards/mean:0.1958470344543457 - critic/rewards/max:0.9734693765640259 - critic/rewards/min:0.0 - critic/advantages/mean:-0.009506000205874443 - critic/advantages/max:3.749983310699463 - critic/advantages/min:-2.5558323860168457 - critic/returns/mean:-0.009506000205874443 - critic/returns/max:3.749983310699463 - critic/returns/min:-2.5558323860168457 - response_length/mean:11.4873046875 - response_length/max:17.0 - response_length/min:9.0 - response_length/clip_ratio:0.0 - response_length_non_aborted/mean:11.4873046875 - response_length_non_aborted/max:17.0 - response_length_non_aborted/min:9.0 - response_length_non_aborted/clip_ratio:0.0 - response/aborted_ratio:0.0 - prompt_length/mean:2676.59375 - prompt_length/max:7777.0 - prompt_length/min:556.0 - prompt_length/clip_ratio:0.0 - num_turns/min:2 - num_turns/max:2 - num_turns/mean:2.0 - timing_s/start_profile:3.7661999158444814e-05 - timing_s/agent_loop/num_preempted/min:-1 - timing_s/agent_loop/num_preempted/max:-1 - timing_s/agent_loop/num_preempted/mean:-1.0 - timing_s/agent_loop/generate_sequences/min:0.7935970519993134 - timing_s/agent_loop/generate_sequences/max:2.5680050980008673 - timing_s/agent_loop/generate_sequences/mean:1.7318110865595617 - timing_s/agent_loop/tool_calls/min:0.0 - timing_s/agent_loop/tool_calls/max:0.0 - timing_s/agent_loop/tool_calls/mean:0.0 - timing_s/agent_loop/compute_score/min:0.003526098000293132 - timing_s/agent_loop/compute_score/max:0.7253143650013953 - timing_s/agent_loop/compute_score/mean:0.16520557229788047 - timing_s/agent_loop/slowest/generate_sequences:2.2167378580015793 - timing_s/agent_loop/slowest/tool_calls:0.0 - timing_s/agent_loop/slowest/compute_score:0.4104966249997233 - timing_s/agent_loop/slowest/num_preempted:-1 - timing_s/agent_loop/slowest/prompt_length:6359 - timing_s/agent_loop/slowest/response_length:9 - timing_s/gen:3.8645170590007183 - timing_s/reward:2.311100070073735e-05 - timing_s/old_log_prob:16.53426249700169 - timing_s/ref:26.490330595999694 - timing_s/adv:0.014611707001677132 - timing_s/update_actor:59.90106589199968 - timing_s/update_weights:5.0702824290001445 - timing_s/step:111.98981779099995 - timing_s/stop_profile:4.097199962416198e-05 - timing_per_token_ms/ref:0.009623766153756617 - timing_per_token_ms/gen:0.32853158709518987 - timing_per_token_ms/adv:5.30833885903198e-06 - timing_per_token_ms/update_actor:0.021761670675126445 - perf/total_num_tokens:2752595 - perf/time_per_step:111.98981779099995 - perf/throughput:3072.3719511904724
[36m(TaskRunner pid=145845)[0m local_global_step_folder: /workspace/verl-x/budget-rl-training-repro/outputs/rl_pct30e5_kl005_full/global_step_75
[36m(TaskRunner pid=145845)[0m Training Progress: 100%|██████████| 75/75 [2:12:54<00:00, 112.08s/it]Training Progress: 100%|██████████| 75/75 [2:12:54<00:00, 106.32s/it]
[36m(WorkerDict pid=156341)[0m INFO:2026-07-10 23:28:25,042:[Rank 4] Saved optim to /workspace/verl-x/budget-rl-training-repro/outputs/rl_pct30e5_kl005_full/global_step_75/actor/optim_world_size_8_rank_4.pt[32m [repeated 7x across cluster][0m
[36m(WorkerDict pid=156341)[0m INFO:2026-07-10 23:28:25,044:[Rank 4] Saved extra_state to /workspace/verl-x/budget-rl-training-repro/outputs/rl_pct30e5_kl005_full/global_step_75/actor/extra_state_world_size_8_rank_4.pt[32m [repeated 7x across cluster][0m
[36m(TaskRunner pid=145845)[0m Traceback (most recent call last):
[36m(TaskRunner pid=145845)[0m   File "/usr/local/lib/python3.12/dist-packages/ray/_private/workers/default_worker.py", line 322, in <module>
[36m(TaskRunner pid=145845)[0m     worker.main_loop()
[36m(TaskRunner pid=145845)[0m   File "/usr/local/lib/python3.12/dist-packages/ray/_private/worker.py", line 1047, in main_loop
[36m(TaskRunner pid=145845)[0m     self.core_worker.run_task_loop()
[36m(TaskRunner pid=145845)[0m   File "/usr/local/lib/python3.12/dist-packages/torch/utils/data/_utils/signal_handling.py", line 73, in handler
[36m(TaskRunner pid=145845)[0m     _error_if_any_worker_fails()
[36m(TaskRunner pid=145845)[0m RuntimeError: DataLoader worker (pid 345945) is killed by signal: Killed.
[36m(TaskRunner pid=145845)[0m step:75 - global_seqlen/min:207394 - global_seqlen/max:396312 - global_seqlen/minmax_diff:188918 - global_seqlen/balanced_min:316099 - global_seqlen/balanced_max:316099 - global_seqlen/mean:316099.0 - actor/entropy:0.1952640265226364 - perf/mfu/actor_infer:0.37359542033723375 - actor/pg_clipfrac:0.0 - actor/ppo_kl:0.0 - actor/pg_clipfrac_lower:0.0 - actor/pg_loss:0.007996028335583105 - actor/kl_loss:0.05827755577891178 - actor/kl_coef:0.05000000000000001 - actor/loss:0.010909907519817352 - actor/grad_norm:1.2061723470687866 - actor/lr:5e-07 - perf/mfu/actor:0.28479839030844667 - training/global_step:75 - training/epoch:4 - critic/score/mean:0.19837546348571777 - critic/score/max:0.9765957593917847 - critic/score/min:0.0 - critic/rewards/mean:0.19837546348571777 - critic/rewards/max:0.9765957593917847 - critic/rewards/min:0.0 - critic/advantages/mean:-0.007996030151844025 - critic/advantages/max:3.7499828338623047 - critic/advantages/min:-3.749925374984741 - critic/returns/mean:-0.007996030151844025 - critic/returns/max:3.7499828338623047 - critic/returns/min:-3.749925374984741 - response_length/mean:11.5546875 - response_length/max:16.0 - response_length/min:9.0 - response_length/clip_ratio:0.0 - response_length_non_aborted/mean:11.5546875 - response_length_non_aborted/max:16.0 - response_length_non_aborted/min:9.0 - response_length_non_aborted/clip_ratio:0.0 - response/aborted_ratio:0.0 - prompt_length/mean:2457.96875 - prompt_length/max:7695.0 - prompt_length/min:557.0 - prompt_length/clip_ratio:0.0 - num_turns/min:2 - num_turns/max:2 - num_turns/mean:2.0 - timing_s/start_profile:3.904200093529653e-05 - timing_s/agent_loop/num_preempted/min:-1 - timing_s/agent_loop/num_preempted/max:-1 - timing_s/agent_loop/num_preempted/mean:-1.0 - timing_s/agent_loop/generate_sequences/min:0.8233610579991364 - timing_s/agent_loop/generate_sequences/max:2.378023254001164 - timing_s/agent_loop/generate_sequences/mean:1.7676973608573885 - timing_s/agent_loop/tool_calls/min:0.0 - timing_s/agent_loop/tool_calls/max:0.0 - timing_s/agent_loop/tool_calls/mean:0.0 - timing_s/agent_loop/compute_score/min:0.003443282999796793 - timing_s/agent_loop/compute_score/max:0.6469000889992458 - timing_s/agent_loop/compute_score/mean:0.18637533317872723 - timing_s/agent_loop/slowest/generate_sequences:1.8029342370009545 - timing_s/agent_loop/slowest/tool_calls:0.0 - timing_s/agent_loop/slowest/compute_score:0.6175771489997715 - timing_s/agent_loop/slowest/num_preempted:-1 - timing_s/agent_loop/slowest/prompt_length:5154 - timing_s/agent_loop/slowest/response_length:9 - timing_s/gen:3.7189673610009777 - timing_s/reward:3.2371999623137526e-05 - timing_s/old_log_prob:15.29532824099988 - timing_s/ref:26.62784633499905 - timing_s/adv:0.014714872000695323 - timing_s/update_actor:56.05737864499861 - timing_s/save_checkpoint:13.833458604000043 - timing_s/update_weights:4.887955703999978 - timing_s/step:120.5487266780001 - timing_s/stop_profile:3.8841999412397854e-05 - timing_per_token_ms/ref:0.010529868148506896 - timing_per_token_ms/gen:0.3143143476167155 - timing_per_token_ms/adv:5.8189333091433865e-06 - timing_per_token_ms/update_actor:0.022167651054336858 - perf/total_num_tokens:2528792 - perf/time_per_step:120.5487266780001 - perf/throughput:2622.16788771513
[36m(TaskRunner pid=145845)[0m 'Final validation metrics: None'
