WARNING:2026-07-11 05:04:51,275:fused_indices_to_multihot has reached end of life. Please migrate to a non-experimental function.
ANTLR runtime and generated code versions disagree: 4.7.2!=4.9.3
ANTLR runtime and generated code versions disagree: 4.7.2!=4.9.3
ANTLR runtime and generated code versions disagree: 4.7.2!=4.9.3
ANTLR runtime and generated code versions disagree: 4.7.2!=4.9.3
ANTLR runtime and generated code versions disagree: 4.7.2!=4.9.3
ANTLR runtime and generated code versions disagree: 4.7.2!=4.9.3
ANTLR runtime and generated code versions disagree: 4.7.2!=4.9.3
ANTLR runtime and generated code versions disagree: 4.7.2!=4.9.3
ANTLR runtime and generated code versions disagree: 4.7.2!=4.9.3
ANTLR runtime and generated code versions disagree: 4.7.2!=4.9.3
ANTLR runtime and generated code versions disagree: 4.7.2!=4.9.3
ANTLR runtime and generated code versions disagree: 4.7.2!=4.9.3
ANTLR runtime and generated code versions disagree: 4.7.2!=4.9.3
ANTLR runtime and generated code versions disagree: 4.7.2!=4.9.3
ANTLR runtime and generated code versions disagree: 4.7.2!=4.9.3
ANTLR runtime and generated code versions disagree: 4.7.2!=4.9.3
ANTLR runtime and generated code versions disagree: 4.7.2!=4.9.3
ANTLR runtime and generated code versions disagree: 4.7.2!=4.9.3
ANTLR runtime and generated code versions disagree: 4.7.2!=4.9.3
ANTLR runtime and generated code versions disagree: 4.7.2!=4.9.3
ANTLR runtime and generated code versions disagree: 4.7.2!=4.9.3
ANTLR runtime and generated code versions disagree: 4.7.2!=4.9.3
ANTLR runtime and generated code versions disagree: 4.7.2!=4.9.3
ANTLR runtime and generated code versions disagree: 4.7.2!=4.9.3
ANTLR runtime and generated code versions disagree: 4.7.2!=4.9.3
ANTLR runtime and generated code versions disagree: 4.7.2!=4.9.3
ANTLR runtime and generated code versions disagree: 4.7.2!=4.9.3
ANTLR runtime and generated code versions disagree: 4.7.2!=4.9.3
ANTLR runtime and generated code versions disagree: 4.7.2!=4.9.3
ANTLR runtime and generated code versions disagree: 4.7.2!=4.9.3
ANTLR runtime and generated code versions disagree: 4.7.2!=4.9.3
ANTLR runtime and generated code versions disagree: 4.7.2!=4.9.3
ANTLR runtime and generated code versions disagree: 4.7.2!=4.9.3
ANTLR runtime and generated code versions disagree: 4.7.2!=4.9.3
ANTLR runtime and generated code versions disagree: 4.7.2!=4.9.3
ANTLR runtime and generated code versions disagree: 4.7.2!=4.9.3
ANTLR runtime and generated code versions disagree: 4.7.2!=4.9.3
ANTLR runtime and generated code versions disagree: 4.7.2!=4.9.3
ANTLR runtime and generated code versions disagree: 4.7.2!=4.9.3
ANTLR runtime and generated code versions disagree: 4.7.2!=4.9.3
ANTLR runtime and generated code versions disagree: 4.7.2!=4.9.3
ANTLR runtime and generated code versions disagree: 4.7.2!=4.9.3
ANTLR runtime and generated code versions disagree: 4.7.2!=4.9.3
ANTLR runtime and generated code versions disagree: 4.7.2!=4.9.3
ANTLR runtime and generated code versions disagree: 4.7.2!=4.9.3
ANTLR runtime and generated code versions disagree: 4.7.2!=4.9.3
ANTLR runtime and generated code versions disagree: 4.7.2!=4.9.3
ANTLR runtime and generated code versions disagree: 4.7.2!=4.9.3
ANTLR runtime and generated code versions disagree: 4.7.2!=4.9.3
ANTLR runtime and generated code versions disagree: 4.7.2!=4.9.3
ANTLR runtime and generated code versions disagree: 4.7.2!=4.9.3
ANTLR runtime and generated code versions disagree: 4.7.2!=4.9.3
ANTLR runtime and generated code versions disagree: 4.7.2!=4.9.3
ANTLR runtime and generated code versions disagree: 4.7.2!=4.9.3
ANTLR runtime and generated code versions disagree: 4.7.2!=4.9.3
ANTLR runtime and generated code versions disagree: 4.7.2!=4.9.3
ANTLR runtime and generated code versions disagree: 4.7.2!=4.9.3
ANTLR runtime and generated code versions disagree: 4.7.2!=4.9.3
ANTLR runtime and generated code versions disagree: 4.7.2!=4.9.3
ANTLR runtime and generated code versions disagree: 4.7.2!=4.9.3
ANTLR runtime and generated code versions disagree: 4.7.2!=4.9.3
ANTLR runtime and generated code versions disagree: 4.7.2!=4.9.3
ANTLR runtime and generated code versions disagree: 4.7.2!=4.9.3
ANTLR runtime and generated code versions disagree: 4.7.2!=4.9.3
ANTLR runtime and generated code versions disagree: 4.7.2!=4.9.3
ANTLR runtime and generated code versions disagree: 4.7.2!=4.9.3
ANTLR runtime and generated code versions disagree: 4.7.2!=4.9.3
ANTLR runtime and generated code versions disagree: 4.7.2!=4.9.3
ANTLR runtime and generated code versions disagree: 4.7.2!=4.9.3
ANTLR runtime and generated code versions disagree: 4.7.2!=4.9.3
ANTLR runtime and generated code versions disagree: 4.7.2!=4.9.3
ANTLR runtime and generated code versions disagree: 4.7.2!=4.9.3
ANTLR runtime and generated code versions disagree: 4.7.2!=4.9.3
ANTLR runtime and generated code versions disagree: 4.7.2!=4.9.3
ANTLR runtime and generated code versions disagree: 4.7.2!=4.9.3
ANTLR runtime and generated code versions disagree: 4.7.2!=4.9.3
ANTLR runtime and generated code versions disagree: 4.7.2!=4.9.3
ANTLR runtime and generated code versions disagree: 4.7.2!=4.9.3
ANTLR runtime and generated code versions disagree: 4.7.2!=4.9.3
ANTLR runtime and generated code versions disagree: 4.7.2!=4.9.3
ANTLR runtime and generated code versions disagree: 4.7.2!=4.9.3
ANTLR runtime and generated code versions disagree: 4.7.2!=4.9.3
ANTLR runtime and generated code versions disagree: 4.7.2!=4.9.3
ANTLR runtime and generated code versions disagree: 4.7.2!=4.9.3
ANTLR runtime and generated code versions disagree: 4.7.2!=4.9.3
ANTLR runtime and generated code versions disagree: 4.7.2!=4.9.3
ANTLR runtime and generated code versions disagree: 4.7.2!=4.9.3
ANTLR runtime and generated code versions disagree: 4.7.2!=4.9.3
ANTLR runtime and generated code versions disagree: 4.7.2!=4.9.3
ANTLR runtime and generated code versions disagree: 4.7.2!=4.9.3
ANTLR runtime and generated code versions disagree: 4.7.2!=4.9.3
ANTLR runtime and generated code versions disagree: 4.7.2!=4.9.3
ANTLR runtime and generated code versions disagree: 4.7.2!=4.9.3
ANTLR runtime and generated code versions disagree: 4.7.2!=4.9.3
ANTLR runtime and generated code versions disagree: 4.7.2!=4.9.3
ANTLR runtime and generated code versions disagree: 4.7.2!=4.9.3
ANTLR runtime and generated code versions disagree: 4.7.2!=4.9.3
ANTLR runtime and generated code versions disagree: 4.7.2!=4.9.3
ANTLR runtime and generated code versions disagree: 4.7.2!=4.9.3
ANTLR runtime and generated code versions disagree: 4.7.2!=4.9.3
ANTLR runtime and generated code versions disagree: 4.7.2!=4.9.3
ANTLR runtime and generated code versions disagree: 4.7.2!=4.9.3
ANTLR runtime and generated code versions disagree: 4.7.2!=4.9.3
ANTLR runtime and generated code versions disagree: 4.7.2!=4.9.3
ANTLR runtime and generated code versions disagree: 4.7.2!=4.9.3
ANTLR runtime and generated code versions disagree: 4.7.2!=4.9.3
ANTLR runtime and generated code versions disagree: 4.7.2!=4.9.3
ANTLR runtime and generated code versions disagree: 4.7.2!=4.9.3
ANTLR runtime and generated code versions disagree: 4.7.2!=4.9.3
ANTLR runtime and generated code versions disagree: 4.7.2!=4.9.3
ANTLR runtime and generated code versions disagree: 4.7.2!=4.9.3
ANTLR runtime and generated code versions disagree: 4.7.2!=4.9.3
ANTLR runtime and generated code versions disagree: 4.7.2!=4.9.3
ANTLR runtime and generated code versions disagree: 4.7.2!=4.9.3
ANTLR runtime and generated code versions disagree: 4.7.2!=4.9.3
ANTLR runtime and generated code versions disagree: 4.7.2!=4.9.3
ANTLR runtime and generated code versions disagree: 4.7.2!=4.9.3
ANTLR runtime and generated code versions disagree: 4.7.2!=4.9.3
ANTLR runtime and generated code versions disagree: 4.7.2!=4.9.3
ANTLR runtime and generated code versions disagree: 4.7.2!=4.9.3
ANTLR runtime and generated code versions disagree: 4.7.2!=4.9.3
ANTLR runtime and generated code versions disagree: 4.7.2!=4.9.3
ANTLR runtime and generated code versions disagree: 4.7.2!=4.9.3
ANTLR runtime and generated code versions disagree: 4.7.2!=4.9.3
ANTLR runtime and generated code versions disagree: 4.7.2!=4.9.3
ANTLR runtime and generated code versions disagree: 4.7.2!=4.9.3
ANTLR runtime and generated code versions disagree: 4.7.2!=4.9.3
ANTLR runtime and generated code versions disagree: 4.7.2!=4.9.3
ANTLR runtime and generated code versions disagree: 4.7.2!=4.9.3
ANTLR runtime and generated code versions disagree: 4.7.2!=4.9.3
ANTLR runtime and generated code versions disagree: 4.7.2!=4.9.3
ANTLR runtime and generated code versions disagree: 4.7.2!=4.9.3
ANTLR runtime and generated code versions disagree: 4.7.2!=4.9.3
ANTLR runtime and generated code versions disagree: 4.7.2!=4.9.3
ANTLR runtime and generated code versions disagree: 4.7.2!=4.9.3
ANTLR runtime and generated code versions disagree: 4.7.2!=4.9.3
ANTLR runtime and generated code versions disagree: 4.7.2!=4.9.3
ANTLR runtime and generated code versions disagree: 4.7.2!=4.9.3
ANTLR runtime and generated code versions disagree: 4.7.2!=4.9.3
ANTLR runtime and generated code versions disagree: 4.7.2!=4.9.3
ANTLR runtime and generated code versions disagree: 4.7.2!=4.9.3
ANTLR runtime and generated code versions disagree: 4.7.2!=4.9.3
ANTLR runtime and generated code versions disagree: 4.7.2!=4.9.3
ANTLR runtime and generated code versions disagree: 4.7.2!=4.9.3
ANTLR runtime and generated code versions disagree: 4.7.2!=4.9.3
ANTLR runtime and generated code versions disagree: 4.7.2!=4.9.3
ANTLR runtime and generated code versions disagree: 4.7.2!=4.9.3
ANTLR runtime and generated code versions disagree: 4.7.2!=4.9.3
ANTLR runtime and generated code versions disagree: 4.7.2!=4.9.3
ANTLR runtime and generated code versions disagree: 4.7.2!=4.9.3
ANTLR runtime and generated code versions disagree: 4.7.2!=4.9.3
ANTLR runtime and generated code versions disagree: 4.7.2!=4.9.3
ANTLR runtime and generated code versions disagree: 4.7.2!=4.9.3
ANTLR runtime and generated code versions disagree: 4.7.2!=4.9.3
ANTLR runtime and generated code versions disagree: 4.7.2!=4.9.3
ANTLR runtime and generated code versions disagree: 4.7.2!=4.9.3
ANTLR runtime and generated code versions disagree: 4.7.2!=4.9.3
ANTLR runtime and generated code versions disagree: 4.7.2!=4.9.3
ANTLR runtime and generated code versions disagree: 4.7.2!=4.9.3
ANTLR runtime and generated code versions disagree: 4.7.2!=4.9.3
ANTLR runtime and generated code versions disagree: 4.7.2!=4.9.3
ANTLR runtime and generated code versions disagree: 4.7.2!=4.9.3
ANTLR runtime and generated code versions disagree: 4.7.2!=4.9.3
ANTLR runtime and generated code versions disagree: 4.7.2!=4.9.3
ANTLR runtime and generated code versions disagree: 4.7.2!=4.9.3
ANTLR runtime and generated code versions disagree: 4.7.2!=4.9.3
ANTLR runtime and generated code versions disagree: 4.7.2!=4.9.3
ANTLR runtime and generated code versions disagree: 4.7.2!=4.9.3
ANTLR runtime and generated code versions disagree: 4.7.2!=4.9.3
ANTLR runtime and generated code versions disagree: 4.7.2!=4.9.3
ANTLR runtime and generated code versions disagree: 4.7.2!=4.9.3
ANTLR runtime and generated code versions disagree: 4.7.2!=4.9.3
ANTLR runtime and generated code versions disagree: 4.7.2!=4.9.3
ANTLR runtime and generated code versions disagree: 4.7.2!=4.9.3
ANTLR runtime and generated code versions disagree: 4.7.2!=4.9.3
ANTLR runtime and generated code versions disagree: 4.7.2!=4.9.3
ANTLR runtime and generated code versions disagree: 4.7.2!=4.9.3
ANTLR runtime and generated code versions disagree: 4.7.2!=4.9.3
ANTLR runtime and generated code versions disagree: 4.7.2!=4.9.3
ANTLR runtime and generated code versions disagree: 4.7.2!=4.9.3
ANTLR runtime and generated code versions disagree: 4.7.2!=4.9.3
ANTLR runtime and generated code versions disagree: 4.7.2!=4.9.3
ANTLR runtime and generated code versions disagree: 4.7.2!=4.9.3
ANTLR runtime and generated code versions disagree: 4.7.2!=4.9.3
ANTLR runtime and generated code versions disagree: 4.7.2!=4.9.3
ANTLR runtime and generated code versions disagree: 4.7.2!=4.9.3
ANTLR runtime and generated code versions disagree: 4.7.2!=4.9.3
ANTLR runtime and generated code versions disagree: 4.7.2!=4.9.3
ANTLR runtime and generated code versions disagree: 4.7.2!=4.9.3
ANTLR runtime and generated code versions disagree: 4.7.2!=4.9.3
ANTLR runtime and generated code versions disagree: 4.7.2!=4.9.3
ANTLR runtime and generated code versions disagree: 4.7.2!=4.9.3
ANTLR runtime and generated code versions disagree: 4.7.2!=4.9.3
ANTLR runtime and generated code versions disagree: 4.7.2!=4.9.3
ANTLR runtime and generated code versions disagree: 4.7.2!=4.9.3
ANTLR runtime and generated code versions disagree: 4.7.2!=4.9.3
2026-07-11 05:04:56,920	INFO worker.py:2014 -- Started a local Ray instance. View the dashboard at [1m[32mhttp://127.0.0.1:8265 [39m[22m
/usr/local/lib/python3.12/dist-packages/ray/_private/worker.py:2062: FutureWarning: Tip: In future versions of Ray, Ray will no longer override accelerator visible devices env var if num_gpus=0 or num_gpus=None (default). To enable this behavior and turn off this error message, set RAY_ACCEL_ENV_VAR_OVERRIDE_ON_ZERO=0
  warnings.warn(
[36m(pid=469699)[0m W0711 05:05:05.178000 469699 torch/utils/cpp_extension.py:117] No CUDA runtime is found, using CUDA_HOME='/usr/local/cuda'
[36m(pid=469699)[0m WARNING:2026-07-11 05:05:05,221:fused_indices_to_multihot has reached end of life. Please migrate to a non-experimental function.
ray init kwargs: {'num_cpus': None, 'runtime_env': {'env_vars': {'TOKENIZERS_PARALLELISM': 'true', 'NCCL_DEBUG': 'WARN', 'VLLM_LOGGING_LEVEL': 'WARN', 'VLLM_ALLOW_RUNTIME_LORA_UPDATING': 'true', 'CUDA_DEVICE_MAX_CONNECTIONS': '1', 'VLLM_DISABLE_COMPILE_CACHE': '1', 'HCCL_HOST_SOCKET_PORT_RANGE': 'auto', 'HCCL_NPU_SOCKET_PORT_RANGE': 'auto'}, 'working_dir': None}}
[36m(TaskRunner pid=469699)[0m TaskRunner hostname: ip-172-31-45-208, PID: 469699
[36m(TaskRunner pid=469699)[0m ANTLR runtime and generated code versions disagree: 4.7.2!=4.9.3
[36m(TaskRunner pid=469699)[0m ANTLR runtime and generated code versions disagree: 4.7.2!=4.9.3
[36m(TaskRunner pid=469699)[0m {'actor_rollout_ref': {'actor': {'_target_': 'verl.workers.config.FSDPActorConfig',
[36m(TaskRunner pid=469699)[0m                                  'calculate_entropy': False,
[36m(TaskRunner pid=469699)[0m                                  'calculate_sum_pi_squared': False,
[36m(TaskRunner pid=469699)[0m                                  'checkpoint': {'_target_': 'verl.trainer.config.CheckpointConfig',
[36m(TaskRunner pid=469699)[0m                                                 'async_save': False,
[36m(TaskRunner pid=469699)[0m                                                 'load_contents': ['model',
[36m(TaskRunner pid=469699)[0m                                                                   'optimizer',
[36m(TaskRunner pid=469699)[0m                                                                   'extra'],
[36m(TaskRunner pid=469699)[0m                                                 'mbridge_config': {},
[36m(TaskRunner pid=469699)[0m                                                 'save_contents': ['model',
[36m(TaskRunner pid=469699)[0m                                                                   'optimizer',
[36m(TaskRunner pid=469699)[0m                                                                   'extra']},
[36m(TaskRunner pid=469699)[0m                                  'clip_ratio': 0.2,
[36m(TaskRunner pid=469699)[0m                                  'clip_ratio_c': 3.0,
[36m(TaskRunner pid=469699)[0m                                  'clip_ratio_high': 0.2,
[36m(TaskRunner pid=469699)[0m                                  'clip_ratio_low': 0.2,
[36m(TaskRunner pid=469699)[0m                                  'data_loader_seed': 42,
[36m(TaskRunner pid=469699)[0m                                  'entropy_checkpointing': False,
[36m(TaskRunner pid=469699)[0m                                  'entropy_coeff': 0,
[36m(TaskRunner pid=469699)[0m                                  'entropy_from_logits_with_chunking': False,
[36m(TaskRunner pid=469699)[0m                                  'freeze_vision_tower': False,
[36m(TaskRunner pid=469699)[0m                                  'fsdp_config': {'_target_': 'verl.workers.config.FSDPEngineConfig',
[36m(TaskRunner pid=469699)[0m                                                  'dtype': 'bfloat16',
[36m(TaskRunner pid=469699)[0m                                                  'entropy_checkpointing': False,
[36m(TaskRunner pid=469699)[0m                                                  'entropy_from_logits_with_chunking': False,
[36m(TaskRunner pid=469699)[0m                                                  'forward_only': False,
[36m(TaskRunner pid=469699)[0m                                                  'forward_prefetch': False,
[36m(TaskRunner pid=469699)[0m                                                  'fsdp_size': -1,
[36m(TaskRunner pid=469699)[0m                                                  'full_determinism': False,
[36m(TaskRunner pid=469699)[0m                                                  'model_dtype': 'fp32',
[36m(TaskRunner pid=469699)[0m                                                  'offload_policy': False,
[36m(TaskRunner pid=469699)[0m                                                  'optimizer_offload': False,
[36m(TaskRunner pid=469699)[0m                                                  'param_offload': False,
[36m(TaskRunner pid=469699)[0m                                                  'qat': {'_target_': 'verl.workers.config.QATEngineConfig',
[36m(TaskRunner pid=469699)[0m                                                          'activation_observer': 'static_minmax',
[36m(TaskRunner pid=469699)[0m                                                          'enable': False,
[36m(TaskRunner pid=469699)[0m                                                          'group_size': 16,
[36m(TaskRunner pid=469699)[0m                                                          'ignore_patterns': ['lm_head',
[36m(TaskRunner pid=469699)[0m                                                                              'embed_tokens',
[36m(TaskRunner pid=469699)[0m                                                                              're:.*mlp.gate$'],
[36m(TaskRunner pid=469699)[0m                                                          'mode': 'w4a16',
[36m(TaskRunner pid=469699)[0m                                                          'quantization_config_path': None},
[36m(TaskRunner pid=469699)[0m                                                  'reshard_after_forward': True,
[36m(TaskRunner pid=469699)[0m                                                  'seed': 42,
[36m(TaskRunner pid=469699)[0m                                                  'strategy': 'fsdp',
[36m(TaskRunner pid=469699)[0m                                                  'ulysses_sequence_parallel_size': 1,
[36m(TaskRunner pid=469699)[0m                                                  'use_orig_params': False,
[36m(TaskRunner pid=469699)[0m                                                  'use_torch_compile': True,
[36m(TaskRunner pid=469699)[0m                                                  'wrap_policy': {'min_num_params': 0}},
[36m(TaskRunner pid=469699)[0m                                  'grad_clip': 1.0,
[36m(TaskRunner pid=469699)[0m                                  'kl_loss_coef': 0.05,
[36m(TaskRunner pid=469699)[0m                                  'kl_loss_type': 'low_var_kl',
[36m(TaskRunner pid=469699)[0m                                  'loss_agg_mode': 'token-mean',
[36m(TaskRunner pid=469699)[0m                                  'loss_scale_factor': None,
[36m(TaskRunner pid=469699)[0m                                  'optim': {'_target_': 'verl.workers.config.FSDPOptimizerConfig',
[36m(TaskRunner pid=469699)[0m                                            'betas': [0.9, 0.999],
[36m(TaskRunner pid=469699)[0m                                            'clip_grad': 1.0,
[36m(TaskRunner pid=469699)[0m                                            'lr': 5e-07,
[36m(TaskRunner pid=469699)[0m                                            'lr_scheduler_type': 'constant',
[36m(TaskRunner pid=469699)[0m                                            'lr_warmup_steps': -1,
[36m(TaskRunner pid=469699)[0m                                            'lr_warmup_steps_ratio': 0.0,
[36m(TaskRunner pid=469699)[0m                                            'min_lr_ratio': 0.0,
[36m(TaskRunner pid=469699)[0m                                            'num_cycles': 0.5,
[36m(TaskRunner pid=469699)[0m                                            'optimizer': 'AdamW',
[36m(TaskRunner pid=469699)[0m                                            'optimizer_impl': 'torch.optim',
[36m(TaskRunner pid=469699)[0m                                            'override_optimizer_config': None,
[36m(TaskRunner pid=469699)[0m                                            'total_training_steps': -1,
[36m(TaskRunner pid=469699)[0m                                            'warmup_style': None,
[36m(TaskRunner pid=469699)[0m                                            'weight_decay': 0.01,
[36m(TaskRunner pid=469699)[0m                                            'zero_indexed_step': True},
[36m(TaskRunner pid=469699)[0m                                  'policy_loss': {'_target_': 'verl.workers.config.PolicyLossConfig',
[36m(TaskRunner pid=469699)[0m                                                  'clip_cov_lb': 1.0,
[36m(TaskRunner pid=469699)[0m                                                  'clip_cov_ratio': 0.0002,
[36m(TaskRunner pid=469699)[0m                                                  'clip_cov_ub': 5.0,
[36m(TaskRunner pid=469699)[0m                                                  'kl_cov_ratio': 0.0002,
[36m(TaskRunner pid=469699)[0m                                                  'loss_mode': 'vanilla',
[36m(TaskRunner pid=469699)[0m                                                  'ppo_kl_coef': 0.1},
[36m(TaskRunner pid=469699)[0m                                  'ppo_epochs': 1,
[36m(TaskRunner pid=469699)[0m                                  'ppo_max_token_len_per_gpu': 16384,
[36m(TaskRunner pid=469699)[0m                                  'ppo_micro_batch_size': None,
[36m(TaskRunner pid=469699)[0m                                  'ppo_micro_batch_size_per_gpu': 2,
[36m(TaskRunner pid=469699)[0m                                  'ppo_mini_batch_size': 64,
[36m(TaskRunner pid=469699)[0m                                  'profiler': {'_target_': 'verl.utils.profiler.ProfilerConfig',
[36m(TaskRunner pid=469699)[0m                                               'all_ranks': False,
[36m(TaskRunner pid=469699)[0m                                               'enable': False,
[36m(TaskRunner pid=469699)[0m                                               'ranks': [],
[36m(TaskRunner pid=469699)[0m                                               'save_path': 'outputs/profile',
[36m(TaskRunner pid=469699)[0m                                               'tool': None,
[36m(TaskRunner pid=469699)[0m                                               'tool_config': {'npu': {'_target_': 'verl.utils.profiler.config.NPUToolConfig',
[36m(TaskRunner pid=469699)[0m                                                                       'analysis': True,
[36m(TaskRunner pid=469699)[0m                                                                       'contents': [],
[36m(TaskRunner pid=469699)[0m                                                                       'discrete': False,
[36m(TaskRunner pid=469699)[0m                                                                       'level': 'level0'},
[36m(TaskRunner pid=469699)[0m                                                               'nsys': {'_target_': 'verl.utils.profiler.config.NsightToolConfig',
[36m(TaskRunner pid=469699)[0m                                                                        'discrete': False},
[36m(TaskRunner pid=469699)[0m                                                               'precision_debugger': {'_target_': 'verl.utils.profiler.config.PrecisionDebuggerToolConfig',
[36m(TaskRunner pid=469699)[0m                                                                                      'config_path': None,
[36m(TaskRunner pid=469699)[0m                                                                                      'stages': None,
[36m(TaskRunner pid=469699)[0m                                                                                      'steps': None,
[36m(TaskRunner pid=469699)[0m                                                                                      'strict': False},
[36m(TaskRunner pid=469699)[0m                                                               'torch': {'_target_': 'verl.utils.profiler.config.TorchProfilerToolConfig',
[36m(TaskRunner pid=469699)[0m                                                                         'contents': [],
[36m(TaskRunner pid=469699)[0m                                                                         'discrete': False},
[36m(TaskRunner pid=469699)[0m                                                               'torch_memory': {'_target_': 'verl.utils.profiler.config.TorchMemoryToolConfig',
[36m(TaskRunner pid=469699)[0m                                                                                'stack_depth': 32,
[36m(TaskRunner pid=469699)[0m                                                                                'trace_alloc_max_entries': 100000}}},
[36m(TaskRunner pid=469699)[0m                                  'qat': {'activation_observer': 'static_minmax',
[36m(TaskRunner pid=469699)[0m                                          'enable': False,
[36m(TaskRunner pid=469699)[0m                                          'group_size': 16,
[36m(TaskRunner pid=469699)[0m                                          'ignore_patterns': ['lm_head',
[36m(TaskRunner pid=469699)[0m                                                              'embed_tokens',
[36m(TaskRunner pid=469699)[0m                                                              're:.*mlp.gate$'],
[36m(TaskRunner pid=469699)[0m                                          'mode': 'w4a16',
[36m(TaskRunner pid=469699)[0m                                          'quantization_config_path': None},
[36m(TaskRunner pid=469699)[0m                                  'rollout_n': 16,
[36m(TaskRunner pid=469699)[0m                                  'router_replay': {'_target_': 'verl.workers.config.RouterReplayConfig',
[36m(TaskRunner pid=469699)[0m                                                    'mode': 'disabled',
[36m(TaskRunner pid=469699)[0m                                                    'record_file': None,
[36m(TaskRunner pid=469699)[0m                                                    'replay_file': None},
[36m(TaskRunner pid=469699)[0m                                  'shuffle': False,
[36m(TaskRunner pid=469699)[0m                                  'strategy': 'fsdp',
[36m(TaskRunner pid=469699)[0m                                  'sum_pi_squared_checkpointing': False,
[36m(TaskRunner pid=469699)[0m                                  'tau_neg': 1.05,
[36m(TaskRunner pid=469699)[0m                                  'tau_pos': 1.0,
[36m(TaskRunner pid=469699)[0m                                  'ulysses_sequence_parallel_size': 1,
[36m(TaskRunner pid=469699)[0m                                  'use_dynamic_bsz': False,
[36m(TaskRunner pid=469699)[0m                                  'use_fused_kernels': False,
[36m(TaskRunner pid=469699)[0m                                  'use_kl_loss': True,
[36m(TaskRunner pid=469699)[0m                                  'use_prefix_grouper': False,
[36m(TaskRunner pid=469699)[0m                                  'use_remove_padding': True,
[36m(TaskRunner pid=469699)[0m                                  'use_torch_compile': True},
[36m(TaskRunner pid=469699)[0m                        'hybrid_engine': True,
[36m(TaskRunner pid=469699)[0m                        'model': {'_target_': 'verl.workers.config.HFModelConfig',
[36m(TaskRunner pid=469699)[0m                                  'custom_chat_template': None,
[36m(TaskRunner pid=469699)[0m                                  'enable_activation_offload': False,
[36m(TaskRunner pid=469699)[0m                                  'enable_gradient_checkpointing': True,
[36m(TaskRunner pid=469699)[0m                                  'exclude_modules': None,
[36m(TaskRunner pid=469699)[0m                                  'external_lib': None,
[36m(TaskRunner pid=469699)[0m                                  'fused_kernel_options': {'impl_backend': 'torch'},
[36m(TaskRunner pid=469699)[0m                                  'hf_config_path': None,
[36m(TaskRunner pid=469699)[0m                                  'lora': {'a2a_experimental': False,
[36m(TaskRunner pid=469699)[0m                                           'adapter_path': None,
[36m(TaskRunner pid=469699)[0m                                           'alpha': 32,
[36m(TaskRunner pid=469699)[0m                                           'dropout': 0.0,
[36m(TaskRunner pid=469699)[0m                                           'dropout_position': 'pre',
[36m(TaskRunner pid=469699)[0m                                           'dtype': None,
[36m(TaskRunner pid=469699)[0m                                           'exclude_modules': [],
[36m(TaskRunner pid=469699)[0m                                           'freeze_language_model': True,
[36m(TaskRunner pid=469699)[0m                                           'freeze_vision_model': True,
[36m(TaskRunner pid=469699)[0m                                           'freeze_vision_projection': True,
[36m(TaskRunner pid=469699)[0m                                           'lora_A_init_method': 'xavier',
[36m(TaskRunner pid=469699)[0m                                           'lora_B_init_method': 'zero',
[36m(TaskRunner pid=469699)[0m                                           'merge': False,
[36m(TaskRunner pid=469699)[0m                                           'rank': 0,
[36m(TaskRunner pid=469699)[0m                                           'target_modules': ['linear_qkv',
[36m(TaskRunner pid=469699)[0m                                                              'linear_proj',
[36m(TaskRunner pid=469699)[0m                                                              'linear_fc1',
[36m(TaskRunner pid=469699)[0m                                                              'linear_fc2'],
[36m(TaskRunner pid=469699)[0m                                           'type': 'lora'},
[36m(TaskRunner pid=469699)[0m                                  'lora_adapter_path': None,
[36m(TaskRunner pid=469699)[0m                                  'lora_alpha': 16,
[36m(TaskRunner pid=469699)[0m                                  'lora_rank': 0,
[36m(TaskRunner pid=469699)[0m                                  'mtp': {'_target_': 'verl.workers.config.MtpConfig',
[36m(TaskRunner pid=469699)[0m                                          'detach_encoder': False,
[36m(TaskRunner pid=469699)[0m                                          'enable': False,
[36m(TaskRunner pid=469699)[0m                                          'enable_rollout': False,
[36m(TaskRunner pid=469699)[0m                                          'enable_train': False,
[36m(TaskRunner pid=469699)[0m                                          'method': 'mtp',
[36m(TaskRunner pid=469699)[0m                                          'mtp_loss_scaling_factor': 0.1,
[36m(TaskRunner pid=469699)[0m                                          'num_speculative_tokens': 1,
[36m(TaskRunner pid=469699)[0m                                          'speculative_algorithm': 'EAGLE',
[36m(TaskRunner pid=469699)[0m                                          'speculative_eagle_topk': 1,
[36m(TaskRunner pid=469699)[0m                                          'speculative_num_draft_tokens': 4,
[36m(TaskRunner pid=469699)[0m                                          'speculative_num_steps': 3},
[36m(TaskRunner pid=469699)[0m                                  'override_config': {},
[36m(TaskRunner pid=469699)[0m                                  'path': '/workspace/verl-x/budget-rl-training-repro/artifacts/models/sft_interval_pct30_e5',
[36m(TaskRunner pid=469699)[0m                                  'target_modules': 'all-linear',
[36m(TaskRunner pid=469699)[0m                                  'tiled_mlp': {'enabled': False,
[36m(TaskRunner pid=469699)[0m                                                'num_shards': 4},
[36m(TaskRunner pid=469699)[0m                                  'tokenizer_path': None,
[36m(TaskRunner pid=469699)[0m                                  'trust_remote_code': False,
[36m(TaskRunner pid=469699)[0m                                  'use_fused_kernels': False,
[36m(TaskRunner pid=469699)[0m                                  'use_liger': False,
[36m(TaskRunner pid=469699)[0m                                  'use_remove_padding': True,
[36m(TaskRunner pid=469699)[0m                                  'use_shm': False},
[36m(TaskRunner pid=469699)[0m                        'nccl_timeout': 600,
[36m(TaskRunner pid=469699)[0m                        'ref': {'_target_': 'verl.workers.config.FSDPActorConfig',
[36m(TaskRunner pid=469699)[0m                                'entropy_checkpointing': False,
[36m(TaskRunner pid=469699)[0m                                'entropy_from_logits_with_chunking': False,
[36m(TaskRunner pid=469699)[0m                                'fsdp_config': {'_target_': 'verl.workers.config.FSDPEngineConfig',
[36m(TaskRunner pid=469699)[0m                                                'dtype': 'bfloat16',
[36m(TaskRunner pid=469699)[0m                                                'entropy_checkpointing': False,
[36m(TaskRunner pid=469699)[0m                                                'entropy_from_logits_with_chunking': False,
[36m(TaskRunner pid=469699)[0m                                                'forward_only': True,
[36m(TaskRunner pid=469699)[0m                                                'forward_prefetch': False,
[36m(TaskRunner pid=469699)[0m                                                'fsdp_size': -1,
[36m(TaskRunner pid=469699)[0m                                                'full_determinism': False,
[36m(TaskRunner pid=469699)[0m                                                'model_dtype': 'fp32',
[36m(TaskRunner pid=469699)[0m                                                'offload_policy': False,
[36m(TaskRunner pid=469699)[0m                                                'optimizer_offload': False,
[36m(TaskRunner pid=469699)[0m                                                'param_offload': True,
[36m(TaskRunner pid=469699)[0m                                                'qat': {'_target_': 'verl.workers.config.QATEngineConfig',
[36m(TaskRunner pid=469699)[0m                                                        'activation_observer': 'static_minmax',
[36m(TaskRunner pid=469699)[0m                                                        'enable': False,
[36m(TaskRunner pid=469699)[0m                                                        'group_size': 16,
[36m(TaskRunner pid=469699)[0m                                                        'ignore_patterns': ['lm_head',
[36m(TaskRunner pid=469699)[0m                                                                            'embed_tokens',
[36m(TaskRunner pid=469699)[0m                                                                            're:.*mlp.gate$'],
[36m(TaskRunner pid=469699)[0m                                                        'mode': 'w4a16',
[36m(TaskRunner pid=469699)[0m                                                        'quantization_config_path': None},
[36m(TaskRunner pid=469699)[0m                                                'reshard_after_forward': True,
[36m(TaskRunner pid=469699)[0m                                                'seed': 42,
[36m(TaskRunner pid=469699)[0m                                                'strategy': 'fsdp',
[36m(TaskRunner pid=469699)[0m                                                'ulysses_sequence_parallel_size': 1,
[36m(TaskRunner pid=469699)[0m                                                'use_orig_params': False,
[36m(TaskRunner pid=469699)[0m                                                'use_torch_compile': True,
[36m(TaskRunner pid=469699)[0m                                                'wrap_policy': {'min_num_params': 0}},
[36m(TaskRunner pid=469699)[0m                                'log_prob_max_token_len_per_gpu': 16384,
[36m(TaskRunner pid=469699)[0m                                'log_prob_micro_batch_size': None,
[36m(TaskRunner pid=469699)[0m                                'log_prob_micro_batch_size_per_gpu': 2,
[36m(TaskRunner pid=469699)[0m                                'log_prob_use_dynamic_bsz': False,
[36m(TaskRunner pid=469699)[0m                                'profiler': {'_target_': 'verl.utils.profiler.ProfilerConfig',
[36m(TaskRunner pid=469699)[0m                                             'all_ranks': False,
[36m(TaskRunner pid=469699)[0m                                             'enable': False,
[36m(TaskRunner pid=469699)[0m                                             'ranks': [],
[36m(TaskRunner pid=469699)[0m                                             'save_path': 'outputs/profile',
[36m(TaskRunner pid=469699)[0m                                             'tool': None,
[36m(TaskRunner pid=469699)[0m                                             'tool_config': {'npu': {'_target_': 'verl.utils.profiler.config.NPUToolConfig',
[36m(TaskRunner pid=469699)[0m                                                                     'analysis': True,
[36m(TaskRunner pid=469699)[0m                                                                     'contents': [],
[36m(TaskRunner pid=469699)[0m                                                                     'discrete': False,
[36m(TaskRunner pid=469699)[0m                                                                     'level': 'level0'},
[36m(TaskRunner pid=469699)[0m                                                             'nsys': {'_target_': 'verl.utils.profiler.config.NsightToolConfig',
[36m(TaskRunner pid=469699)[0m                                                                      'discrete': False},
[36m(TaskRunner pid=469699)[0m                                                             'precision_debugger': {'_target_': 'verl.utils.profiler.config.PrecisionDebuggerToolConfig',
[36m(TaskRunner pid=469699)[0m                                                                                    'config_path': None,
[36m(TaskRunner pid=469699)[0m                                                                                    'stages': None,
[36m(TaskRunner pid=469699)[0m                                                                                    'steps': None,
[36m(TaskRunner pid=469699)[0m                                                                                    'strict': False},
[36m(TaskRunner pid=469699)[0m                                                             'torch': {'_target_': 'verl.utils.profiler.config.TorchProfilerToolConfig',
[36m(TaskRunner pid=469699)[0m                                                                       'contents': [],
[36m(TaskRunner pid=469699)[0m                                                                       'discrete': False},
[36m(TaskRunner pid=469699)[0m                                                             'torch_memory': {'_target_': 'verl.utils.profiler.config.TorchMemoryToolConfig',
[36m(TaskRunner pid=469699)[0m                                                                              'stack_depth': 32,
[36m(TaskRunner pid=469699)[0m                                                                              'trace_alloc_max_entries': 100000}}},
[36m(TaskRunner pid=469699)[0m                                'rollout_n': 16,
[36m(TaskRunner pid=469699)[0m                                'router_replay': {'_target_': 'verl.workers.config.RouterReplayConfig',
[36m(TaskRunner pid=469699)[0m                                                  'mode': 'disabled',
[36m(TaskRunner pid=469699)[0m                                                  'record_file': None,
[36m(TaskRunner pid=469699)[0m                                                  'replay_file': None},
[36m(TaskRunner pid=469699)[0m                                'strategy': 'fsdp',
[36m(TaskRunner pid=469699)[0m                                'ulysses_sequence_parallel_size': 1,
[36m(TaskRunner pid=469699)[0m                                'use_torch_compile': True},
[36m(TaskRunner pid=469699)[0m                        'rollout': {'_target_': 'verl.workers.config.RolloutConfig',
[36m(TaskRunner pid=469699)[0m                                    'agent': {'_target_': 'verl.workers.config.AgentLoopConfig',
[36m(TaskRunner pid=469699)[0m                                              'agent_loop_config_path': None,
[36m(TaskRunner pid=469699)[0m                                              'custom_async_server': {'_target_': 'verl.workers.config.CustomAsyncServerConfig',
[36m(TaskRunner pid=469699)[0m                                                                      'name': None,
[36m(TaskRunner pid=469699)[0m                                                                      'path': None},
[36m(TaskRunner pid=469699)[0m                                              'default_agent_loop': 'single_turn_agent',
[36m(TaskRunner pid=469699)[0m                                              'num_workers': 8},
[36m(TaskRunner pid=469699)[0m                                    'calculate_log_probs': False,
[36m(TaskRunner pid=469699)[0m                                    'checkpoint_engine': {'_target_': 'verl.workers.config.CheckpointEngineConfig',
[36m(TaskRunner pid=469699)[0m                                                          'backend': 'naive',
[36m(TaskRunner pid=469699)[0m                                                          'custom_backend_module': None,
[36m(TaskRunner pid=469699)[0m                                                          'engine_kwargs': {},
[36m(TaskRunner pid=469699)[0m                                                          'update_weights_bucket_megabytes': 2048},
[36m(TaskRunner pid=469699)[0m                                    'cudagraph_capture_sizes': None,
[36m(TaskRunner pid=469699)[0m                                    'data_parallel_size': 1,
[36m(TaskRunner pid=469699)[0m                                    'disable_log_stats': True,
[36m(TaskRunner pid=469699)[0m                                    'do_sample': True,
[36m(TaskRunner pid=469699)[0m                                    'dtype': 'bfloat16',
[36m(TaskRunner pid=469699)[0m                                    'enable_chunked_prefill': True,
[36m(TaskRunner pid=469699)[0m                                    'enable_prefix_caching': True,
[36m(TaskRunner pid=469699)[0m                                    'enable_rollout_routing_replay': False,
[36m(TaskRunner pid=469699)[0m                                    'enforce_eager': False,
[36m(TaskRunner pid=469699)[0m                                    'engine_kwargs': {'sglang': {},
[36m(TaskRunner pid=469699)[0m                                                      'trtllm': {},
[36m(TaskRunner pid=469699)[0m                                                      'vllm': {}},
[36m(TaskRunner pid=469699)[0m                                    'expert_parallel_size': 1,
[36m(TaskRunner pid=469699)[0m                                    'free_cache_engine': True,
[36m(TaskRunner pid=469699)[0m                                    'gpu_memory_utilization': 0.3,
[36m(TaskRunner pid=469699)[0m                                    'ignore_eos': False,
[36m(TaskRunner pid=469699)[0m                                    'layered_summon': False,
[36m(TaskRunner pid=469699)[0m                                    'load_format': 'dummy',
[36m(TaskRunner pid=469699)[0m                                    'log_prob_max_token_len_per_gpu': 16384,
[36m(TaskRunner pid=469699)[0m                                    'log_prob_micro_batch_size': None,
[36m(TaskRunner pid=469699)[0m                                    'log_prob_micro_batch_size_per_gpu': 2,
[36m(TaskRunner pid=469699)[0m                                    'log_prob_use_dynamic_bsz': False,
[36m(TaskRunner pid=469699)[0m                                    'logprobs_mode': 'processed_logprobs',
[36m(TaskRunner pid=469699)[0m                                    'max_model_len': 8192,
[36m(TaskRunner pid=469699)[0m                                    'max_num_batched_tokens': 8192,
[36m(TaskRunner pid=469699)[0m                                    'max_num_seqs': 1024,
[36m(TaskRunner pid=469699)[0m                                    'mode': 'async',
[36m(TaskRunner pid=469699)[0m                                    'mtp': {'_target_': 'verl.workers.config.MtpConfig',
[36m(TaskRunner pid=469699)[0m                                            'detach_encoder': False,
[36m(TaskRunner pid=469699)[0m                                            'enable': False,
[36m(TaskRunner pid=469699)[0m                                            'enable_rollout': False,
[36m(TaskRunner pid=469699)[0m                                            'enable_train': False,
[36m(TaskRunner pid=469699)[0m                                            'method': 'mtp',
[36m(TaskRunner pid=469699)[0m                                            'mtp_loss_scaling_factor': 0.1,
[36m(TaskRunner pid=469699)[0m                                            'num_speculative_tokens': 1,
[36m(TaskRunner pid=469699)[0m                                            'speculative_algorithm': 'EAGLE',
[36m(TaskRunner pid=469699)[0m                                            'speculative_eagle_topk': 1,
[36m(TaskRunner pid=469699)[0m                                            'speculative_num_draft_tokens': 4,
[36m(TaskRunner pid=469699)[0m                                            'speculative_num_steps': 3},
[36m(TaskRunner pid=469699)[0m                                    'multi_stage_wake_up': False,
[36m(TaskRunner pid=469699)[0m                                    'multi_turn': {'_target_': 'verl.workers.config.MultiTurnConfig',
[36m(TaskRunner pid=469699)[0m                                                   'enable': False,
[36m(TaskRunner pid=469699)[0m                                                   'format': 'hermes',
[36m(TaskRunner pid=469699)[0m                                                   'interaction_config_path': None,
[36m(TaskRunner pid=469699)[0m                                                   'max_assistant_turns': None,
[36m(TaskRunner pid=469699)[0m                                                   'max_parallel_calls': 1,
[36m(TaskRunner pid=469699)[0m                                                   'max_tool_response_length': 256,
[36m(TaskRunner pid=469699)[0m                                                   'max_user_turns': None,
[36m(TaskRunner pid=469699)[0m                                                   'num_repeat_rollouts': None,
[36m(TaskRunner pid=469699)[0m                                                   'tokenization_sanity_check_mode': 'strict',
[36m(TaskRunner pid=469699)[0m                                                   'tool_config_path': None,
[36m(TaskRunner pid=469699)[0m                                                   'tool_response_truncate_side': 'middle',
[36m(TaskRunner pid=469699)[0m                                                   'use_inference_chat_template': False},
[36m(TaskRunner pid=469699)[0m                                    'n': 16,
[36m(TaskRunner pid=469699)[0m                                    'n_gpus_per_node': 8,
[36m(TaskRunner pid=469699)[0m                                    'name': 'vllm',
[36m(TaskRunner pid=469699)[0m                                    'nnodes': 0,
[36m(TaskRunner pid=469699)[0m                                    'over_sample_rate': 0,
[36m(TaskRunner pid=469699)[0m                                    'pipeline_model_parallel_size': 1,
[36m(TaskRunner pid=469699)[0m                                    'profiler': {'_target_': 'verl.utils.profiler.ProfilerConfig',
[36m(TaskRunner pid=469699)[0m                                                 'all_ranks': False,
[36m(TaskRunner pid=469699)[0m                                                 'enable': False,
[36m(TaskRunner pid=469699)[0m                                                 'ranks': [],
[36m(TaskRunner pid=469699)[0m                                                 'save_path': 'outputs/profile',
[36m(TaskRunner pid=469699)[0m                                                 'tool': None,
[36m(TaskRunner pid=469699)[0m                                                 'tool_config': {'npu': {'_target_': 'verl.utils.profiler.config.NPUToolConfig',
[36m(TaskRunner pid=469699)[0m                                                                         'analysis': True,
[36m(TaskRunner pid=469699)[0m                                                                         'contents': [],
[36m(TaskRunner pid=469699)[0m                                                                         'discrete': False,
[36m(TaskRunner pid=469699)[0m                                                                         'level': 'level0'},
[36m(TaskRunner pid=469699)[0m                                                                 'precision_debugger': {'_target_': 'verl.utils.profiler.config.PrecisionDebuggerToolConfig',
[36m(TaskRunner pid=469699)[0m                                                                                        'config_path': None,
[36m(TaskRunner pid=469699)[0m                                                                                        'stages': None,
[36m(TaskRunner pid=469699)[0m                                                                                        'steps': None,
[36m(TaskRunner pid=469699)[0m                                                                                        'strict': False},
[36m(TaskRunner pid=469699)[0m                                                                 'torch': {'_target_': 'verl.utils.profiler.config.TorchProfilerToolConfig',
[36m(TaskRunner pid=469699)[0m                                                                           'contents': [],
[36m(TaskRunner pid=469699)[0m                                                                           'discrete': False}}},
[36m(TaskRunner pid=469699)[0m                                    'prometheus': {'_target_': 'verl.workers.config.PrometheusConfig',
[36m(TaskRunner pid=469699)[0m                                                   'enable': False,
[36m(TaskRunner pid=469699)[0m                                                   'file': '/tmp/ray/session_latest/metrics/prometheus/prometheus.yml',
[36m(TaskRunner pid=469699)[0m                                                   'port': 9090,
[36m(TaskRunner pid=469699)[0m                                                   'served_model_name': '/workspace/verl-x/budget-rl-training-repro/artifacts/models/sft_interval_pct30_e5'},
[36m(TaskRunner pid=469699)[0m                                    'prompt_length': 8192,
[36m(TaskRunner pid=469699)[0m                                    'qat': {'_target_': 'verl.workers.config.QATEngineConfig',
[36m(TaskRunner pid=469699)[0m                                            'activation_observer': 'static_minmax',
[36m(TaskRunner pid=469699)[0m                                            'enable': False,
[36m(TaskRunner pid=469699)[0m                                            'group_size': 16,
[36m(TaskRunner pid=469699)[0m                                            'ignore_patterns': ['lm_head',
[36m(TaskRunner pid=469699)[0m                                                                'embed_tokens',
[36m(TaskRunner pid=469699)[0m                                                                're:.*mlp.gate$'],
[36m(TaskRunner pid=469699)[0m                                            'mode': 'w4a16',
[36m(TaskRunner pid=469699)[0m                                            'quantization_config_path': None},
[36m(TaskRunner pid=469699)[0m                                    'quantization': None,
[36m(TaskRunner pid=469699)[0m                                    'quantization_config_file': None,
[36m(TaskRunner pid=469699)[0m                                    'response_length': 1024,
[36m(TaskRunner pid=469699)[0m                                    'scheduling_policy': 'fcfs',
[36m(TaskRunner pid=469699)[0m                                    'skip': {'_target_': 'verl.workers.config.SkipConfig',
[36m(TaskRunner pid=469699)[0m                                             'action': 'cache',
[36m(TaskRunner pid=469699)[0m                                             'dump_dir': '~/.verl/rollout_dump',
[36m(TaskRunner pid=469699)[0m                                             'enable': False,
[36m(TaskRunner pid=469699)[0m                                             'max_dump_step': 1},
[36m(TaskRunner pid=469699)[0m                                    'skip_tokenizer_init': True,
[36m(TaskRunner pid=469699)[0m                                    'temperature': 1.0,
[36m(TaskRunner pid=469699)[0m                                    'tensor_model_parallel_size': 4,
[36m(TaskRunner pid=469699)[0m                                    'top_k': -1,
[36m(TaskRunner pid=469699)[0m                                    'top_p': 1,
[36m(TaskRunner pid=469699)[0m                                    'trace': {'_target_': 'verl.workers.config.TraceConfig',
[36m(TaskRunner pid=469699)[0m                                              'backend': None,
[36m(TaskRunner pid=469699)[0m                                              'experiment_name': 'rl_pct30e5_kl005_central_lam1_seed42',
[36m(TaskRunner pid=469699)[0m                                              'max_samples_per_step_per_worker': None,
[36m(TaskRunner pid=469699)[0m                                              'project_name': 'budget_probe_grpo',
[36m(TaskRunner pid=469699)[0m                                              'token2text': False},
[36m(TaskRunner pid=469699)[0m                                    'val_kwargs': {'_target_': 'verl.workers.config.SamplingConfig',
[36m(TaskRunner pid=469699)[0m                                                   'do_sample': False,
[36m(TaskRunner pid=469699)[0m                                                   'n': 1,
[36m(TaskRunner pid=469699)[0m                                                   'temperature': 0,
[36m(TaskRunner pid=469699)[0m                                                   'top_k': -1,
[36m(TaskRunner pid=469699)[0m                                                   'top_p': 1.0}}},
[36m(TaskRunner pid=469699)[0m  'algorithm': {'_target_': 'verl.trainer.config.AlgoConfig',
[36m(TaskRunner pid=469699)[0m                'adv_estimator': 'grpo',
[36m(TaskRunner pid=469699)[0m                'gamma': 1.0,
[36m(TaskRunner pid=469699)[0m                'kl_ctrl': {'_target_': 'verl.trainer.config.KLControlConfig',
[36m(TaskRunner pid=469699)[0m                            'horizon': 10000,
[36m(TaskRunner pid=469699)[0m                            'kl_coef': 0.001,
[36m(TaskRunner pid=469699)[0m                            'target_kl': 0.1,
[36m(TaskRunner pid=469699)[0m                            'type': 'fixed'},
[36m(TaskRunner pid=469699)[0m                'kl_penalty': 'kl',
[36m(TaskRunner pid=469699)[0m                'lam': 1.0,
[36m(TaskRunner pid=469699)[0m                'norm_adv_by_std_in_grpo': True,
[36m(TaskRunner pid=469699)[0m                'pf_ppo': {'reweight_method': 'pow', 'weight_pow': 2.0},
[36m(TaskRunner pid=469699)[0m                'rollout_correction': {'bypass_mode': False,
[36m(TaskRunner pid=469699)[0m                                       'loss_type': 'ppo_clip',
[36m(TaskRunner pid=469699)[0m                                       'rollout_is': None,
[36m(TaskRunner pid=469699)[0m                                       'rollout_is_batch_normalize': False,
[36m(TaskRunner pid=469699)[0m                                       'rollout_is_threshold': 2.0,
[36m(TaskRunner pid=469699)[0m                                       'rollout_rs': None,
[36m(TaskRunner pid=469699)[0m                                       'rollout_rs_threshold': None},
[36m(TaskRunner pid=469699)[0m                'use_kl_in_reward': False,
[36m(TaskRunner pid=469699)[0m                'use_pf_ppo': False},
[36m(TaskRunner pid=469699)[0m  'critic': {'_target_': 'verl.workers.config.FSDPCriticConfig',
[36m(TaskRunner pid=469699)[0m             'checkpoint': {'_target_': 'verl.trainer.config.CheckpointConfig',
[36m(TaskRunner pid=469699)[0m                            'async_save': False,
[36m(TaskRunner pid=469699)[0m                            'load_contents': ['model', 'optimizer', 'extra'],
[36m(TaskRunner pid=469699)[0m                            'mbridge_config': {},
[36m(TaskRunner pid=469699)[0m                            'save_contents': ['model', 'optimizer', 'extra']},
[36m(TaskRunner pid=469699)[0m             'cliprange_value': 0.5,
[36m(TaskRunner pid=469699)[0m             'data_loader_seed': 42,
[36m(TaskRunner pid=469699)[0m             'enable': None,
[36m(TaskRunner pid=469699)[0m             'forward_max_token_len_per_gpu': 32768,
[36m(TaskRunner pid=469699)[0m             'forward_micro_batch_size': None,
[36m(TaskRunner pid=469699)[0m             'forward_micro_batch_size_per_gpu': None,
[36m(TaskRunner pid=469699)[0m             'fsdp': {'_target_': 'verl.workers.config.FSDPEngineConfig',
[36m(TaskRunner pid=469699)[0m                      'dtype': 'bfloat16',
[36m(TaskRunner pid=469699)[0m                      'entropy_checkpointing': False,
[36m(TaskRunner pid=469699)[0m                      'entropy_from_logits_with_chunking': False,
[36m(TaskRunner pid=469699)[0m                      'forward_only': False,
[36m(TaskRunner pid=469699)[0m                      'forward_prefetch': False,
[36m(TaskRunner pid=469699)[0m                      'fsdp_size': -1,
[36m(TaskRunner pid=469699)[0m                      'full_determinism': False,
[36m(TaskRunner pid=469699)[0m                      'model_dtype': 'fp32',
[36m(TaskRunner pid=469699)[0m                      'offload_policy': False,
[36m(TaskRunner pid=469699)[0m                      'optimizer_offload': False,
[36m(TaskRunner pid=469699)[0m                      'param_offload': False,
[36m(TaskRunner pid=469699)[0m                      'qat': {'_target_': 'verl.workers.config.QATEngineConfig',
[36m(TaskRunner pid=469699)[0m                              'activation_observer': 'static_minmax',
[36m(TaskRunner pid=469699)[0m                              'enable': False,
[36m(TaskRunner pid=469699)[0m                              'group_size': 16,
[36m(TaskRunner pid=469699)[0m                              'ignore_patterns': ['lm_head',
[36m(TaskRunner pid=469699)[0m                                                  'embed_tokens',
[36m(TaskRunner pid=469699)[0m                                                  're:.*mlp.gate$'],
[36m(TaskRunner pid=469699)[0m                              'mode': 'w4a16',
[36m(TaskRunner pid=469699)[0m                              'quantization_config_path': None},
[36m(TaskRunner pid=469699)[0m                      'reshard_after_forward': True,
[36m(TaskRunner pid=469699)[0m                      'seed': 42,
[36m(TaskRunner pid=469699)[0m                      'strategy': 'fsdp',
[36m(TaskRunner pid=469699)[0m                      'ulysses_sequence_parallel_size': 1,
[36m(TaskRunner pid=469699)[0m                      'use_orig_params': False,
[36m(TaskRunner pid=469699)[0m                      'use_torch_compile': True,
[36m(TaskRunner pid=469699)[0m                      'wrap_policy': {'min_num_params': 0}},
[36m(TaskRunner pid=469699)[0m             'grad_clip': 1.0,
[36m(TaskRunner pid=469699)[0m             'loss_agg_mode': 'token-mean',
[36m(TaskRunner pid=469699)[0m             'model': {'_target_': 'verl.workers.config.HFModelConfig',
[36m(TaskRunner pid=469699)[0m                       'custom_chat_template': None,
[36m(TaskRunner pid=469699)[0m                       'enable_activation_offload': False,
[36m(TaskRunner pid=469699)[0m                       'enable_gradient_checkpointing': True,
[36m(TaskRunner pid=469699)[0m                       'exclude_modules': None,
[36m(TaskRunner pid=469699)[0m                       'external_lib': None,
[36m(TaskRunner pid=469699)[0m                       'fused_kernel_options': {'impl_backend': 'torch'},
[36m(TaskRunner pid=469699)[0m                       'hf_config_path': None,
[36m(TaskRunner pid=469699)[0m                       'lora': {'a2a_experimental': False,
[36m(TaskRunner pid=469699)[0m                                'adapter_path': None,
[36m(TaskRunner pid=469699)[0m                                'alpha': 32,
[36m(TaskRunner pid=469699)[0m                                'dropout': 0.0,
[36m(TaskRunner pid=469699)[0m                                'dropout_position': 'pre',
[36m(TaskRunner pid=469699)[0m                                'dtype': None,
[36m(TaskRunner pid=469699)[0m                                'exclude_modules': [],
[36m(TaskRunner pid=469699)[0m                                'freeze_language_model': True,
[36m(TaskRunner pid=469699)[0m                                'freeze_vision_model': True,
[36m(TaskRunner pid=469699)[0m                                'freeze_vision_projection': True,
[36m(TaskRunner pid=469699)[0m                                'lora_A_init_method': 'xavier',
[36m(TaskRunner pid=469699)[0m                                'lora_B_init_method': 'zero',
[36m(TaskRunner pid=469699)[0m                                'merge': False,
[36m(TaskRunner pid=469699)[0m                                'rank': 0,
[36m(TaskRunner pid=469699)[0m                                'target_modules': ['linear_qkv',
[36m(TaskRunner pid=469699)[0m                                                   'linear_proj',
[36m(TaskRunner pid=469699)[0m                                                   'linear_fc1',
[36m(TaskRunner pid=469699)[0m                                                   'linear_fc2'],
[36m(TaskRunner pid=469699)[0m                                'type': 'lora'},
[36m(TaskRunner pid=469699)[0m                       'lora_adapter_path': None,
[36m(TaskRunner pid=469699)[0m                       'lora_alpha': 16,
[36m(TaskRunner pid=469699)[0m                       'lora_rank': 0,
[36m(TaskRunner pid=469699)[0m                       'mtp': {'_target_': 'verl.workers.config.MtpConfig',
[36m(TaskRunner pid=469699)[0m                               'detach_encoder': False,
[36m(TaskRunner pid=469699)[0m                               'enable': False,
[36m(TaskRunner pid=469699)[0m                               'enable_rollout': False,
[36m(TaskRunner pid=469699)[0m                               'enable_train': False,
[36m(TaskRunner pid=469699)[0m                               'method': 'mtp',
[36m(TaskRunner pid=469699)[0m                               'mtp_loss_scaling_factor': 0.1,
[36m(TaskRunner pid=469699)[0m                               'num_speculative_tokens': 1,
[36m(TaskRunner pid=469699)[0m                               'speculative_algorithm': 'EAGLE',
[36m(TaskRunner pid=469699)[0m                               'speculative_eagle_topk': 1,
[36m(TaskRunner pid=469699)[0m                               'speculative_num_draft_tokens': 4,
[36m(TaskRunner pid=469699)[0m                               'speculative_num_steps': 3},
[36m(TaskRunner pid=469699)[0m                       'override_config': {},
[36m(TaskRunner pid=469699)[0m                       'path': '~/models/deepseek-llm-7b-chat',
[36m(TaskRunner pid=469699)[0m                       'target_modules': 'all-linear',
[36m(TaskRunner pid=469699)[0m                       'tiled_mlp': {'enabled': False, 'num_shards': 4},
[36m(TaskRunner pid=469699)[0m                       'tokenizer_path': None,
[36m(TaskRunner pid=469699)[0m                       'trust_remote_code': False,
[36m(TaskRunner pid=469699)[0m                       'use_fused_kernels': False,
[36m(TaskRunner pid=469699)[0m                       'use_liger': False,
[36m(TaskRunner pid=469699)[0m                       'use_remove_padding': True,
[36m(TaskRunner pid=469699)[0m                       'use_shm': False},
[36m(TaskRunner pid=469699)[0m             'optim': {'_target_': 'verl.workers.config.FSDPOptimizerConfig',
[36m(TaskRunner pid=469699)[0m                       'betas': [0.9, 0.999],
[36m(TaskRunner pid=469699)[0m                       'clip_grad': 1.0,
[36m(TaskRunner pid=469699)[0m                       'lr': 1e-05,
[36m(TaskRunner pid=469699)[0m                       'lr_scheduler_type': 'constant',
[36m(TaskRunner pid=469699)[0m                       'lr_warmup_steps': -1,
[36m(TaskRunner pid=469699)[0m                       'lr_warmup_steps_ratio': 0.0,
[36m(TaskRunner pid=469699)[0m                       'min_lr_ratio': 0.0,
[36m(TaskRunner pid=469699)[0m                       'num_cycles': 0.5,
[36m(TaskRunner pid=469699)[0m                       'optimizer': 'AdamW',
[36m(TaskRunner pid=469699)[0m                       'optimizer_impl': 'torch.optim',
[36m(TaskRunner pid=469699)[0m                       'override_optimizer_config': None,
[36m(TaskRunner pid=469699)[0m                       'total_training_steps': -1,
[36m(TaskRunner pid=469699)[0m                       'warmup_style': None,
[36m(TaskRunner pid=469699)[0m                       'weight_decay': 0.01,
[36m(TaskRunner pid=469699)[0m                       'zero_indexed_step': True},
[36m(TaskRunner pid=469699)[0m             'ppo_epochs': 1,
[36m(TaskRunner pid=469699)[0m             'ppo_max_token_len_per_gpu': 32768,
[36m(TaskRunner pid=469699)[0m             'ppo_micro_batch_size': None,
[36m(TaskRunner pid=469699)[0m             'ppo_micro_batch_size_per_gpu': None,
[36m(TaskRunner pid=469699)[0m             'ppo_mini_batch_size': 64,
[36m(TaskRunner pid=469699)[0m             'profiler': {'_target_': 'verl.utils.profiler.ProfilerConfig',
[36m(TaskRunner pid=469699)[0m                          'all_ranks': False,
[36m(TaskRunner pid=469699)[0m                          'enable': False,
[36m(TaskRunner pid=469699)[0m                          'ranks': [],
[36m(TaskRunner pid=469699)[0m                          'save_path': 'outputs/profile',
[36m(TaskRunner pid=469699)[0m                          'tool': None,
[36m(TaskRunner pid=469699)[0m                          'tool_config': {'npu': {'_target_': 'verl.utils.profiler.config.NPUToolConfig',
[36m(TaskRunner pid=469699)[0m                                                  'analysis': True,
[36m(TaskRunner pid=469699)[0m                                                  'contents': [],
[36m(TaskRunner pid=469699)[0m                                                  'discrete': False,
[36m(TaskRunner pid=469699)[0m                                                  'level': 'level0'},
[36m(TaskRunner pid=469699)[0m                                          'nsys': {'_target_': 'verl.utils.profiler.config.NsightToolConfig',
[36m(TaskRunner pid=469699)[0m                                                   'discrete': False},
[36m(TaskRunner pid=469699)[0m                                          'precision_debugger': {'_target_': 'verl.utils.profiler.config.PrecisionDebuggerToolConfig',
[36m(TaskRunner pid=469699)[0m                                                                 'config_path': None,
[36m(TaskRunner pid=469699)[0m                                                                 'stages': None,
[36m(TaskRunner pid=469699)[0m                                                                 'steps': None,
[36m(TaskRunner pid=469699)[0m                                                                 'strict': False},
[36m(TaskRunner pid=469699)[0m                                          'torch': {'_target_': 'verl.utils.profiler.config.TorchProfilerToolConfig',
[36m(TaskRunner pid=469699)[0m                                                    'contents': [],
[36m(TaskRunner pid=469699)[0m                                                    'discrete': False},
[36m(TaskRunner pid=469699)[0m                                          'torch_memory': {'_target_': 'verl.utils.profiler.config.TorchMemoryToolConfig',
[36m(TaskRunner pid=469699)[0m                                                           'stack_depth': 32,
[36m(TaskRunner pid=469699)[0m                                                           'trace_alloc_max_entries': 100000}}},
[36m(TaskRunner pid=469699)[0m             'rollout_n': 16,
[36m(TaskRunner pid=469699)[0m             'shuffle': False,
[36m(TaskRunner pid=469699)[0m             'strategy': 'fsdp',
[36m(TaskRunner pid=469699)[0m             'ulysses_sequence_parallel_size': 1,
[36m(TaskRunner pid=469699)[0m             'use_dynamic_bsz': False},
[36m(TaskRunner pid=469699)[0m  'data': {'apply_chat_template_kwargs': {},
[36m(TaskRunner pid=469699)[0m           'custom_cls': {'name': None, 'path': None},
[36m(TaskRunner pid=469699)[0m           'datagen': {'name': None, 'path': None},
[36m(TaskRunner pid=469699)[0m           'dataloader_num_workers': 8,
[36m(TaskRunner pid=469699)[0m           'filter_overlong_prompts': True,
[36m(TaskRunner pid=469699)[0m           'filter_overlong_prompts_workers': 1,
[36m(TaskRunner pid=469699)[0m           'image_key': 'images',
[36m(TaskRunner pid=469699)[0m           'image_patch_size': 14,
[36m(TaskRunner pid=469699)[0m           'max_prompt_length': 8192,
[36m(TaskRunner pid=469699)[0m           'max_response_length': 1024,
[36m(TaskRunner pid=469699)[0m           'prompt_key': 'prompt',
[36m(TaskRunner pid=469699)[0m           'return_full_prompt': False,
[36m(TaskRunner pid=469699)[0m           'return_multi_modal_inputs': True,
[36m(TaskRunner pid=469699)[0m           'return_raw_chat': True,
[36m(TaskRunner pid=469699)[0m           'return_raw_input_ids': False,
[36m(TaskRunner pid=469699)[0m           'reward_fn_key': 'data_source',
[36m(TaskRunner pid=469699)[0m           'sampler': {'class_name': None, 'class_path': None},
[36m(TaskRunner pid=469699)[0m           'seed': 42,
[36m(TaskRunner pid=469699)[0m           'shuffle': True,
[36m(TaskRunner pid=469699)[0m           'tokenizer': None,
[36m(TaskRunner pid=469699)[0m           'tool_config_path': None,
[36m(TaskRunner pid=469699)[0m           'train_batch_size': 64,
[36m(TaskRunner pid=469699)[0m           'train_files': '/workspace/verl-x/budget-rl-training-repro/artifacts/data/rl/train.parquet',
[36m(TaskRunner pid=469699)[0m           'train_max_samples': -1,
[36m(TaskRunner pid=469699)[0m           'truncation': 'error',
[36m(TaskRunner pid=469699)[0m           'trust_remote_code': False,
[36m(TaskRunner pid=469699)[0m           'use_shm': False,
[36m(TaskRunner pid=469699)[0m           'val_batch_size': None,
[36m(TaskRunner pid=469699)[0m           'val_files': '/workspace/verl-x/budget-rl-training-repro/artifacts/data/rl/test.parquet',
[36m(TaskRunner pid=469699)[0m           'val_max_samples': -1,
[36m(TaskRunner pid=469699)[0m           'validation_shuffle': False,
[36m(TaskRunner pid=469699)[0m           'video_key': 'videos'},
[36m(TaskRunner pid=469699)[0m  'distillation': {'_target_': 'verl.workers.config.DistillationConfig',
[36m(TaskRunner pid=469699)[0m                   'distillation_loss': {'_target_': 'verl.workers.config.DistillationLossConfig',
[36m(TaskRunner pid=469699)[0m                                         'clip_ratio': 0.2,
[36m(TaskRunner pid=469699)[0m                                         'clip_ratio_high': 0.2,
[36m(TaskRunner pid=469699)[0m                                         'clip_ratio_low': 0.2,
[36m(TaskRunner pid=469699)[0m                                         'distillation_loss_coef': 1.0,
[36m(TaskRunner pid=469699)[0m                                         'log_prob_min_clamp': None,
[36m(TaskRunner pid=469699)[0m                                         'loss_max_clamp': None,
[36m(TaskRunner pid=469699)[0m                                         'loss_mode': 'k3',
[36m(TaskRunner pid=469699)[0m                                         'policy_loss_mode': 'vanilla',
[36m(TaskRunner pid=469699)[0m                                         'topk': 32,
[36m(TaskRunner pid=469699)[0m                                         'use_policy_gradient': False,
[36m(TaskRunner pid=469699)[0m                                         'use_task_rewards': True},
[36m(TaskRunner pid=469699)[0m                   'enabled': False,
[36m(TaskRunner pid=469699)[0m                   'num_workers': 8,
[36m(TaskRunner pid=469699)[0m                   'teacher_model': {'_target_': 'verl.workers.config.DistillationTeacherModelConfig',
[36m(TaskRunner pid=469699)[0m                                     'enable_resource_pool': False,
[36m(TaskRunner pid=469699)[0m                                     'inference': {'_target_': 'verl.workers.config.RolloutConfig',
[36m(TaskRunner pid=469699)[0m                                                   'cudagraph_capture_sizes': None,
[36m(TaskRunner pid=469699)[0m                                                   'data_parallel_size': 1,
[36m(TaskRunner pid=469699)[0m                                                   'disable_log_stats': True,
[36m(TaskRunner pid=469699)[0m                                                   'dtype': 'bfloat16',
[36m(TaskRunner pid=469699)[0m                                                   'enable_chunked_prefill': True,
[36m(TaskRunner pid=469699)[0m                                                   'enable_prefix_caching': True,
[36m(TaskRunner pid=469699)[0m                                                   'enforce_eager': True,
[36m(TaskRunner pid=469699)[0m                                                   'engine_kwargs': {},
[36m(TaskRunner pid=469699)[0m                                                   'expert_parallel_size': 1,
[36m(TaskRunner pid=469699)[0m                                                   'free_cache_engine': True,
[36m(TaskRunner pid=469699)[0m                                                   'gpu_memory_utilization': 0.5,
[36m(TaskRunner pid=469699)[0m                                                   'limit_images': None,
[36m(TaskRunner pid=469699)[0m                                                   'load_format': 'auto',
[36m(TaskRunner pid=469699)[0m                                                   'max_model_len': None,
[36m(TaskRunner pid=469699)[0m                                                   'max_num_batched_tokens': 8192,
[36m(TaskRunner pid=469699)[0m                                                   'max_num_seqs': 1024,
[36m(TaskRunner pid=469699)[0m                                                   'name': 'vllm',
[36m(TaskRunner pid=469699)[0m                                                   'prompt_length': 8192,
[36m(TaskRunner pid=469699)[0m                                                   'response_length': 1024,
[36m(TaskRunner pid=469699)[0m                                                   'skip_tokenizer_init': False,
[36m(TaskRunner pid=469699)[0m                                                   'temperature': 1.0,
[36m(TaskRunner pid=469699)[0m                                                   'tensor_model_parallel_size': 2},
[36m(TaskRunner pid=469699)[0m                                     'model_path': None,
[36m(TaskRunner pid=469699)[0m                                     'n_gpus_per_node': 8,
[36m(TaskRunner pid=469699)[0m                                     'nnodes': 0}},
[36m(TaskRunner pid=469699)[0m  'global_profiler': {'_target_': 'verl.utils.profiler.ProfilerConfig',
[36m(TaskRunner pid=469699)[0m                      'global_tool_config': {'nsys': {'_target_': 'verl.utils.profiler.config.NsightToolConfig',
[36m(TaskRunner pid=469699)[0m                                                      'controller_nsight_options': {'cuda-graph-trace': 'graph',
[36m(TaskRunner pid=469699)[0m                                                                                    'cuda-memory-usage': 'true',
[36m(TaskRunner pid=469699)[0m                                                                                    'trace': 'cuda,nvtx,cublas,ucx'},
[36m(TaskRunner pid=469699)[0m                                                      'discrete': False,
[36m(TaskRunner pid=469699)[0m                                                      'worker_nsight_options': {'capture-range': 'cudaProfilerApi',
[36m(TaskRunner pid=469699)[0m                                                                                'capture-range-end': None,
[36m(TaskRunner pid=469699)[0m                                                                                'cuda-graph-trace': 'graph',
[36m(TaskRunner pid=469699)[0m                                                                                'cuda-memory-usage': 'true',
[36m(TaskRunner pid=469699)[0m                                                                                'kill': 'none',
[36m(TaskRunner pid=469699)[0m                                                                                'trace': 'cuda,nvtx,cublas,ucx'}},
[36m(TaskRunner pid=469699)[0m                                             'precision_debugger': {'_target_': 'verl.utils.profiler.config.PrecisionDebuggerToolConfig',[36m(TaskRunner pid=469699)[0m /workspace/verl-x/verl/trainer/main_ppo.py:335: UserWarning: Disabled critic as algorithm.adv_estimator != gae. If it is not intended, please set critic.enable=True
[36m(TaskRunner pid=469699)[0m   use_critic=need_critic(config),
[36m(TaskRunner pid=469699)[0m The tokenizer you are loading from '/workspace/verl-x/budget-rl-training-repro/artifacts/models/sft_interval_pct30_e5' with an incorrect regex pattern: https://huggingface.co/mistralai/Mistral-Small-3.1-24B-Instruct-2503/discussions/84#69121093e8b480e709447d5e. This will lead to incorrect tokenization. You should set the `fix_mistral_regex=True` flag when loading this tokenizer to fix this issue.
[36m(TaskRunner pid=469699)[0m The tokenizer you are loading from '/workspace/verl-x/budget-rl-training-repro/artifacts/models/sft_interval_pct30_e5' with an incorrect regex pattern: https://huggingface.co/mistralai/Mistral-Small-3.1-24B-Instruct-2503/discussions/84#69121093e8b480e709447d5e. This will lead to incorrect tokenization. You should set the `fix_mistral_regex=True` flag when loading this tokenizer to fix this issue.
[36m(TaskRunner pid=469699)[0m Setting TOKENIZERS_PARALLELISM=false for forked processes.
[36m(TaskRunner pid=469699)[0m WARNING:2026-07-11 05:05:08,307:Setting TOKENIZERS_PARALLELISM=false for forked processes.
[36m(TaskRunner pid=469699)[0m Filtering prompts longer than 8192 tokens (num_proc=1):   0%|          | 0/966 [00:00<?, ? examples/s]
[36m(TaskRunner pid=469699)[0m Filtering prompts longer than 8192 tokens (num_proc=1): 100%|██████████| 966/966 [00:04<00:00, 195.28 examples/s]
[36m(TaskRunner pid=469699)[0m Filtering prompts longer than 8192 tokens (num_proc=1): 100%|██████████| 966/966 [00:05<00:00, 189.90 examples/s]

[36m(TaskRunner pid=469699)[0m                                                                    'config_path': None,
[36m(TaskRunner pid=469699)[0m                                                                    'stages': None,
[36m(TaskRunner pid=469699)[0m                                                                    'steps': None,
[36m(TaskRunner pid=469699)[0m                                                                    'strict': False},
[36m(TaskRunner pid=469699)[0m                                             'torch_memory': {'context': 'all',
[36m(TaskRunner pid=469699)[0m                                                              'kw_args': {},
[36m(TaskRunner pid=469699)[0m                                                              'stack_depth': 32,
[36m(TaskRunner pid=469699)[0m                                                              'stacks': 'all',
[36m(TaskRunner pid=469699)[0m                                                              'trace_alloc_max_entries': 100000}},
[36m(TaskRunner pid=469699)[0m                      'profile_continuous_steps': False,
[36m(TaskRunner pid=469699)[0m                      'save_path': 'outputs/profile',
[36m(TaskRunner pid=469699)[0m                      'steps': None,
[36m(TaskRunner pid=469699)[0m                      'tool': None},
[36m(TaskRunner pid=469699)[0m  'model_engine': 'dp',
[36m(TaskRunner pid=469699)[0m  'ray_kwargs': {'ray_init': {'num_cpus': None}, 'timeline_json_file': None},
[36m(TaskRunner pid=469699)[0m  'reward': {'custom_reward_function': {'name': 'compute_score',
[36m(TaskRunner pid=469699)[0m                                        'path': '/workspace/verl-x/budget-rl-training-repro/reward/budget_probe_reward.py'},
[36m(TaskRunner pid=469699)[0m             'num_workers': 8,
[36m(TaskRunner pid=469699)[0m             'reward_manager': {'_target_': 'verl.workers.config.reward_model.RewardManagerConfig',
[36m(TaskRunner pid=469699)[0m                                'module': {'_target_': 'verl.trainer.config.config.ModuleConfig',
[36m(TaskRunner pid=469699)[0m                                           'name': 'custom_reward_manager',
[36m(TaskRunner pid=469699)[0m                                           'path': None},
[36m(TaskRunner pid=469699)[0m                                'name': 'naive',
[36m(TaskRunner pid=469699)[0m                                'source': 'register'},
[36m(TaskRunner pid=469699)[0m             'reward_model': {'enable': False,
[36m(TaskRunner pid=469699)[0m                              'enable_resource_pool': False,
[36m(TaskRunner pid=469699)[0m                              'model_path': None,
[36m(TaskRunner pid=469699)[0m                              'n_gpus_per_node': 8,
[36m(TaskRunner pid=469699)[0m                              'nnodes': 0,
[36m(TaskRunner pid=469699)[0m                              'rollout': {'_target_': 'verl.workers.config.RolloutConfig',
[36m(TaskRunner pid=469699)[0m                                          'cudagraph_capture_sizes': None,
[36m(TaskRunner pid=469699)[0m                                          'data_parallel_size': 1,
[36m(TaskRunner pid=469699)[0m                                          'disable_log_stats': True,
[36m(TaskRunner pid=469699)[0m                                          'dtype': 'bfloat16',
[36m(TaskRunner pid=469699)[0m                                          'enable_chunked_prefill': True,
[36m(TaskRunner pid=469699)[0m                                          'enable_prefix_caching': True,
[36m(TaskRunner pid=469699)[0m                                          'enforce_eager': True,
[36m(TaskRunner pid=469699)[0m                                          'engine_kwargs': {},
[36m(TaskRunner pid=469699)[0m                                          'expert_parallel_size': 1,
[36m(TaskRunner pid=469699)[0m                                          'free_cache_engine': True,
[36m(TaskRunner pid=469699)[0m                                          'gpu_memory_utilization': 0.5,
[36m(TaskRunner pid=469699)[0m                                          'limit_images': None,
[36m(TaskRunner pid=469699)[0m                                          'load_format': 'auto',
[36m(TaskRunner pid=469699)[0m                                          'max_model_len': None,
[36m(TaskRunner pid=469699)[0m                                          'max_num_batched_tokens': 8192,
[36m(TaskRunner pid=469699)[0m                                          'max_num_seqs': 1024,
[36m(TaskRunner pid=469699)[0m                                          'name': '???',
[36m(TaskRunner pid=469699)[0m                                          'prompt_length': 2048,
[36m(TaskRunner pid=469699)[0m                                          'response_length': 2048,
[36m(TaskRunner pid=469699)[0m                                          'skip_tokenizer_init': False,
[36m(TaskRunner pid=469699)[0m                                          'tensor_model_parallel_size': 2}},
[36m(TaskRunner pid=469699)[0m             'sandbox_fusion': {'max_concurrent': 64,
[36m(TaskRunner pid=469699)[0m                                'memory_limit_mb': 1024,
[36m(TaskRunner pid=469699)[0m                                'url': None}},
[36m(TaskRunner pid=469699)[0m  'trainer': {'balance_batch': True,
[36m(TaskRunner pid=469699)[0m              'critic_warmup': 0,
[36m(TaskRunner pid=469699)[0m              'default_hdfs_dir': None,
[36m(TaskRunner pid=469699)[0m              'default_local_dir': '/workspace/verl-x/budget-rl-training-repro/outputs/rl_pct30e5_kl005_central_lam1_seed42',
[36m(TaskRunner pid=469699)[0m              'del_local_ckpt_after_load': False,
[36m(TaskRunner pid=469699)[0m              'device': 'cuda',
[36m(TaskRunner pid=469699)[0m              'esi_redundant_time': 0,
[36m(TaskRunner pid=469699)[0m              'experiment_name': 'rl_pct30e5_kl005_central_lam1_seed42',
[36m(TaskRunner pid=469699)[0m              'log_val_generations': 0,
[36m(TaskRunner pid=469699)[0m              'logger': ['console'],
[36m(TaskRunner pid=469699)[0m              'max_actor_ckpt_to_keep': None,
[36m(TaskRunner pid=469699)[0m              'max_critic_ckpt_to_keep': None,
[36m(TaskRunner pid=469699)[0m              'n_gpus_per_node': 8,
[36m(TaskRunner pid=469699)[0m              'nnodes': 1,
[36m(TaskRunner pid=469699)[0m              'project_name': 'budget_probe_grpo',
[36m(TaskRunner pid=469699)[0m              'ray_wait_register_center_timeout': 300,
[36m(TaskRunner pid=469699)[0m              'resume_from_path': None,
[36m(TaskRunner pid=469699)[0m              'resume_mode': 'disable',
[36m(TaskRunner pid=469699)[0m              'rollout_data_dir': None,
[36m(TaskRunner pid=469699)[0m              'save_freq': 15,
[36m(TaskRunner pid=469699)[0m              'test_freq': -1,
[36m(TaskRunner pid=469699)[0m              'total_epochs': 5,
[36m(TaskRunner pid=469699)[0m              'total_training_steps': None,
[36m(TaskRunner pid=469699)[0m              'use_legacy_worker_impl': 'disable',
[36m(TaskRunner pid=469699)[0m              'val_before_train': False,
[36m(TaskRunner pid=469699)[0m              'val_only': False,
[36m(TaskRunner pid=469699)[0m              'validation_data_dir': None},
[36m(TaskRunner pid=469699)[0m  'transfer_queue': {'backend': {'SimpleStorage': {'num_data_storage_units': 8,
[36m(TaskRunner pid=469699)[0m                                                   'total_storage_size': 100000},
[36m(TaskRunner pid=469699)[0m                                 'storage_backend': 'SimpleStorage'},
[36m(TaskRunner pid=469699)[0m                     'enable': False}}
[36m(TaskRunner pid=469699)[0m Using new worker implementation
[36m(TaskRunner pid=469699)[0m [validate_config] All configuration checks passed successfully!
[36m(TaskRunner pid=469699)[0m Using dataset class: RLHFDataset
[36m(TaskRunner pid=469699)[0m dataset len: 966
[36m(TaskRunner pid=469699)[0m filter dataset len: 963
[36m(TaskRunner pid=469699)[0m Using dataset class: RLHFDataset[36m(TaskRunner pid=469699)[0m Setting TOKENIZERS_PARALLELISM=false for forked processes.
[36m(TaskRunner pid=469699)[0m WARNING:2026-07-11 05:05:13,658:Setting TOKENIZERS_PARALLELISM=false for forked processes.
[36m(TaskRunner pid=469699)[0m Filtering prompts longer than 8192 tokens (num_proc=1):   0%|          | 0/380 [00:00<?, ? examples/s]
[36m(TaskRunner pid=469699)[0m Filtering prompts longer than 8192 tokens (num_proc=1): 100%|██████████| 380/380 [00:02<00:00, 175.52 examples/s]
[36m(TaskRunner pid=469699)[0m Filtering prompts longer than 8192 tokens (num_proc=1): 100%|██████████| 380/380 [00:02<00:00, 165.36 examples/s]
[36m(TaskRunner pid=469699)[0m /workspace/verl-x/verl/trainer/ppo/ray_trainer.py:296: UserWarning: Disabled critic as algorithm.adv_estimator != gae. If it is not intended, please set critic.enable=True
[36m(TaskRunner pid=469699)[0m   self.use_critic = need_critic(self.config)
[36m(WorkerDict pid=480063)[0m The tokenizer you are loading from '/workspace/verl-x/budget-rl-training-repro/artifacts/models/sft_interval_pct30_e5' with an incorrect regex pattern: https://huggingface.co/mistralai/Mistral-Small-3.1-24B-Instruct-2503/discussions/84#69121093e8b480e709447d5e. This will lead to incorrect tokenization. You should set the `fix_mistral_regex=True` flag when loading this tokenizer to fix this issue.
[36m(WorkerDict pid=480063)[0m The tokenizer you are loading from '/workspace/verl-x/budget-rl-training-repro/artifacts/models/sft_interval_pct30_e5' with an incorrect regex pattern: https://huggingface.co/mistralai/Mistral-Small-3.1-24B-Instruct-2503/discussions/84#69121093e8b480e709447d5e. This will lead to incorrect tokenization. You should set the `fix_mistral_regex=True` flag when loading this tokenizer to fix this issue.
[36m(WorkerDict pid=480063)[0m WARNING:2026-07-11 05:05:26,147:fused_indices_to_multihot has reached end of life. Please migrate to a non-experimental function.
[36m(WorkerDict pid=480064)[0m `torch_dtype` is deprecated! Use `dtype` instead!
[36m(WorkerDict pid=480064)[0m Flash Attention 2 only supports torch.float16 and torch.bfloat16 dtypes, but the current dype in Qwen2ForCausalLM is torch.float32. You should run training or inference using Automatic Mixed-Precision via the `with torch.autocast(device_type='torch_device'):` decorator, or load the model with the `dtype` argument. Example: `model = AutoModel.from_pretrained("openai/whisper-tiny", attn_implementation="flash_attention_2", dtype=torch.float16)`
[36m(WorkerDict pid=480064)[0m Flash Attention 2 only supports torch.float16 and torch.bfloat16 dtypes, but the current dype in Qwen2Model is torch.float32. You should run training or inference using Automatic Mixed-Precision via the `with torch.autocast(device_type='torch_device'):` decorator, or load the model with the `dtype` argument. Example: `model = AutoModel.from_pretrained("openai/whisper-tiny", attn_implementation="flash_attention_2", dtype=torch.float16)`
[36m(WorkerDict pid=480064)[0m Loading checkpoint shards:   0%|          | 0/4 [00:00<?, ?it/s]
[36m(WorkerDict pid=480063)[0m Loading checkpoint shards:  25%|██▌       | 1/4 [00:05<00:15,  5.17s/it]
[36m(WorkerDict pid=480065)[0m The tokenizer you are loading from '/workspace/verl-x/budget-rl-training-repro/artifacts/models/sft_interval_pct30_e5' with an incorrect regex pattern: https://huggingface.co/mistralai/Mistral-Small-3.1-24B-Instruct-2503/discussions/84#69121093e8b480e709447d5e. This will lead to incorrect tokenization. You should set the `fix_mistral_regex=True` flag when loading this tokenizer to fix this issue.[32m [repeated 14x across cluster] (Ray deduplicates logs by default. Set RAY_DEDUP_LOGS=0 to disable log deduplication, or see https://docs.ray.io/en/master/ray-observability/user-guides/configure-logging.html#log-deduplication for more options.)[0m
[36m(WorkerDict pid=480065)[0m WARNING:2026-07-11 05:05:27,182:fused_indices_to_multihot has reached end of life. Please migrate to a non-experimental function.[32m [repeated 7x across cluster][0m
[36m(WorkerDict pid=480070)[0m `torch_dtype` is deprecated! Use `dtype` instead![32m [repeated 7x across cluster][0m
[36m(WorkerDict pid=480070)[0m Flash Attention 2 only supports torch.float16 and torch.bfloat16 dtypes, but the current dype in Qwen2Model is torch.float32. You should run training or inference using Automatic Mixed-Precision via the `with torch.autocast(device_type='torch_device'):` decorator, or load the model with the `dtype` argument. Example: `model = AutoModel.from_pretrained("openai/whisper-tiny", attn_implementation="flash_attention_2", dtype=torch.float16)`[32m [repeated 14x across cluster][0m
[36m(WorkerDict pid=480063)[0m Loading checkpoint shards:   0%|          | 0/4 [00:00<?, ?it/s][32m [repeated 7x across cluster][0m
[36m(WorkerDict pid=480063)[0m Loading checkpoint shards:  50%|█████     | 2/4 [00:10<00:10,  5.34s/it][32m [repeated 8x across cluster][0m
[36m(WorkerDict pid=480063)[0m Loading checkpoint shards:  75%|███████▌  | 3/4 [00:16<00:05,  5.38s/it][32m [repeated 8x across cluster][0m
[36m(WorkerDict pid=480063)[0m Loading checkpoint shards: 100%|██████████| 4/4 [00:16<00:00,  3.43s/it]Loading checkpoint shards: 100%|██████████| 4/4 [00:16<00:00,  4.13s/it]
[36m(WorkerDict pid=480064)[0m /usr/local/lib/python3.12/dist-packages/torch/distributed/fsdp/fully_sharded_data_parallel.py:675: FutureWarning: FSDP.state_dict_type() and FSDP.set_state_dict_type() are being deprecated. Please use APIs, get_state_dict() and set_state_dict(), which can support different parallelisms, FSDP1, FSDP2, DDP. API doc: https://pytorch.org/docs/stable/distributed.checkpoint.html#torch.distributed.checkpoint.state_dict.get_state_dict .Tutorial: https://pytorch.org/tutorials/recipes/distributed_checkpoint_recipe.html .
[36m(WorkerDict pid=480064)[0m   warnings.warn(
[36m(WorkerDict pid=480068)[0m Loading checkpoint shards:  75%|███████▌  | 3/4 [00:17<00:05,  5.76s/it][32m [repeated 7x across cluster][0m
[36m(WorkerDict pid=480068)[0m Loading checkpoint shards: 100%|██████████| 4/4 [00:17<00:00,  3.66s/it]Loading checkpoint shards: 100%|██████████| 4/4 [00:17<00:00,  4.45s/it][32m [repeated 7x across cluster][0m
[36m(WorkerDict pid=480064)[0m Loading checkpoint shards:   0%|          | 0/4 [00:00<?, ?it/s]
[36m(WorkerDict pid=480070)[0m /usr/local/lib/python3.12/dist-packages/torch/distributed/fsdp/fully_sharded_data_parallel.py:675: FutureWarning: FSDP.state_dict_type() and FSDP.set_state_dict_type() are being deprecated. Please use APIs, get_state_dict() and set_state_dict(), which can support different parallelisms, FSDP1, FSDP2, DDP. API doc: https://pytorch.org/docs/stable/distributed.checkpoint.html#torch.distributed.checkpoint.state_dict.get_state_dict .Tutorial: https://pytorch.org/tutorials/recipes/distributed_checkpoint_recipe.html .[32m [repeated 7x across cluster][0m
[36m(WorkerDict pid=480070)[0m   warnings.warn([32m [repeated 7x across cluster][0m
[36m(WorkerDict pid=480064)[0m Loading checkpoint shards:  25%|██▌       | 1/4 [00:05<00:16,  5.44s/it][32m [repeated 2x across cluster][0m
[36m(WorkerDict pid=480068)[0m Loading checkpoint shards:   0%|          | 0/4 [00:00<?, ?it/s][32m [repeated 7x across cluster][0m
[36m(WorkerDict pid=480064)[0m Loading checkpoint shards:  50%|█████     | 2/4 [00:11<00:11,  5.58s/it][32m [repeated 8x across cluster][0m
[36m(WorkerDict pid=480063)[0m Loading checkpoint shards: 100%|██████████| 4/4 [00:15<00:00,  3.21s/it]Loading checkpoint shards: 100%|██████████| 4/4 [00:15<00:00,  3.86s/it]
[36m(WorkerDict pid=480064)[0m Loading checkpoint shards:  75%|███████▌  | 3/4 [00:16<00:05,  5.58s/it][32m [repeated 8x across cluster][0m
[36m(WorkerDict pid=480064)[0m /usr/local/lib/python3.12/dist-packages/torch/distributed/fsdp/fully_sharded_data_parallel.py:675: FutureWarning: FSDP.state_dict_type() and FSDP.set_state_dict_type() are being deprecated. Please use APIs, get_state_dict() and set_state_dict(), which can support different parallelisms, FSDP1, FSDP2, DDP. API doc: https://pytorch.org/docs/stable/distributed.checkpoint.html#torch.distributed.checkpoint.state_dict.get_state_dict .Tutorial: https://pytorch.org/tutorials/recipes/distributed_checkpoint_recipe.html .
[36m(WorkerDict pid=480064)[0m   warnings.warn(
[36m(WorkerDict pid=480067)[0m Loading checkpoint shards: 100%|██████████| 4/4 [00:17<00:00,  3.66s/it]Loading checkpoint shards: 100%|██████████| 4/4 [00:17<00:00,  4.43s/it][32m [repeated 7x across cluster][0m
[36m(WorkerDict pid=480067)[0m Loading checkpoint shards:  75%|███████▌  | 3/4 [00:17<00:05,  5.74s/it][32m [repeated 6x across cluster][0m
[36m(RewardLoopWorker pid=482530)[0m The tokenizer you are loading from '/workspace/verl-x/budget-rl-training-repro/artifacts/models/sft_interval_pct30_e5' with an incorrect regex pattern: https://huggingface.co/mistralai/Mistral-Small-3.1-24B-Instruct-2503/discussions/84#69121093e8b480e709447d5e. This will lead to incorrect tokenization. You should set the `fix_mistral_regex=True` flag when loading this tokenizer to fix this issue.
[36m(WorkerDict pid=480063)[0m /usr/local/lib/python3.12/dist-packages/torch/distributed/fsdp/fully_sharded_data_parallel.py:675: FutureWarning: FSDP.state_dict_type() and FSDP.set_state_dict_type() are being deprecated. Please use APIs, get_state_dict() and set_state_dict(), which can support different parallelisms, FSDP1, FSDP2, DDP. API doc: https://pytorch.org/docs/stable/distributed.checkpoint.html#torch.distributed.checkpoint.state_dict.get_state_dict .Tutorial: https://pytorch.org/tutorials/recipes/distributed_checkpoint_recipe.html .[32m [repeated 7x across cluster][0m
[36m(WorkerDict pid=480063)[0m   warnings.warn([32m [repeated 7x across cluster][0m
[36m(vLLMHttpServer pid=483011)[0m The tokenizer you are loading from '/workspace/verl-x/budget-rl-training-repro/artifacts/models/sft_interval_pct30_e5' with an incorrect regex pattern: https://huggingface.co/mistralai/Mistral-Small-3.1-24B-Instruct-2503/discussions/84#69121093e8b480e709447d5e. This will lead to incorrect tokenization. You should set the `fix_mistral_regex=True` flag when loading this tokenizer to fix this issue.[32m [repeated 8x across cluster][0m
[36m(vLLMHttpServer pid=483011)[0m WARNING:2026-07-11 05:06:35,347:agent loop only support torch and npu profiler, got None
[36m(vLLMHttpServer pid=483011)[0m INFO:2026-07-11 05:06:35,348:vLLMHttpServer, replica_rank: 0, node_rank: 0, CUDA_VISIBLE_DEVICES: 0,1,2,3, master_address: 172.31.45.208, master_port: 40921, data_parallel_rpc_port: 45321, data_parallel_master_port: 42583
[36m(vLLMHttpServer pid=483011)[0m INFO:2026-07-11 05:06:35,354:override_generation_config: {'temperature': 1.0, 'top_k': -1, 'top_p': 1, 'repetition_penalty': 1.0, 'max_new_tokens': 1024}
[36m(vLLMHttpServer pid=483011)[0m INFO:2026-07-11 05:06:35,354:enable_sleep_mode: True
[36m(vLLMHttpServer pid=483012)[0m (Worker_TP1 pid=484091) 2026-07-11 05:07:07,899 - INFO - autotuner.py:256 - flashinfer.jit: [Autotuner]: Autotuning process starts ...
[36m(vLLMHttpServer pid=483012)[0m (Worker_TP2 pid=484092) 2026-07-11 05:07:07,899 - INFO - autotuner.py:256 - flashinfer.jit: [Autotuner]: Autotuning process starts ...
[36m(vLLMHttpServer pid=483012)[0m (Worker_TP3 pid=484093) 2026-07-11 05:07:07,899 - INFO - autotuner.py:256 - flashinfer.jit: [Autotuner]: Autotuning process starts ...
[36m(vLLMHttpServer pid=483012)[0m (Worker_TP0 pid=484090) 2026-07-11 05:07:07,899 - INFO - autotuner.py:256 - flashinfer.jit: [Autotuner]: Autotuning process starts ...
[36m(vLLMHttpServer pid=483012)[0m (Worker_TP0 pid=484090) 2026-07-11 05:07:07,921 - INFO - autotuner.py:262 - flashinfer.jit: [Autotuner]: Autotuning process ends
[36m(vLLMHttpServer pid=483012)[0m (Worker_TP1 pid=484091) 2026-07-11 05:07:07,921 - INFO - autotuner.py:262 - flashinfer.jit: [Autotuner]: Autotuning process ends
[36m(vLLMHttpServer pid=483012)[0m (Worker_TP2 pid=484092) 2026-07-11 05:07:07,922 - INFO - autotuner.py:262 - flashinfer.jit: [Autotuner]: Autotuning process ends
[36m(vLLMHttpServer pid=483012)[0m (Worker_TP3 pid=484093) 2026-07-11 05:07:07,922 - INFO - autotuner.py:262 - flashinfer.jit: [Autotuner]: Autotuning process ends
[36m(vLLMHttpServer pid=483012)[0m The tokenizer you are loading from '/workspace/verl-x/budget-rl-training-repro/artifacts/models/sft_interval_pct30_e5' with an incorrect regex pattern: https://huggingface.co/mistralai/Mistral-Small-3.1-24B-Instruct-2503/discussions/84#69121093e8b480e709447d5e. This will lead to incorrect tokenization. You should set the `fix_mistral_regex=True` flag when loading this tokenizer to fix this issue.[32m [repeated 5x across cluster][0m
[36m(vLLMHttpServer pid=483012)[0m WARNING:2026-07-11 05:06:35,531:agent loop only support torch and npu profiler, got None
[36m(vLLMHttpServer pid=483012)[0m INFO:2026-07-11 05:06:35,532:vLLMHttpServer, replica_rank: 1, node_rank: 0, CUDA_VISIBLE_DEVICES: 4,5,6,7, master_address: 172.31.45.208, master_port: 35581, data_parallel_rpc_port: 40899, data_parallel_master_port: 35317
[36m(vLLMHttpServer pid=483012)[0m INFO:2026-07-11 05:06:35,536:override_generation_config: {'temperature': 1.0, 'top_k': -1, 'top_p': 1, 'repetition_penalty': 1.0, 'max_new_tokens': 1024}
[36m(vLLMHttpServer pid=483012)[0m INFO:2026-07-11 05:06:35,537:enable_sleep_mode: True
[36m(vLLMHttpServer pid=483012)[0m (Worker_TP0 pid=484090) Capturing CUDA graphs (mixed prefill-decode, PIECEWISE):   0%|          | 0/51 [00:00<?, ?it/s]
[36m(vLLMHttpServer pid=483012)[0m Capturing CUDA graphs (mixed prefill-decode, PIECEWISE):   6%|▌         | 3/51 [00:00<00:01, 24.45it/s]
[36m(vLLMHttpServer pid=483012)[0m Capturing CUDA graphs (mixed prefill-decode, PIECEWISE):  12%|█▏        | 6/51 [00:00<00:01, 25.33it/s]
[36m(vLLMHttpServer pid=483012)[0m Capturing CUDA graphs (mixed prefill-decode, PIECEWISE):  18%|█▊        | 9/51 [00:00<00:01, 25.59it/s]
[36m(vLLMHttpServer pid=483012)[0m Capturing CUDA graphs (mixed prefill-decode, PIECEWISE):  24%|██▎       | 12/51 [00:00<00:01, 26.07it/s]
[36m(vLLMHttpServer pid=483012)[0m Capturing CUDA graphs (mixed prefill-decode, PIECEWISE):  29%|██▉       | 15/51 [00:00<00:01, 25.98it/s]
[36m(vLLMHttpServer pid=483012)[0m Capturing CUDA graphs (mixed prefill-decode, PIECEWISE):  35%|███▌      | 18/51 [00:00<00:01, 26.21it/s]
[36m(vLLMHttpServer pid=483012)[0m Capturing CUDA graphs (mixed prefill-decode, PIECEWISE):  41%|████      | 21/51 [00:00<00:01, 26.62it/s]
[36m(vLLMHttpServer pid=483012)[0m Capturing CUDA graphs (mixed prefill-decode, PIECEWISE):  47%|████▋     | 24/51 [00:00<00:01, 26.93it/s]
[36m(vLLMHttpServer pid=483012)[0m Capturing CUDA graphs (mixed prefill-decode, PIECEWISE):  53%|█████▎    | 27/51 [00:01<00:00, 26.90it/s]
[36m(vLLMHttpServer pid=483012)[0m Capturing CUDA graphs (mixed prefill-decode, PIECEWISE):  59%|█████▉    | 30/51 [00:01<00:00, 26.60it/s]
[36m(vLLMHttpServer pid=483012)[0m Capturing CUDA graphs (mixed prefill-decode, PIECEWISE):  65%|██████▍   | 33/51 [00:01<00:00, 26.47it/s]
[36m(vLLMHttpServer pid=483012)[0m Capturing CUDA graphs (mixed prefill-decode, PIECEWISE):  71%|███████   | 36/51 [00:01<00:00, 26.68it/s]
[36m(vLLMHttpServer pid=483012)[0m Capturing CUDA graphs (mixed prefill-decode, PIECEWISE):  76%|███████▋  | 39/51 [00:01<00:00, 25.55it/s]
[36m(vLLMHttpServer pid=483012)[0m Capturing CUDA graphs (mixed prefill-decode, PIECEWISE):  82%|████████▏ | 42/51 [00:01<00:00, 24.90it/s]
[36m(vLLMHttpServer pid=483012)[0m Capturing CUDA graphs (mixed prefill-decode, PIECEWISE):  88%|████████▊ | 45/51 [00:01<00:00, 25.15it/s]
[36m(vLLMHttpServer pid=483012)[0m Capturing CUDA graphs (mixed prefill-decode, PIECEWISE):  94%|█████████▍| 48/51 [00:01<00:00, 25.17it/s]
[36m(vLLMHttpServer pid=483012)[0m Capturing CUDA graphs (mixed prefill-decode, PIECEWISE): 100%|██████████| 51/51 [00:01<00:00, 25.03it/s]Capturing CUDA graphs (mixed prefill-decode, PIECEWISE): 100%|██████████| 51/51 [00:01<00:00, 25.78it/s]
[36m(vLLMHttpServer pid=483012)[0m (Worker_TP0 pid=484090) Capturing CUDA graphs (decode, FULL):   0%|          | 0/51 [00:00<?, ?it/s]
[36m(vLLMHttpServer pid=483012)[0m Capturing CUDA graphs (decode, FULL):   6%|▌         | 3/51 [00:00<00:01, 28.93it/s]
[36m(vLLMHttpServer pid=483012)[0m Capturing CUDA graphs (decode, FULL):  14%|█▎        | 7/51 [00:00<00:01, 30.01it/s]
[36m(vLLMHttpServer pid=483012)[0m Capturing CUDA graphs (decode, FULL):  22%|██▏       | 11/51 [00:00<00:01, 30.48it/s]
[36m(vLLMHttpServer pid=483012)[0m Capturing CUDA graphs (decode, FULL):  29%|██▉       | 15/51 [00:00<00:01, 30.79it/s]
[36m(vLLMHttpServer pid=483012)[0m Capturing CUDA graphs (decode, FULL):  37%|███▋      | 19/51 [00:00<00:01, 30.74it/s]
[36m(vLLMHttpServer pid=483012)[0m Capturing CUDA graphs (decode, FULL):  45%|████▌     | 23/51 [00:00<00:00, 30.94it/s]
[36m(vLLMHttpServer pid=483012)[0m Capturing CUDA graphs (decode, FULL):  53%|█████▎    | 27/51 [00:00<00:00, 30.86it/s]
[36m(vLLMHttpServer pid=483012)[0m Capturing CUDA graphs (decode, FULL):  61%|██████    | 31/51 [00:01<00:00, 30.93it/s]
[36m(vLLMHttpServer pid=483012)[0m Capturing CUDA graphs (decode, FULL):  69%|██████▊   | 35/51 [00:01<00:00, 30.64it/s]
[36m(vLLMHttpServer pid=483012)[0m Capturing CUDA graphs (decode, FULL):  76%|███████▋  | 39/51 [00:01<00:00, 30.01it/s]
[36m(vLLMHttpServer pid=483012)[0m Capturing CUDA graphs (decode, FULL):  84%|████████▍ | 43/51 [00:01<00:00, 30.32it/s]
[36m(vLLMHttpServer pid=483012)[0m Capturing CUDA graphs (decode, FULL):  92%|█████████▏| 47/51 [00:01<00:00, 30.60it/s]
[36m(vLLMHttpServer pid=483012)[0m Capturing CUDA graphs (decode, FULL): 100%|██████████| 51/51 [00:01<00:00, 30.86it/s]Capturing CUDA graphs (decode, FULL): 100%|██████████| 51/51 [00:01<00:00, 30.63it/s]
[36m(vLLMHttpServer pid=483011)[0m (Worker_TP1 pid=484068) 2026-07-11 05:07:09,816 - INFO - autotuner.py:256 - flashinfer.jit: [Autotuner]: Autotuning process starts ...[32m [repeated 4x across cluster][0m
[36m(vLLMHttpServer pid=483011)[0m (Worker_TP3 pid=484070) 2026-07-11 05:07:09,840 - INFO - autotuner.py:262 - flashinfer.jit: [Autotuner]: Autotuning process ends[32m [repeated 4x across cluster][0m
[36m(vLLMHttpServer pid=483012)[0m (EngineCore_DP0 pid=483870) The tokenizer you are loading from '/workspace/verl-x/budget-rl-training-repro/artifacts/models/sft_interval_pct30_e5' with an incorrect regex pattern: https://huggingface.co/mistralai/Mistral-Small-3.1-24B-Instruct-2503/discussions/84#69121093e8b480e709447d5e. This will lead to incorrect tokenization. You should set the `fix_mistral_regex=True` flag when loading this tokenizer to fix this issue.
[36m(vLLMHttpServer pid=483011)[0m (Worker_TP0 pid=484067) Capturing CUDA graphs (mixed prefill-decode, PIECEWISE):   0%|          | 0/51 [00:00<?, ?it/s]
[36m(vLLMHttpServer pid=483011)[0m Capturing CUDA graphs (mixed prefill-decode, PIECEWISE):  88%|████████▊ | 45/51 [00:01<00:00, 25.47it/s][32m [repeated 15x across cluster][0m
[36m(vLLMHttpServer pid=483011)[0m (EngineCore_DP0 pid=483866) The tokenizer you are loading from '/workspace/verl-x/budget-rl-training-repro/artifacts/models/sft_interval_pct30_e5' with an incorrect regex pattern: https://huggingface.co/mistralai/Mistral-Small-3.1-24B-Instruct-2503/discussions/84#69121093e8b480e709447d5e. This will lead to incorrect tokenization. You should set the `fix_mistral_regex=True` flag when loading this tokenizer to fix this issue.
[36m(vLLMHttpServer pid=483011)[0m Capturing CUDA graphs (mixed prefill-decode, PIECEWISE):  94%|█████████▍| 48/51 [00:01<00:00, 25.43it/s]
[36m(vLLMHttpServer pid=483011)[0m Capturing CUDA graphs (mixed prefill-decode, PIECEWISE): 100%|██████████| 51/51 [00:01<00:00, 25.22it/s]Capturing CUDA graphs (mixed prefill-decode, PIECEWISE): 100%|██████████| 51/51 [00:01<00:00, 26.01it/s]
[36m(vLLMHttpServer pid=483011)[0m (Worker_TP0 pid=484067) Capturing CUDA graphs (decode, FULL):   0%|          | 0/51 [00:00<?, ?it/s]
[36m(vLLMHttpServer pid=483011)[0m INFO:2026-07-11 05:07:15,911:Initializing a V1 LLM engine with config: model='/workspace/verl-x/budget-rl-training-repro/artifacts/models/sft_interval_pct30_e5', speculative_config=None, tokenizer='/workspace/verl-x/budget-rl-training-repro/artifacts/models/sft_interval_pct30_e5', skip_tokenizer_init=False, tokenizer_mode=auto, revision=None, tokenizer_revision=None, trust_remote_code=False, dtype=torch.bfloat16, max_seq_len=8192, download_dir=None, load_format=dummy, tensor_parallel_size=4, pipeline_parallel_size=1, data_parallel_size=1, disable_custom_all_reduce=False, quantization=None, enforce_eager=False, kv_cache_dtype=auto, device_config=cuda, structured_outputs_config=StructuredOutputsConfig(backend='auto', disable_fallback=False, disable_any_whitespace=False, disable_additional_properties=False, reasoning_parser='', reasoning_parser_plugin='', enable_in_reasoning=False), observability_config=ObservabilityConfig(show_hidden_metrics_for_version=None, otlp_traces_endpoint=None, collect_detailed_traces=None, kv_cache_metrics=False, kv_cache_metrics_sample=0.01), seed=0, served_model_name=/workspace/verl-x/budget-rl-training-repro/artifacts/models/sft_interval_pct30_e5, enable_prefix_caching=True, enable_chunked_prefill=True, pooler_config=None, compilation_config={'level': None, 'mode': <CompilationMode.VLLM_COMPILE: 3>, 'debug_dump_path': None, 'cache_dir': '', 'compile_cache_save_format': 'binary', 'backend': 'inductor', 'custom_ops': ['none'], 'splitting_ops': ['vllm::unified_attention', 'vllm::unified_attention_with_output', 'vllm::unified_mla_attention', 'vllm::unified_mla_attention_with_output', 'vllm::mamba_mixer2', 'vllm::mamba_mixer', 'vllm::short_conv', 'vllm::linear_attention', 'vllm::plamo2_mamba_mixer', 'vllm::gdn_attention_core', 'vllm::kda_attention', 'vllm::sparse_attn_indexer'], 'compile_mm_encoder': False, 'compile_sizes': [], 'inductor_compile_config': {'enable_auto_functionalized_v2': False, 'combo_kernels': True, 'benchmark_combo_kernel': True}, 'inductor_passes': {}, 'cudagraph_mode': <CUDAGraphMode.FULL_AND_PIECEWISE: (2, 1)>, 'cudagraph_num_of_warmups': 1, 'cudagraph_capture_sizes': [1, 2, 4, 8, 16, 24, 32, 40, 48, 56, 64, 72, 80, 88, 96, 104, 112, 120, 128, 136, 144, 152, 160, 168, 176, 184, 192, 200, 208, 216, 224, 232, 240, 248, 256, 272, 288, 304, 320, 336, 352, 368, 384, 400, 416, 432, 448, 464, 480, 496, 512], 'cudagraph_copy_inputs': False, 'cudagraph_specialize_lora': True, 'use_inductor_graph_partition': False, 'pass_config': {'fuse_norm_quant': False, 'fuse_act_quant': False, 'fuse_attn_quant': False, 'eliminate_noops': True, 'enable_sp': False, 'fuse_gemm_comms': False, 'fuse_allreduce_rms': False}, 'max_cudagraph_capture_size': 512, 'dynamic_shapes_config': {'type': <DynamicShapesType.BACKED: 'backed'>}, 'local_cache_dir': None}
[36m(vLLMHttpServer pid=483011)[0m Capturing CUDA graphs (decode, FULL):  84%|████████▍ | 43/51 [00:01<00:00, 29.00it/s][32m [repeated 11x across cluster][0m
[36m(WorkerDict pid=480063)[0m INFO:2026-07-11 05:07:18,609:update_weights done, time cost: 0.70s
[36m(vLLMHttpServer pid=483011)[0m Capturing CUDA graphs (decode, FULL):  92%|█████████▏| 47/51 [00:01<00:00, 29.64it/s]
[36m(vLLMHttpServer pid=483011)[0m Capturing CUDA graphs (decode, FULL): 100%|██████████| 51/51 [00:01<00:00, 30.31it/s]Capturing CUDA graphs (decode, FULL): 100%|██████████| 51/51 [00:01<00:00, 30.23it/s]
[36m(TaskRunner pid=469699)[0m Training Progress:   0%|          | 0/75 [00:00<?, ?it/s]
[36m(AgentLoopWorker pid=485289)[0m The tokenizer you are loading from '/workspace/verl-x/budget-rl-training-repro/artifacts/models/sft_interval_pct30_e5' with an incorrect regex pattern: https://huggingface.co/mistralai/Mistral-Small-3.1-24B-Instruct-2503/discussions/84#69121093e8b480e709447d5e. This will lead to incorrect tokenization. You should set the `fix_mistral_regex=True` flag when loading this tokenizer to fix this issue.
[36m(AgentLoopWorker pid=485289)[0m The tokenizer you are loading from '/workspace/verl-x/budget-rl-training-repro/artifacts/models/sft_interval_pct30_e5' with an incorrect regex pattern: https://huggingface.co/mistralai/Mistral-Small-3.1-24B-Instruct-2503/discussions/84#69121093e8b480e709447d5e. This will lead to incorrect tokenization. You should set the `fix_mistral_regex=True` flag when loading this tokenizer to fix this issue.
[36m(AgentLoopWorker pid=485289)[0m You're using a Qwen2TokenizerFast tokenizer. Please note that with a fast tokenizer, using the `__call__` method is faster than using a method to encode the text followed by a call to the `pad` method to get a padded encoding.
[36m(TaskRunner pid=469699)[0m W0711 05:07:34.797000 469699 torch/fx/_symbolic_trace.py:52] is_fx_tracing will return true for both fx.symbolic_trace and torch.export. Please use is_fx_tracing_symbolic_tracing() for specifically fx.symbolic_trace or torch.compiler.is_compiling() for specifically torch.export/compile.
[36m(AgentLoopWorker pid=485296)[0m The tokenizer you are loading from '/workspace/verl-x/budget-rl-training-repro/artifacts/models/sft_interval_pct30_e5' with an incorrect regex pattern: https://huggingface.co/mistralai/Mistral-Small-3.1-24B-Instruct-2503/discussions/84#69121093e8b480e709447d5e. This will lead to incorrect tokenization. You should set the `fix_mistral_regex=True` flag when loading this tokenizer to fix this issue.[32m [repeated 14x across cluster][0m
[36m(AgentLoopWorker pid=485296)[0m You're using a Qwen2TokenizerFast tokenizer. Please note that with a fast tokenizer, using the `__call__` method is faster than using a method to encode the text followed by a call to the `pad` method to get a padded encoding.[32m [repeated 7x across cluster][0m
[36m(WorkerDict pid=480063)[0m INFO:2026-07-11 05:09:38,052:update_weights done, time cost: 2.62s
[36m(WorkerDict pid=480070)[0m [rank7]:W0711 05:07:36.361000 480070 torch/fx/_symbolic_trace.py:52] is_fx_tracing will return true for both fx.symbolic_trace and torch.export. Please use is_fx_tracing_symbolic_tracing() for specifically fx.symbolic_trace or torch.compiler.is_compiling() for specifically torch.export/compile.[32m [repeated 8x across cluster][0m
[36m(TaskRunner pid=469699)[0m Training Progress:   1%|▏         | 1/75 [02:19<2:51:58, 139.45s/it]

[36m(TaskRunner pid=469699)[0m dataset len: 380
[36m(TaskRunner pid=469699)[0m filter dataset len: 379
[36m(TaskRunner pid=469699)[0m Size of train dataloader: 15, Size of val dataloader: 1
[36m(TaskRunner pid=469699)[0m Total training steps: 75
[36m(TaskRunner pid=469699)[0m colocated worker base class <class 'verl.single_controller.base.worker.Worker'>
[36m(WorkerDict pid=480068)[0m [Gloo] Rank 5 is connected to 7 peer ranks. Expected number of connected peer ranks is : 7
[36m(WorkerDict pid=480063)[0m Monkey patch state_dict in AutoModelForCausalLMWithValueHead.
[36m(WorkerDict pid=480063)[0m Monkey patch _flash_attention_forward in transformers.integrations.flash_attention
[36m(WorkerDict pid=480063)[0m Skipping monkey patch for Qwen2ForCausalLM as use_fused_kernels is False or fused_kernels_backend is torch
[36m(WorkerDict pid=480065)[0m [Gloo] Rank 2 is connected to 7 peer ranks. Expected number of connected peer ranks is : 7[32m [repeated 7x across cluster][0m
[36m(WorkerDict pid=480063)[0m Qwen2ForCausalLM contains 7.62B parameters
[36m(WorkerDict pid=480063)[0m Before FSDP, memory allocated (GB): 0.00, memory reserved (GB): 0.00, device memory used/total (GB): 0.51/79.18
[36m(WorkerDict pid=480063)[0m After FSDP, memory allocated (GB): 0.00, memory reserved (GB): 14.30, device memory used/total (GB): 15.78/79.18
[36m(WorkerDict pid=480068)[0m Monkey patch state_dict in AutoModelForCausalLMWithValueHead. [32m [repeated 7x across cluster][0m
[36m(WorkerDict pid=480068)[0m Monkey patch _flash_attention_forward in transformers.integrations.flash_attention[32m [repeated 7x across cluster][0m
[36m(WorkerDict pid=480068)[0m Skipping monkey patch for Qwen2ForCausalLM as use_fused_kernels is False or fused_kernels_backend is torch[32m [repeated 7x across cluster][0m
[36m(WorkerDict pid=480063)[0m Monkey patch state_dict in AutoModelForCausalLMWithValueHead.
[36m(WorkerDict pid=480063)[0m Monkey patch _flash_attention_forward in transformers.integrations.flash_attention
[36m(WorkerDict pid=480063)[0m Skipping monkey patch for Qwen2ForCausalLM as use_fused_kernels is False or fused_kernels_backend is torch
[36m(WorkerDict pid=480064)[0m Monkey patch state_dict in AutoModelForCausalLMWithValueHead.
[36m(WorkerDict pid=480064)[0m Monkey patch _flash_attention_forward in transformers.integrations.flash_attention
[36m(WorkerDict pid=480064)[0m Skipping monkey patch for Qwen2ForCausalLM as use_fused_kernels is False or fused_kernels_backend is torch
[36m(WorkerDict pid=480063)[0m Qwen2ForCausalLM contains 7.62B parameters
[36m(WorkerDict pid=480063)[0m Before FSDP, memory allocated (GB): 0.00, memory reserved (GB): 14.30, device memory used/total (GB): 15.78/79.18
[36m(WorkerDict pid=480068)[0m [Gloo] Rank 1 is connected to 1 peer ranks. Expected number of connected peer ranks is : 1
[36m(WorkerDict pid=480063)[0m After FSDP, memory allocated (GB): 3.55, memory reserved (GB): 14.30, device memory used/total (GB): 15.78/79.18
[36m(WorkerDict pid=480063)[0m Total steps: 75, num_warmup_steps: 0
[36m(WorkerDict pid=480067)[0m Monkey patch state_dict in AutoModelForCausalLMWithValueHead. [32m [repeated 6x across cluster][0m
[36m(WorkerDict pid=480067)[0m Monkey patch _flash_attention_forward in transformers.integrations.flash_attention[32m [repeated 6x across cluster][0m
[36m(WorkerDict pid=480067)[0m Skipping monkey patch for Qwen2ForCausalLM as use_fused_kernels is False or fused_kernels_backend is torch[32m [repeated 6x across cluster][0m
[36m(WorkerDict pid=480063)[0m NCCL version 2.27.5+cuda12.9
[36m(vLLMHttpServer pid=483011)[0m ['serve',
[36m(vLLMHttpServer pid=483011)[0m  '/workspace/verl-x/budget-rl-training-repro/artifacts/models/sft_interval_pct30_e5',
[36m(vLLMHttpServer pid=483011)[0m  '--dtype',
[36m(vLLMHttpServer pid=483011)[0m  'bfloat16',
[36m(vLLMHttpServer pid=483011)[0m  '--load_format',
[36m(vLLMHttpServer pid=483011)[0m  'dummy',
[36m(vLLMHttpServer pid=483011)[0m  '--distributed_executor_backend',
[36m(vLLMHttpServer pid=483011)[0m  'mp',
[36m(vLLMHttpServer pid=483011)[0m  '--worker_extension_cls',
[36m(vLLMHttpServer pid=483011)[0m  'verl.workers.rollout.vllm_rollout.utils.vLLMColocateWorkerExtension',
[36m(vLLMHttpServer pid=483011)[0m  '--max_model_len',
[36m(vLLMHttpServer pid=483011)[0m  '8192',
[36m(vLLMHttpServer pid=483011)[0m  '--max_num_seqs',
[36m(vLLMHttpServer pid=483011)[0m  '1024',
[36m(vLLMHttpServer pid=483011)[0m  '--enable_chunked_prefill',
[36m(vLLMHttpServer pid=483011)[0m  '--max_num_batched_tokens',
[36m(vLLMHttpServer pid=483011)[0m  '8192',
[36m(vLLMHttpServer pid=483011)[0m  '--enable_prefix_caching',
[36m(vLLMHttpServer pid=483011)[0m  '--enable_sleep_mode',
[36m(vLLMHttpServer pid=483011)[0m  '--logprobs_mode',
[36m(vLLMHttpServer pid=483011)[0m  'processed_logprobs',
[36m(vLLMHttpServer pid=483011)[0m  '--gpu_memory_utilization',
[36m(vLLMHttpServer pid=483011)[0m  '0.3',
[36m(vLLMHttpServer pid=483011)[0m  '--disable_log_stats',
[36m(vLLMHttpServer pid=483011)[0m  '--tensor_parallel_size',
[36m(vLLMHttpServer pid=483011)[0m  '4',
[36m(vLLMHttpServer pid=483011)[0m  '--seed',
[36m(vLLMHttpServer pid=483011)[0m  '0',
[36m(vLLMHttpServer pid=483011)[0m  '--override_generation_config',
[36m(vLLMHttpServer pid=483011)[0m  '{"temperature": 1.0, "top_k": -1, "top_p": 1, "repetition_penalty": 1.0, '
[36m(vLLMHttpServer pid=483011)[0m  '"max_new_tokens": 1024}',
[36m(vLLMHttpServer pid=483011)[0m  '--hf_overrides',
[36m(vLLMHttpServer pid=483011)[0m  '{}',
[36m(vLLMHttpServer pid=483011)[0m  '--scheduling_policy',
[36m(vLLMHttpServer pid=483011)[0m  'fcfs',
[36m(vLLMHttpServer pid=483011)[0m  '--compilation_config',
[36m(vLLMHttpServer pid=483011)[0m  '{"cudagraph_mode": "FULL_AND_PIECEWISE"}']
[36m(WorkerDict pid=480065)[0m [Gloo] Rank 0 is connected to 0 peer ranks. Expected number of connected peer ranks is : 0[32m [repeated 23x across cluster][0m
[36m(vLLMHttpServer pid=483011)[0m WARNING 07-11 05:06:35 [system_utils.py:136] We must use the `spawn` multiprocessing start method. Overriding VLLM_WORKER_MULTIPROC_METHOD to 'spawn'. See https://docs.vllm.ai/en/latest/usage/troubleshooting.html#python-multiprocessing for more information. Reasons: In a Ray actor and can only be spawned; CUDA is initialized
[36m(vLLMHttpServer pid=483012)[0m WARNING 07-11 05:07:13 [api_server.py:1358] LoRA dynamic loading & unloading is enabled in the API server. This should ONLY be used for local development!
[36m(vLLMHttpServer pid=483012)[0m WARNING 07-11 05:06:35 [system_utils.py:136] We must use the `spawn` multiprocessing start method. Overriding VLLM_WORKER_MULTIPROC_METHOD to 'spawn'. See https://docs.vllm.ai/en/latest/usage/troubleshooting.html#python-multiprocessing for more information. Reasons: In a Ray actor and can only be spawned; CUDA is initialized
[36m(vLLMHttpServer pid=483012)[0m WARNING 07-11 05:07:13 [model.py:1576] Default sampling parameters have been overridden by the model's Hugging Face generation config recommended from the model creator. If this is not intended, please relaunch vLLM instance with `--generation-config vllm`.
[36m(TaskRunner pid=469699)[0m AgentLoopManager: ['172.31.45.208:33481', '172.31.45.208:43509']
[36m(AgentLoopWorker pid=485289)[0m Using dataset class: RLHFDataset
[36m(vLLMHttpServer pid=483011)[0m WARNING 07-11 05:07:15 [api_server.py:1358] LoRA dynamic loading & unloading is enabled in the API server. This should ONLY be used for local development!
[36m(vLLMHttpServer pid=483011)[0m WARNING 07-11 05:07:15 [model.py:1576] Default sampling parameters have been overridden by the model's Hugging Face generation config recommended from the model creator. If this is not intended, please relaunch vLLM instance with `--generation-config vllm`.
[36m(TaskRunner pid=469699)[0m step:1 - global_seqlen/min:161368 - global_seqlen/max:407087 - global_seqlen/minmax_diff:245719 - global_seqlen/balanced_min:280321 - global_seqlen/balanced_max:280322 - global_seqlen/mean:280321.375 - actor/entropy:0.31274592876434326 - perf/mfu/actor_infer:0.17159897576693173 - actor/pg_clipfrac:0.0 - actor/ppo_kl:0.0 - actor/pg_clipfrac_lower:0.0 - actor/pg_loss:0.012094626723896093 - actor/kl_loss:0.0 - actor/kl_coef:0.05000000000000001 - actor/loss:0.012094628065824509 - actor/grad_norm:1.7023872137069702 - actor/lr:5e-07 - perf/mfu/actor:0.24918062653726764 - training/global_step:1 - training/epoch:0 - critic/score/mean:0.13074606657028198 - critic/score/max:0.7290502786636353 - critic/score/min:0.0 - critic/rewards/mean:0.13074606657028198 - critic/rewards/max:0.7290502786636353 - critic/rewards/min:0.0 - critic/advantages/mean:-0.012094628065824509 - critic/advantages/max:3.74997878074646 - critic/advantages/min:-3.749925374984741 - critic/returns/mean:-0.012094628065824509 - critic/returns/max:3.74997878074646 - critic/returns/min:-3.749925374984741 - response_length/mean:11.8701171875 - response_length/max:17.0 - response_length/min:9.0 - response_length/clip_ratio:0.0 - response_length_non_aborted/mean:11.8701171875 - response_length_non_aborted/max:17.0 - response_length_non_aborted/min:9.0 - response_length_non_aborted/clip_ratio:0.0 - response/aborted_ratio:0.0 - prompt_length/mean:2178.140625 - prompt_length/max:8102.0 - prompt_length/min:556.0 - prompt_length/clip_ratio:0.0 - num_turns/min:2 - num_turns/max:2 - num_turns/mean:2.0 - timing_s/start_profile:0.00038904000393813476 - timing_s/agent_loop/num_preempted/min:-1 - timing_s/agent_loop/num_preempted/max:-1 - timing_s/agent_loop/num_preempted/mean:-1.0 - timing_s/agent_loop/generate_sequences/min:0.26899487300397595 - timing_s/agent_loop/generate_sequences/max:1.6520714010039228 - timing_s/agent_loop/generate_sequences/mean:1.060888846519596 - timing_s/agent_loop/tool_calls/min:0.0 - timing_s/agent_loop/tool_calls/max:0.0 - timing_s/agent_loop/tool_calls/mean:0.0 - timing_s/agent_loop/compute_score/min:0.0036998079958721064 - timing_s/agent_loop/compute_score/max:0.7940906160001759 - timing_s/agent_loop/compute_score/mean:0.3070514806152147 - timing_s/agent_loop/slowest/generate_sequences:1.6220916919992305 - timing_s/agent_loop/slowest/tool_calls:0.0 - timing_s/agent_loop/slowest/compute_score:0.0675894559972221 - timing_s/agent_loop/slowest/num_preempted:-1 - timing_s/agent_loop/slowest/prompt_length:1225 - timing_s/agent_loop/slowest/response_length:17 - timing_s/gen:13.940821230004076 - timing_s/reward:3.847199695883319e-05 - timing_s/old_log_prob:28.89802247499756 - timing_s/ref:35.3777741629965 - timing_s/adv:0.014837059999990743 - timing_s/update_actor:56.9467713740014 - timing_s/update_weights:3.6968611639968003 - timing_s/step:139.15094455600047 - timing_s/stop_profile:4.904299566987902e-05 - timing_per_token_ms/update_actor:0.025393519926014116 - timing_per_token_ms/ref:0.015775542519276535 - timing_per_token_ms/gen:1.1469207099962218 - timing_per_token_ms/adv:6.6160937602380225e-06 - perf/total_num_tokens:2242571 - perf/time_per_step:139.15094455600047 - perf/throughput:2014.512915413135[36m(WorkerDict pid=480063)[0m INFO:2026-07-11 05:11:27,940:update_weights done, time cost: 3.16s
[36m(TaskRunner pid=469699)[0m Training Progress:   3%|▎         | 2/75 [04:09<2:28:29, 122.04s/it]
[36m(WorkerDict pid=480063)[0m INFO:2026-07-11 05:13:22,837:update_weights done, time cost: 3.13s
[36m(TaskRunner pid=469699)[0m Training Progress:   4%|▍         | 3/75 [06:04<2:22:34, 118.82s/it]
[36m(WorkerDict pid=480063)[0m INFO:2026-07-11 05:15:08,765:update_weights done, time cost: 3.10s
[36m(TaskRunner pid=469699)[0m Training Progress:   5%|▌         | 4/75 [07:50<2:14:33, 113.71s/it]

[36m(AgentLoopWorker pid=485290)[0m Using dataset class: RLHFDataset[32m [repeated 7x across cluster][0m
[36m(TaskRunner pid=469699)[0m step:2 - global_seqlen/min:235340 - global_seqlen/max:519157 - global_seqlen/minmax_diff:283817 - global_seqlen/balanced_min:325769 - global_seqlen/balanced_max:325770 - global_seqlen/mean:325769.125 - actor/entropy:0.26762741804122925 - perf/mfu/actor_infer:0.3750262721443915 - actor/pg_clipfrac:0.0 - actor/ppo_kl:0.0 - actor/pg_clipfrac_lower:0.0 - actor/pg_loss:0.008864609037118498 - actor/kl_loss:0.0001952831911071107 - actor/kl_coef:0.05000000000000001 - actor/loss:0.008874379098415375 - actor/grad_norm:0.9018040299415588 - actor/lr:5e-07 - perf/mfu/actor:0.2861245982798919 - training/global_step:2 - training/epoch:0 - critic/score/mean:0.13582955300807953 - critic/score/max:0.7328912615776062 - critic/score/min:0.0 - critic/rewards/mean:0.13582955300807953 - critic/rewards/max:0.7328912615776062 - critic/rewards/min:0.0 - critic/advantages/mean:-0.008864613249897957 - critic/advantages/max:3.7499780654907227 - critic/advantages/min:-3.749925374984741 - critic/returns/mean:-0.008864613249897957 - critic/returns/max:3.7499780654907227 - critic/returns/min:-3.749925374984741 - response_length/mean:11.3837890625 - response_length/max:17.0 - response_length/min:9.0 - response_length/clip_ratio:0.0 - response_length_non_aborted/mean:11.3837890625 - response_length_non_aborted/max:17.0 - response_length_non_aborted/min:9.0 - response_length_non_aborted/clip_ratio:0.0 - response/aborted_ratio:0.0 - prompt_length/mean:2533.6875 - prompt_length/max:7665.0 - prompt_length/min:558.0 - prompt_length/clip_ratio:0.0 - num_turns/min:2 - num_turns/max:2 - num_turns/mean:2.0 - timing_s/start_profile:5.532200157176703e-05 - timing_s/agent_loop/num_preempted/min:-1 - timing_s/agent_loop/num_preempted/max:-1 - timing_s/agent_loop/num_preempted/mean:-1.0 - timing_s/agent_loop/generate_sequences/min:0.8503813939969405 - timing_s/agent_loop/generate_sequences/max:2.4615444660012145 - timing_s/agent_loop/generate_sequences/mean:1.7215821870371073 - timing_s/agent_loop/tool_calls/min:0.0 - timing_s/agent_loop/tool_calls/max:0.0 - timing_s/agent_loop/tool_calls/mean:0.0 - timing_s/agent_loop/compute_score/min:0.003487996000330895 - timing_s/agent_loop/compute_score/max:0.6313306320007541 - timing_s/agent_loop/compute_score/mean:0.13600352703309682 - timing_s/agent_loop/slowest/generate_sequences:2.1842540240031667 - timing_s/agent_loop/slowest/tool_calls:0.0 - timing_s/agent_loop/slowest/compute_score:0.31406548399536405 - timing_s/agent_loop/slowest/num_preempted:-1 - timing_s/agent_loop/slowest/prompt_length:655 - timing_s/agent_loop/slowest/response_length:15 - timing_s/gen:4.062723012000788 - timing_s/reward:2.7950998628512025e-05 - timing_s/old_log_prob:16.27765159700357 - timing_s/ref:26.283393122001144 - timing_s/adv:0.016320838003593963 - timing_s/update_actor:57.92354438700568 - timing_s/update_weights:4.9969373639978585 - timing_s/step:109.80443423099496 - timing_s/stop_profile:4.0311999327968806e-05 - timing_per_token_ms/update_actor:0.022225688356364987 - timing_per_token_ms/ref:0.010085130505385195 - timing_per_token_ms/gen:0.3485221765463488 - timing_per_token_ms/adv:6.262425116097928e-06 - perf/total_num_tokens:2606153 - perf/time_per_step:109.80443423099496 - perf/throughput:2966.8121081037707
[36m(TaskRunner pid=469699)[0m step:3 - global_seqlen/min:172099 - global_seqlen/max:467163 - global_seqlen/minmax_diff:295064 - global_seqlen/balanced_min:358637 - global_seqlen/balanced_max:358638 - global_seqlen/mean:358637.25 - actor/entropy:0.2711191773414612 - perf/mfu/actor_infer:0.3870560986641059 - actor/pg_clipfrac:0.0 - actor/ppo_kl:0.0 - actor/pg_clipfrac_lower:0.0 - actor/pg_loss:0.0071326258203043835 - actor/kl_loss:0.00019914856737909652 - actor/kl_coef:0.05000000000000001 - actor/loss:0.00714258523657918 - actor/grad_norm:1.2928082942962646 - actor/lr:5e-07 - perf/mfu/actor:0.2955407554319953 - training/global_step:3 - training/epoch:0 - critic/score/mean:0.15379594266414642 - critic/score/max:0.7287917733192444 - critic/score/min:0.0 - critic/rewards/mean:0.15379594266414642 - critic/rewards/max:0.7287917733192444 - critic/rewards/min:0.0 - critic/advantages/mean:-0.0071326266042888165 - critic/advantages/max:3.749979257583618 - critic/advantages/min:-3.749925374984741 - critic/returns/mean:-0.0071326266042888165 - critic/returns/max:3.749979257583618 - critic/returns/min:-3.749925374984741 - response_length/mean:11.400390625 - response_length/max:17.0 - response_length/min:9.0 - response_length/clip_ratio:0.0 - response_length_non_aborted/mean:11.400390625 - response_length_non_aborted/max:17.0 - response_length_non_aborted/min:9.0 - response_length_non_aborted/clip_ratio:0.0 - response/aborted_ratio:0.0 - prompt_length/mean:2790.453125 - prompt_length/max:7223.0 - prompt_length/min:556.0 - prompt_length/clip_ratio:0.0 - num_turns/min:2 - num_turns/max:2 - num_turns/mean:2.0 - timing_s/start_profile:6.578300235560164e-05 - timing_s/agent_loop/num_preempted/min:-1 - timing_s/agent_loop/num_preempted/max:-1 - timing_s/agent_loop/num_preempted/mean:-1.0 - timing_s/agent_loop/generate_sequences/min:0.766815499002405 - timing_s/agent_loop/generate_sequences/max:2.5401318699950934 - timing_s/agent_loop/generate_sequences/mean:1.7582403948007368 - timing_s/agent_loop/tool_calls/min:0.0 - timing_s/agent_loop/tool_calls/max:0.0 - timing_s/agent_loop/tool_calls/mean:0.0 - timing_s/agent_loop/compute_score/min:0.003666406002594158 - timing_s/agent_loop/compute_score/max:0.5579425030009588 - timing_s/agent_loop/compute_score/mean:0.09715158645996524 - timing_s/agent_loop/slowest/generate_sequences:2.0446072170016123 - timing_s/agent_loop/slowest/tool_calls:0.0 - timing_s/agent_loop/slowest/compute_score:0.5367500959982863 - timing_s/agent_loop/slowest/num_preempted:-1 - timing_s/agent_loop/slowest/prompt_length:3882 - timing_s/agent_loop/slowest/response_length:9 - timing_s/gen:3.8857741030005855 - timing_s/reward:3.263200051151216e-05 - timing_s/old_log_prob:16.868799294999917 - timing_s/ref:27.013631379995786 - timing_s/adv:0.01465795400144998 - timing_s/update_actor:61.38172609300091 - timing_s/update_weights:5.49307135699928 - timing_s/step:114.90299995100213 - timing_s/stop_profile:4.0052000258583575e-05 - timing_per_token_ms/update_actor:0.02139408486325699 - timing_per_token_ms/ref:0.009415374232597069 - timing_per_token_ms/gen:0.3328571272058065 - timing_per_token_ms/adv:5.108906702193505e-06 - perf/total_num_tokens:2869098 - perf/time_per_step:114.90299995100213 - perf/throughput:3121.2174630160484
[36m(TaskRunner pid=469699)[0m step:4 - global_seqlen/min:214655 - global_seqlen/max:419111 - global_seqlen/minmax_diff:204456 - global_seqlen/balanced_min:312577 - global_seqlen/balanced_max:312578 - global_seqlen/mean:312577.625 - actor/entropy:0.2829606533050537 - perf/mfu/actor_infer:0.37381048671808964 - actor/pg_clipfrac:0.0 - actor/ppo_kl:0.0 - actor/pg_clipfrac_lower:0.0 - actor/pg_loss:-0.010273012971083517 - actor/kl_loss:0.00027879565230046373 - actor/kl_coef:0.05000000000000001 - actor/loss:-0.010259072296321392 - actor/grad_norm:1.5344828367233276 - actor/lr:5e-07 - perf/mfu/actor:0.283671538060702 - training/global_step:4 - training/epoch:0 - critic/score/mean:0.1348976194858551 - critic/score/max:0.7262499928474426 - critic/score/min:0.0 - critic/rewards/mean:0.1348976194858551 - critic/rewards/max:0.7262499928474426 - critic/rewards/min:0.0 - critic/advantages/mean:0.010273013263940811 - critic/advantages/max:3.749976873397827 - critic/advantages/min:-3.749925374984741 - critic/returns/mean:0.010273013263940811 - critic/returns/max:3.749976873397827 - critic/returns/min:-3.749925374984741 - response_length/mean:11.4658203125 - response_length/max:17.0 - response_length/min:9.0 - response_length/clip_ratio:0.0 - response_length_non_aborted/mean:11.4658203125 - response_length_non_aborted/max:17.0 - response_length_non_aborted/min:9.0 - response_length_non_aborted/clip_ratio:0.0 - response/aborted_ratio:0.0 - prompt_length/mean:2430.546875 - prompt_length/max:7253.0 - prompt_length/min:556.0 - prompt_length/clip_ratio:0.0 - num_turns/min:2 - num_turns/max:2 - num_turns/mean:2.0 - timing_s/start_profile:3.973200364271179e-05 - timing_s/agent_loop/num_preempted/min:-1 - timing_s/agent_loop/num_preempted/max:-1 - timing_s/agent_loop/num_preempted/mean:-1.0 - timing_s/agent_loop/generate_sequences/min:0.7942889719997765 - timing_s/agent_loop/generate_sequences/max:2.3532589430033113 - timing_s/agent_loop/generate_sequences/mean:1.6987311077977196 - timing_s/agent_loop/tool_calls/min:0.0 - timing_s/agent_loop/tool_calls/max:0.0 - timing_s/agent_loop/tool_calls/mean:0.0 - timing_s/agent_loop/compute_score/min:0.0033317590059596114 - timing_s/agent_loop/compute_score/max:0.6775615799997468 - timing_s/agent_loop/compute_score/mean:0.1693511879962415 - timing_s/agent_loop/slowest/generate_sequences:2.3532589430033113 - timing_s/agent_loop/slowest/tool_calls:0.0 - timing_s/agent_loop/slowest/compute_score:0.07832869400590425 - timing_s/agent_loop/slowest/num_preempted:-1 - timing_s/agent_loop/slowest/prompt_length:559 - timing_s/agent_loop/slowest/response_length:17 - timing_s/gen:3.7213733210010105 - timing_s/reward:2.6451001758687198e-05 - timing_s/old_log_prob:15.416384939999261 - timing_s/ref:25.793641547003062 - timing_s/adv:0.01524098300433252 - timing_s/update_actor:55.657754730003944 - timing_s/update_weights:4.9837118740033475 - timing_s/step:105.8311479269978 - timing_s/stop_profile:3.7812998925801367e-05 - timing_per_token_ms/update_actor:0.022257573110840846 - timing_per_token_ms/ref:0.010314894399032505 - timing_per_token_ms/gen:0.3169553974108688 - timing_per_token_ms/adv:6.094879233731349e-06 - perf/total_num_tokens:2500621 - perf/time_per_step:105.8311479269978 - perf/throughput:2953.550359442531[36m(WorkerDict pid=480063)[0m INFO:2026-07-11 05:17:00,736:update_weights done, time cost: 3.26s
[36m(TaskRunner pid=469699)[0m Training Progress:   7%|▋         | 5/75 [09:42<2:11:56, 113.09s/it]
[36m(WorkerDict pid=480063)[0m INFO:2026-07-11 05:18:36,868:update_weights done, time cost: 3.09s
[36m(TaskRunner pid=469699)[0m Training Progress:   8%|▊         | 6/75 [11:18<2:03:24, 107.31s/it]
[36m(WorkerDict pid=480063)[0m INFO:2026-07-11 05:20:18,431:update_weights done, time cost: 3.38s
[36m(TaskRunner pid=469699)[0m Training Progress:   9%|▉         | 7/75 [12:59<1:59:28, 105.42s/it]

[36m(TaskRunner pid=469699)[0m step:5 - global_seqlen/min:174193 - global_seqlen/max:610701 - global_seqlen/minmax_diff:436508 - global_seqlen/balanced_min:342471 - global_seqlen/balanced_max:342472 - global_seqlen/mean:342471.25 - actor/entropy:0.27430620789527893 - perf/mfu/actor_infer:0.38258305811161314 - actor/pg_clipfrac:0.0 - actor/ppo_kl:0.0 - actor/pg_clipfrac_lower:0.0 - actor/pg_loss:0.016180310878553428 - actor/kl_loss:0.000425553238594667 - actor/kl_coef:0.05000000000000001 - actor/loss:0.01620158925652504 - actor/grad_norm:1.4430557489395142 - actor/lr:5e-07 - perf/mfu/actor:0.2910048379384129 - training/global_step:5 - training/epoch:0 - critic/score/mean:0.14043991267681122 - critic/score/max:0.7220930457115173 - critic/score/min:0.0 - critic/rewards/mean:0.14043991267681122 - critic/rewards/max:0.7220930457115173 - critic/rewards/min:0.0 - critic/advantages/mean:-0.016180310398340225 - critic/advantages/max:3.749976873397827 - critic/advantages/min:-3.749925374984741 - critic/returns/mean:-0.016180310398340225 - critic/returns/max:3.749976873397827 - critic/returns/min:-3.749925374984741 - response_length/mean:11.494140625 - response_length/max:19.0 - response_length/min:9.0 - response_length/clip_ratio:0.0 - response_length_non_aborted/mean:11.494140625 - response_length_non_aborted/max:19.0 - response_length_non_aborted/min:9.0 - response_length_non_aborted/clip_ratio:0.0 - response/aborted_ratio:0.0 - prompt_length/mean:2664.0625 - prompt_length/max:7960.0 - prompt_length/min:557.0 - prompt_length/clip_ratio:0.0 - num_turns/min:2 - num_turns/max:2 - num_turns/mean:2.0 - timing_s/start_profile:3.640200156951323e-05 - timing_s/agent_loop/num_preempted/min:-1 - timing_s/agent_loop/num_preempted/max:-1 - timing_s/agent_loop/num_preempted/mean:-1.0 - timing_s/agent_loop/generate_sequences/min:0.7784554949976155 - timing_s/agent_loop/generate_sequences/max:2.5273712429989246 - timing_s/agent_loop/generate_sequences/mean:1.7098403085565366 - timing_s/agent_loop/tool_calls/min:0.0 - timing_s/agent_loop/tool_calls/max:0.0 - timing_s/agent_loop/tool_calls/mean:0.0 - timing_s/agent_loop/compute_score/min:0.00341850399854593 - timing_s/agent_loop/compute_score/max:0.7558430400022189 - timing_s/agent_loop/compute_score/mean:0.17318390844624076 - timing_s/agent_loop/slowest/generate_sequences:2.4563713600000483 - timing_s/agent_loop/slowest/tool_calls:0.0 - timing_s/agent_loop/slowest/compute_score:0.11258088399335975 - timing_s/agent_loop/slowest/num_preempted:-1 - timing_s/agent_loop/slowest/prompt_length:563 - timing_s/agent_loop/slowest/response_length:15 - timing_s/gen:3.78300692600169 - timing_s/reward:3.073099651373923e-05 - timing_s/old_log_prob:16.295712015999015 - timing_s/ref:26.861529902002076 - timing_s/adv:0.01474063600471709 - timing_s/update_actor:59.54241785799968 - timing_s/update_weights:5.188725230000273 - timing_s/step:111.92654457900062 - timing_s/stop_profile:3.848200140055269e-05 - timing_per_token_ms/update_actor:0.021732633709398846 - timing_per_token_ms/ref:0.00980430105519882 - timing_per_token_ms/gen:0.3214109537809422 - timing_per_token_ms/adv:5.380245788776828e-06 - perf/total_num_tokens:2739770 - perf/time_per_step:111.92654457900062 - perf/throughput:3059.785784401439
[36m(TaskRunner pid=469699)[0m step:6 - global_seqlen/min:140276 - global_seqlen/max:445962 - global_seqlen/minmax_diff:305686 - global_seqlen/balanced_min:255188 - global_seqlen/balanced_max:255189 - global_seqlen/mean:255188.125 - actor/entropy:0.30963262915611267 - perf/mfu/actor_infer:0.34948258532568777 - actor/pg_clipfrac:0.0 - actor/ppo_kl:0.0 - actor/pg_clipfrac_lower:0.0 - actor/pg_loss:0.0018618556641740724 - actor/kl_loss:0.0007162585637162794 - actor/kl_coef:0.05000000000000001 - actor/loss:0.001897664275020361 - actor/grad_norm:1.351894497871399 - actor/lr:5e-07 - perf/mfu/actor:0.26428779001073793 - training/global_step:6 - training/epoch:0 - critic/score/mean:0.14258511364459991 - critic/score/max:0.7265059947967529 - critic/score/min:0.0 - critic/rewards/mean:0.14258511364459991 - critic/rewards/max:0.7265059947967529 - critic/rewards/min:0.0 - critic/advantages/mean:-0.0018618537578731775 - critic/advantages/max:3.749978542327881 - critic/advantages/min:-3.749925374984741 - critic/returns/mean:-0.0018618537578731775 - critic/returns/max:3.749978542327881 - critic/returns/min:-3.749925374984741 - response_length/mean:11.9228515625 - response_length/max:24.0 - response_length/min:9.0 - response_length/clip_ratio:0.0 - response_length_non_aborted/mean:11.9228515625 - response_length_non_aborted/max:24.0 - response_length_non_aborted/min:9.0 - response_length_non_aborted/clip_ratio:0.0 - response/aborted_ratio:0.0 - prompt_length/mean:1981.734375 - prompt_length/max:7499.0 - prompt_length/min:556.0 - prompt_length/clip_ratio:0.0 - num_turns/min:2 - num_turns/max:2 - num_turns/mean:2.0 - timing_s/start_profile:4.898300539935008e-05 - timing_s/agent_loop/num_preempted/min:-1 - timing_s/agent_loop/num_preempted/max:-1 - timing_s/agent_loop/num_preempted/mean:-1.0 - timing_s/agent_loop/generate_sequences/min:0.8225847089997842 - timing_s/agent_loop/generate_sequences/max:2.2133849289966747 - timing_s/agent_loop/generate_sequences/mean:1.5322884947296842 - timing_s/agent_loop/tool_calls/min:0.0 - timing_s/agent_loop/tool_calls/max:0.0 - timing_s/agent_loop/tool_calls/mean:0.0 - timing_s/agent_loop/compute_score/min:0.0036228440003469586 - timing_s/agent_loop/compute_score/max:0.7989064280045568 - timing_s/agent_loop/compute_score/mean:0.2131145954012581 - timing_s/agent_loop/slowest/generate_sequences:1.8528368699990097 - timing_s/agent_loop/slowest/tool_calls:0.0 - timing_s/agent_loop/slowest/compute_score:0.41127610400144476 - timing_s/agent_loop/slowest/num_preempted:-1 - timing_s/agent_loop/slowest/prompt_length:5462 - timing_s/agent_loop/slowest/response_length:9 - timing_s/gen:3.518951536003442 - timing_s/reward:3.111200203420594e-05 - timing_s/old_log_prob:13.612140848999843 - timing_s/ref:25.10436453299917 - timing_s/adv:0.016171880000911187 - timing_s/update_actor:48.67878083799587 - timing_s/update_weights:4.955919931999233 - timing_s/step:96.07060352899862 - timing_s/stop_profile:3.775100049097091e-05 - timing_per_token_ms/update_actor:0.023844556265106318 - timing_per_token_ms/ref:0.012296989002230791 - timing_per_token_ms/gen:0.2882260247361325 - timing_per_token_ms/adv:7.921548074048894e-06 - perf/total_num_tokens:2041505 - perf/time_per_step:96.07060352899862 - perf/throughput:2656.2560827774155
[36m(TaskRunner pid=469699)[0m step:7 - global_seqlen/min:136545 - global_seqlen/max:490460 - global_seqlen/minmax_diff:353915 - global_seqlen/balanced_min:286642 - global_seqlen/balanced_max:286642 - global_seqlen/mean:286642.0 - actor/entropy:0.28506842255592346 - perf/mfu/actor_infer:0.3623261168036797 - actor/pg_clipfrac:0.0 - actor/ppo_kl:0.0 - actor/pg_clipfrac_lower:0.0 - actor/pg_loss:0.005590354765445227 - actor/kl_loss:0.0007919854535351489 - actor/kl_coef:0.05000000000000001 - actor/loss:0.005629959050565958 - actor/grad_norm:1.0681864023208618 - actor/lr:5e-07 - perf/mfu/actor:0.2755034758323558 - training/global_step:7 - training/epoch:0 - critic/score/mean:0.1356094777584076 - critic/score/max:0.7444444298744202 - critic/score/min:0.0 - critic/rewards/mean:0.1356094777584076 - critic/rewards/max:0.7444444298744202 - critic/rewards/min:0.0 - critic/advantages/mean:-0.005590355489403009 - critic/advantages/max:3.7499778270721436 - critic/advantages/min:-3.749925374984741 - critic/returns/mean:-0.005590355489403009 - critic/returns/max:3.7499778270721436 - critic/returns/min:-3.749925374984741 - response_length/mean:11.6875 - response_length/max:20.0 - response_length/min:9.0 - response_length/clip_ratio:0.0 - response_length_non_aborted/mean:11.6875 - response_length_non_aborted/max:20.0 - response_length_non_aborted/min:9.0 - response_length_non_aborted/clip_ratio:0.0 - response/aborted_ratio:0.0 - prompt_length/mean:2227.703125 - prompt_length/max:7448.0 - prompt_length/min:557.0 - prompt_length/clip_ratio:0.0 - num_turns/min:2 - num_turns/max:2 - num_turns/mean:2.0 - timing_s/start_profile:4.251200152793899e-05 - timing_s/agent_loop/num_preempted/min:-1 - timing_s/agent_loop/num_preempted/max:-1 - timing_s/agent_loop/num_preempted/mean:-1.0 - timing_s/agent_loop/generate_sequences/min:0.8334718050027732 - timing_s/agent_loop/generate_sequences/max:2.2926412710003206 - timing_s/agent_loop/generate_sequences/mean:1.6462341922031598 - timing_s/agent_loop/tool_calls/min:0.0 - timing_s/agent_loop/tool_calls/max:0.0 - timing_s/agent_loop/tool_calls/mean:0.0 - timing_s/agent_loop/compute_score/min:0.0035641909998958 - timing_s/agent_loop/compute_score/max:0.6439578079953208 - timing_s/agent_loop/compute_score/mean:0.186985351290879 - timing_s/agent_loop/slowest/generate_sequences:1.8853184120016522 - timing_s/agent_loop/slowest/tool_calls:0.0 - timing_s/agent_loop/slowest/compute_score:0.4688468819949776 - timing_s/agent_loop/slowest/num_preempted:-1 - timing_s/agent_loop/slowest/prompt_length:3374 - timing_s/agent_loop/slowest/response_length:9 - timing_s/gen:3.5578011100005824 - timing_s/reward:2.4962006136775017e-05 - timing_s/old_log_prob:14.28119383900048 - timing_s/ref:26.056769874994643 - timing_s/adv:0.017580462001205888 - timing_s/update_actor:52.25890186900506 - timing_s/update_weights:5.175178197998321 - timing_s/step:101.49780962800287 - timing_s/stop_profile:4.1121995309367776e-05 - timing_per_token_ms/update_actor:0.022789272798911648 - timing_per_token_ms/ref:0.011362941349747526 - timing_per_token_ms/gen:0.29727616226609144 - timing_per_token_ms/adv:7.666558809074511e-06 - perf/total_num_tokens:2293136 - perf/time_per_step:101.49780962800287 - perf/throughput:2824.120057866909[36m(WorkerDict pid=480063)[0m INFO:2026-07-11 05:22:10,046:update_weights done, time cost: 3.35s
[36m(TaskRunner pid=469699)[0m Training Progress:  11%|█         | 8/75 [14:51<1:59:55, 107.40s/it]
[36m(WorkerDict pid=480063)[0m INFO:2026-07-11 05:23:44,257:update_weights done, time cost: 3.32s
[36m(TaskRunner pid=469699)[0m Training Progress:  12%|█▏        | 9/75 [16:25<1:53:35, 103.26s/it]
[36m(WorkerDict pid=480063)[0m INFO:2026-07-11 05:25:22,150:update_weights done, time cost: 3.06s
[36m(TaskRunner pid=469699)[0m Training Progress:  13%|█▎        | 10/75 [18:03<1:50:06, 101.63s/it]

[36m(TaskRunner pid=469699)[0m step:8 - global_seqlen/min:221212 - global_seqlen/max:496428 - global_seqlen/minmax_diff:275216 - global_seqlen/balanced_min:346128 - global_seqlen/balanced_max:346130 - global_seqlen/mean:346129.0 - actor/entropy:0.24882613122463226 - perf/mfu/actor_infer:0.3820201264378946 - actor/pg_clipfrac:0.0 - actor/ppo_kl:0.0 - actor/pg_clipfrac_lower:0.0 - actor/pg_loss:0.02545611531943258 - actor/kl_loss:0.0010327551043637275 - actor/kl_coef:0.05000000000000001 - actor/loss:0.02550775185227394 - actor/grad_norm:1.5026016235351562 - actor/lr:5e-07 - perf/mfu/actor:0.29285022067313915 - training/global_step:8 - training/epoch:0 - critic/score/mean:0.14442381262779236 - critic/score/max:0.7309392094612122 - critic/score/min:0.0 - critic/rewards/mean:0.14442381262779236 - critic/rewards/max:0.7309392094612122 - critic/rewards/min:0.0 - critic/advantages/mean:-0.025456110015511513 - critic/advantages/max:3.749978542327881 - critic/advantages/min:-3.749925374984741 - critic/returns/mean:-0.025456110015511513 - critic/returns/max:3.749978542327881 - critic/returns/min:-3.749925374984741 - response_length/mean:11.1640625 - response_length/max:17.0 - response_length/min:9.0 - response_length/clip_ratio:0.0 - response_length_non_aborted/mean:11.1640625 - response_length_non_aborted/max:17.0 - response_length_non_aborted/min:9.0 - response_length_non_aborted/clip_ratio:0.0 - response/aborted_ratio:0.0 - prompt_length/mean:2692.96875 - prompt_length/max:7695.0 - prompt_length/min:556.0 - prompt_length/clip_ratio:0.0 - num_turns/min:2 - num_turns/max:2 - num_turns/mean:2.0 - timing_s/start_profile:3.7712001358158886e-05 - timing_s/agent_loop/num_preempted/min:-1 - timing_s/agent_loop/num_preempted/max:-1 - timing_s/agent_loop/num_preempted/mean:-1.0 - timing_s/agent_loop/generate_sequences/min:0.7568400939999265 - timing_s/agent_loop/generate_sequences/max:2.375303625995002 - timing_s/agent_loop/generate_sequences/mean:1.6875115506007248 - timing_s/agent_loop/tool_calls/min:0.0 - timing_s/agent_loop/tool_calls/max:0.0 - timing_s/agent_loop/tool_calls/mean:0.0 - timing_s/agent_loop/compute_score/min:0.0032221340006799437 - timing_s/agent_loop/compute_score/max:0.6027918700056034 - timing_s/agent_loop/compute_score/mean:0.1368323510068592 - timing_s/agent_loop/slowest/generate_sequences:1.8327407429969753 - timing_s/agent_loop/slowest/tool_calls:0.0 - timing_s/agent_loop/slowest/compute_score:0.5875246440045885 - timing_s/agent_loop/slowest/num_preempted:-1 - timing_s/agent_loop/slowest/prompt_length:5941 - timing_s/agent_loop/slowest/response_length:9 - timing_s/gen:3.6452813310024794 - timing_s/reward:2.254099672427401e-05 - timing_s/old_log_prob:16.533264015000896 - timing_s/ref:26.332022258997313 - timing_s/adv:0.014849024002614897 - timing_s/update_actor:59.745771365996916 - timing_s/update_weights:5.195091290996061 - timing_s/step:111.62609864399565 - timing_s/stop_profile:4.80029993923381e-05 - timing_per_token_ms/update_actor:0.02157641058897005 - timing_per_token_ms/ref:0.0095094683842575 - timing_per_token_ms/gen:0.31886645652575923 - timing_per_token_ms/adv:5.362532467163578e-06 - perf/total_num_tokens:2769032 - perf/time_per_step:111.62609864399565 - perf/throughput:3100.7891900253044
[36m(TaskRunner pid=469699)[0m step:9 - global_seqlen/min:96797 - global_seqlen/max:312125 - global_seqlen/minmax_diff:215328 - global_seqlen/balanced_min:244009 - global_seqlen/balanced_max:244010 - global_seqlen/mean:244009.875 - actor/entropy:0.3079233169555664 - perf/mfu/actor_infer:0.3444434283138091 - actor/pg_clipfrac:0.0 - actor/ppo_kl:0.0 - actor/pg_clipfrac_lower:0.0 - actor/pg_loss:0.008568085973820416 - actor/kl_loss:0.0012023694556943395 - actor/kl_coef:0.05000000000000001 - actor/loss:0.008628210984170437 - actor/grad_norm:1.188010573387146 - actor/lr:5e-07 - perf/mfu/actor:0.2596645940985003 - training/global_step:9 - training/epoch:0 - critic/score/mean:0.14168953895568848 - critic/score/max:0.746129035949707 - critic/score/min:0.0 - critic/rewards/mean:0.14168953895568848 - critic/rewards/max:0.746129035949707 - critic/rewards/min:0.0 - critic/advantages/mean:-0.008568085730075836 - critic/advantages/max:3.7499759197235107 - critic/advantages/min:-1.4361257553100586 - critic/returns/mean:-0.008568085730075836 - critic/returns/max:3.7499759197235107 - critic/returns/min:-1.4361257553100586 - response_length/mean:12.0458984375 - response_length/max:58.0 - response_length/min:9.0 - response_length/clip_ratio:0.0 - response_length_non_aborted/mean:12.0458984375 - response_length_non_aborted/max:58.0 - response_length_non_aborted/min:9.0 - response_length_non_aborted/clip_ratio:0.0 - response/aborted_ratio:0.0 - prompt_length/mean:1894.28125 - prompt_length/max:7581.0 - prompt_length/min:556.0 - prompt_length/clip_ratio:0.0 - num_turns/min:2 - num_turns/max:2 - num_turns/mean:2.0 - timing_s/start_profile:3.969200042774901e-05 - timing_s/agent_loop/num_preempted/min:-1 - timing_s/agent_loop/num_preempted/max:-1 - timing_s/agent_loop/num_preempted/mean:-1.0 - timing_s/agent_loop/generate_sequences/min:0.7441610500027309 - timing_s/agent_loop/generate_sequences/max:2.119642505997035 - timing_s/agent_loop/generate_sequences/mean:1.5342716774668048 - timing_s/agent_loop/tool_calls/min:0.0 - timing_s/agent_loop/tool_calls/max:0.0 - timing_s/agent_loop/tool_calls/mean:0.0 - timing_s/agent_loop/compute_score/min:0.003611621999880299 - timing_s/agent_loop/compute_score/max:0.7444638720044168 - timing_s/agent_loop/compute_score/mean:0.2374213673515726 - timing_s/agent_loop/slowest/generate_sequences:1.7600885280044167 - timing_s/agent_loop/slowest/tool_calls:0.0 - timing_s/agent_loop/slowest/compute_score:0.4032457939974847 - timing_s/agent_loop/slowest/num_preempted:-1 - timing_s/agent_loop/slowest/prompt_length:3002 - timing_s/agent_loop/slowest/response_length:9 - timing_s/gen:3.4163415930015617 - timing_s/reward:2.2872001864016056e-05 - timing_s/old_log_prob:12.712017199999536 - timing_s/ref:25.405965517995355 - timing_s/adv:0.014677213999675587 - timing_s/update_actor:46.96567924199917 - timing_s/update_weights:5.5007969540019985 - timing_s/step:94.13359692299855 - timing_s/stop_profile:3.698200453072786e-05 - timing_per_token_ms/update_actor:0.0240593127849842 - timing_per_token_ms/ref:0.013014824460483082 - timing_per_token_ms/gen:0.27696324223766206 - timing_per_token_ms/adv:7.518760254925947e-06 - perf/total_num_tokens:1952079 - perf/time_per_step:94.13359692299855 - perf/throughput:2592.1656345459796
[36m(TaskRunner pid=469699)[0m step:10 - global_seqlen/min:173701 - global_seqlen/max:404596 - global_seqlen/minmax_diff:230895 - global_seqlen/balanced_min:268850 - global_seqlen/balanced_max:268851 - global_seqlen/mean:268850.875 - actor/entropy:0.2961500287055969 - perf/mfu/actor_infer:0.3569341620509536 - actor/pg_clipfrac:0.0 - actor/ppo_kl:0.0 - actor/pg_clipfrac_lower:0.0 - actor/pg_loss:-0.004790452545421431 - actor/kl_loss:0.0025550556258874466 - actor/kl_coef:0.05000000000000001 - actor/loss:-0.004662696737796068 - actor/grad_norm:1.2218577861785889 - actor/lr:5e-07 - perf/mfu/actor:0.2699480470188481 - training/global_step:10 - training/epoch:0 - critic/score/mean:0.13109220564365387 - critic/score/max:0.7360824942588806 - critic/score/min:0.0 - critic/rewards/mean:0.13109220564365387 - critic/rewards/max:0.7360824942588806 - critic/rewards/min:0.0 - critic/advantages/mean:0.004790454171597958 - critic/advantages/max:3.749979019165039 - critic/advantages/min:-0.917766273021698 - critic/returns/mean:0.004790454171597958 - critic/returns/max:3.749979019165039 - critic/returns/min:-0.917766273021698 - response_length/mean:11.7255859375 - response_length/max:17.0 - response_length/min:9.0 - response_length/clip_ratio:0.0 - response_length_non_aborted/mean:11.7255859375 - response_length_non_aborted/max:17.0 - response_length_non_aborted/min:9.0 - response_length_non_aborted/clip_ratio:0.0 - response/aborted_ratio:0.0 - prompt_length/mean:2088.671875 - prompt_length/max:6786.0 - prompt_length/min:557.0 - prompt_length/clip_ratio:0.0 - num_turns/min:2 - num_turns/max:2 - num_turns/mean:2.0 - timing_s/start_profile:5.775300087407231e-05 - timing_s/agent_loop/num_preempted/min:-1 - timing_s/agent_loop/num_preempted/max:-1 - timing_s/agent_loop/num_preempted/mean:-1.0 - timing_s/agent_loop/generate_sequences/min:0.7769785839991528 - timing_s/agent_loop/generate_sequences/max:2.1716883539993432 - timing_s/agent_loop/generate_sequences/mean:1.6365976372128728 - timing_s/agent_loop/tool_calls/min:0.0 - timing_s/agent_loop/tool_calls/max:0.0 - timing_s/agent_loop/tool_calls/mean:0.0 - timing_s/agent_loop/compute_score/min:0.0035821609999402426 - timing_s/agent_loop/compute_score/max:0.6511391269959859 - timing_s/agent_loop/compute_score/mean:0.23563206568745443 - timing_s/agent_loop/slowest/generate_sequences:1.585253912002372 - timing_s/agent_loop/slowest/tool_calls:0.0 - timing_s/agent_loop/slowest/compute_score:0.6228679760024534 - timing_s/agent_loop/slowest/num_preempted:-1 - timing_s/agent_loop/slowest/prompt_length:6786 - timing_s/agent_loop/slowest/response_length:9 - timing_s/gen:3.6242751039972063 - timing_s/reward:2.4440996639896184e-05 - timing_s/old_log_prob:13.818001685001946 - timing_s/ref:25.24856954599818 - timing_s/adv:0.01504458099952899 - timing_s/update_actor:50.13681440000073 - timing_s/update_weights:4.9789646729987 - timing_s/step:97.96994392100169 - timing_s/stop_profile:3.6970996006857604e-05 - timing_per_token_ms/update_actor:0.023310698914407815 - timing_per_token_ms/ref:0.011739114456107954 - timing_per_token_ms/gen:0.30184684800509753 - timing_per_token_ms/adv:6.9948540243401615e-06 - perf/total_num_tokens:2150807 - perf/time_per_step:97.96994392100169 - perf/throughput:2744.217912554779[36m(WorkerDict pid=480063)[0m INFO:2026-07-11 05:27:06,987:update_weights done, time cost: 3.36s
[36m(TaskRunner pid=469699)[0m Training Progress:  15%|█▍        | 11/75 [19:48<1:49:25, 102.59s/it]
[36m(WorkerDict pid=480063)[0m INFO:2026-07-11 05:28:52,984:update_weights done, time cost: 2.98s
[36m(TaskRunner pid=469699)[0m Training Progress:  16%|█▌        | 12/75 [21:34<1:48:50, 103.65s/it]
[36m(WorkerDict pid=480063)[0m INFO:2026-07-11 05:30:35,923:update_weights done, time cost: 3.29s
[36m(TaskRunner pid=469699)[0m Training Progress:  17%|█▋        | 13/75 [23:17<1:46:51, 103.42s/it]

[36m(TaskRunner pid=469699)[0m step:11 - global_seqlen/min:174767 - global_seqlen/max:385521 - global_seqlen/minmax_diff:210754 - global_seqlen/balanced_min:303957 - global_seqlen/balanced_max:303958 - global_seqlen/mean:303957.125 - actor/entropy:0.2844262719154358 - perf/mfu/actor_infer:0.3698671697155151 - actor/pg_clipfrac:0.0 - actor/ppo_kl:0.0 - actor/pg_clipfrac_lower:0.0 - actor/pg_loss:0.010514044037222448 - actor/kl_loss:0.0029457916957939187 - actor/kl_coef:0.05000000000000001 - actor/loss:0.010661330074071884 - actor/grad_norm:1.2315679788589478 - actor/lr:5e-07 - perf/mfu/actor:0.28028576571464603 - training/global_step:11 - training/epoch:0 - critic/score/mean:0.13900405168533325 - critic/score/max:0.7117347121238708 - critic/score/min:0.0 - critic/rewards/mean:0.13900405168533325 - critic/rewards/max:0.7117347121238708 - critic/rewards/min:0.0 - critic/advantages/mean:-0.010514046996831894 - critic/advantages/max:3.7499780654907227 - critic/advantages/min:-1.677032232284546 - critic/returns/mean:-0.010514046996831894 - critic/returns/max:3.7499780654907227 - critic/returns/min:-1.677032232284546 - response_length/mean:11.6806640625 - response_length/max:17.0 - response_length/min:9.0 - response_length/clip_ratio:0.0 - response_length_non_aborted/mean:11.6806640625 - response_length_non_aborted/max:17.0 - response_length_non_aborted/min:9.0 - response_length_non_aborted/clip_ratio:0.0 - response/aborted_ratio:0.0 - prompt_length/mean:2362.984375 - prompt_length/max:7585.0 - prompt_length/min:556.0 - prompt_length/clip_ratio:0.0 - num_turns/min:2 - num_turns/max:2 - num_turns/mean:2.0 - timing_s/start_profile:6.022299930918962e-05 - timing_s/agent_loop/num_preempted/min:-1 - timing_s/agent_loop/num_preempted/max:-1 - timing_s/agent_loop/num_preempted/mean:-1.0 - timing_s/agent_loop/generate_sequences/min:0.7289745620000758 - timing_s/agent_loop/generate_sequences/max:2.306556609000836 - timing_s/agent_loop/generate_sequences/mean:1.6761150440593937 - timing_s/agent_loop/tool_calls/min:0.0 - timing_s/agent_loop/tool_calls/max:0.0 - timing_s/agent_loop/tool_calls/mean:0.0 - timing_s/agent_loop/compute_score/min:0.003400642999622505 - timing_s/agent_loop/compute_score/max:0.6196072070015362 - timing_s/agent_loop/compute_score/mean:0.1760601487391753 - timing_s/agent_loop/slowest/generate_sequences:2.0783092499987106 - timing_s/agent_loop/slowest/tool_calls:0.0 - timing_s/agent_loop/slowest/compute_score:0.28989791499770945 - timing_s/agent_loop/slowest/num_preempted:-1 - timing_s/agent_loop/slowest/prompt_length:990 - timing_s/agent_loop/slowest/response_length:15 - timing_s/gen:3.628852427005768 - timing_s/reward:2.6210997020825744e-05 - timing_s/old_log_prob:14.728992614000163 - timing_s/ref:26.180493678999483 - timing_s/adv:0.01505939200433204 - timing_s/update_actor:54.56009782900219 - timing_s/update_weights:5.492304102997878 - timing_s/step:104.72358777799673 - timing_s/stop_profile:4.282200097804889e-05 - timing_per_token_ms/update_actor:0.022437415239485746 - timing_per_token_ms/ref:0.01076652409406404 - timing_per_token_ms/gen:0.30339038767709786 - timing_per_token_ms/adv:6.1930576575281954e-06 - perf/total_num_tokens:2431657 - perf/time_per_step:104.72358777799673 - perf/throughput:2902.470507832084
[36m(TaskRunner pid=469699)[0m step:12 - global_seqlen/min:202561 - global_seqlen/max:445759 - global_seqlen/minmax_diff:243198 - global_seqlen/balanced_min:315167 - global_seqlen/balanced_max:315168 - global_seqlen/mean:315167.25 - actor/entropy:0.26302370429039 - perf/mfu/actor_infer:0.3746855492300089 - actor/pg_clipfrac:0.0 - actor/ppo_kl:0.0 - actor/pg_clipfrac_lower:0.0 - actor/pg_loss:0.007963653788465308 - actor/kl_loss:0.003865604082517948 - actor/kl_coef:0.05000000000000001 - actor/loss:0.008156942203640938 - actor/grad_norm:1.532766580581665 - actor/lr:5e-07 - perf/mfu/actor:0.2846953371509125 - training/global_step:12 - training/epoch:0 - critic/score/mean:0.16211315989494324 - critic/score/max:0.7291666865348816 - critic/score/min:0.0 - critic/rewards/mean:0.16211315989494324 - critic/rewards/max:0.7291666865348816 - critic/rewards/min:0.0 - critic/advantages/mean:-0.007963658310472965 - critic/advantages/max:3.3465139865875244 - critic/advantages/min:-3.749925374984741 - critic/returns/mean:-0.007963658310472965 - critic/returns/max:3.3465139865875244 - critic/returns/min:-3.749925374984741 - response_length/mean:11.462890625 - response_length/max:17.0 - response_length/min:9.0 - response_length/clip_ratio:0.0 - response_length_non_aborted/mean:11.462890625 - response_length_non_aborted/max:17.0 - response_length_non_aborted/min:9.0 - response_length_non_aborted/clip_ratio:0.0 - response/aborted_ratio:0.0 - prompt_length/mean:2450.78125 - prompt_length/max:7097.0 - prompt_length/min:557.0 - prompt_length/clip_ratio:0.0 - num_turns/min:2 - num_turns/max:2 - num_turns/mean:2.0 - timing_s/start_profile:3.087199729634449e-05 - timing_s/agent_loop/num_preempted/min:-1 - timing_s/agent_loop/num_preempted/max:-1 - timing_s/agent_loop/num_preempted/mean:-1.0 - timing_s/agent_loop/generate_sequences/min:0.8017549639989738 - timing_s/agent_loop/generate_sequences/max:2.371481722999306 - timing_s/agent_loop/generate_sequences/mean:1.6468257850849923 - timing_s/agent_loop/tool_calls/min:0.0 - timing_s/agent_loop/tool_calls/max:0.0 - timing_s/agent_loop/tool_calls/mean:0.0 - timing_s/agent_loop/compute_score/min:0.003610972999013029 - timing_s/agent_loop/compute_score/max:0.713320429000305 - timing_s/agent_loop/compute_score/mean:0.17202295613090257 - timing_s/agent_loop/slowest/generate_sequences:2.163402635997045 - timing_s/agent_loop/slowest/tool_calls:0.0 - timing_s/agent_loop/slowest/compute_score:0.27720214399596443 - timing_s/agent_loop/slowest/num_preempted:-1 - timing_s/agent_loop/slowest/prompt_length:656 - timing_s/agent_loop/slowest/response_length:15 - timing_s/gen:3.615248239999346 - timing_s/reward:3.045100311283022e-05 - timing_s/old_log_prob:15.517397761999746 - timing_s/ref:25.864771481996286 - timing_s/adv:0.014924825001799036 - timing_s/update_actor:56.00388913300412 - timing_s/update_weights:4.941808983996452 - timing_s/step:106.0745098490006 - timing_s/stop_profile:3.9222002669703215e-05 - timing_per_token_ms/update_actor:0.02221197202953516 - timing_per_token_ms/ref:0.010258351510981981 - timing_per_token_ms/gen:0.30799524961657404 - timing_per_token_ms/adv:5.9194066808175e-06 - perf/total_num_tokens:2521338 - perf/time_per_step:106.0745098490006 - perf/throughput:2971.1874271080537
[36m(TaskRunner pid=469699)[0m step:13 - global_seqlen/min:194158 - global_seqlen/max:426932 - global_seqlen/minmax_diff:232774 - global_seqlen/balanced_min:294782 - global_seqlen/balanced_max:294782 - global_seqlen/mean:294782.0 - actor/entropy:0.26949185132980347 - perf/mfu/actor_infer:0.366444147843113 - actor/pg_clipfrac:0.0 - actor/ppo_kl:0.0 - actor/pg_clipfrac_lower:0.0 - actor/pg_loss:0.000514037387802091 - actor/kl_loss:0.004103636245808484 - actor/kl_coef:0.05000000000000001 - actor/loss:0.0007192203775048256 - actor/grad_norm:1.8737260103225708 - actor/lr:5e-07 - perf/mfu/actor:0.27736480917039785 - training/global_step:13 - training/epoch:0 - critic/score/mean:0.15211576223373413 - critic/score/max:0.7381773591041565 - critic/score/min:0.0 - critic/rewards/mean:0.15211576223373413 - critic/rewards/max:0.7381773591041565 - critic/rewards/min:0.0 - critic/advantages/mean:-0.0005140350549481809 - critic/advantages/max:3.7499797344207764 - critic/advantages/min:-1.0978769063949585 - critic/returns/mean:-0.0005140350549481809 - critic/returns/max:3.7499797344207764 - critic/returns/min:-1.0978769063949585 - response_length/mean:11.5 - response_length/max:17.0 - response_length/min:9.0 - response_length/clip_ratio:0.0 - response_length_non_aborted/mean:11.5 - response_length_non_aborted/max:17.0 - response_length_non_aborted/min:9.0 - response_length_non_aborted/clip_ratio:0.0 - response/aborted_ratio:0.0 - prompt_length/mean:2291.484375 - prompt_length/max:7886.0 - prompt_length/min:557.0 - prompt_length/clip_ratio:0.0 - num_turns/min:2 - num_turns/max:2 - num_turns/mean:2.0 - timing_s/start_profile:3.9512000512331724e-05 - timing_s/agent_loop/num_preempted/min:-1 - timing_s/agent_loop/num_preempted/max:-1 - timing_s/agent_loop/num_preempted/mean:-1.0 - timing_s/agent_loop/generate_sequences/min:0.7401002219994552 - timing_s/agent_loop/generate_sequences/max:2.1601888919976773 - timing_s/agent_loop/generate_sequences/mean:1.584667184169085 - timing_s/agent_loop/tool_calls/min:0.0 - timing_s/agent_loop/tool_calls/max:0.0 - timing_s/agent_loop/tool_calls/mean:0.0 - timing_s/agent_loop/compute_score/min:0.003453605000686366 - timing_s/agent_loop/compute_score/max:0.5302711639960762 - timing_s/agent_loop/compute_score/mean:0.15593886989540096 - timing_s/agent_loop/slowest/generate_sequences:1.8455173280017334 - timing_s/agent_loop/slowest/tool_calls:0.0 - timing_s/agent_loop/slowest/compute_score:0.36764092199882725 - timing_s/agent_loop/slowest/num_preempted:-1 - timing_s/agent_loop/slowest/prompt_length:879 - timing_s/agent_loop/slowest/response_length:15 - timing_s/gen:3.4604218029999174 - timing_s/reward:5.1292998250573874e-05 - timing_s/old_log_prob:14.511655153000902 - timing_s/ref:26.134109207996516 - timing_s/adv:0.014923020993592218 - timing_s/update_actor:53.52059379799903 - timing_s/update_weights:5.07982739500585 - timing_s/step:102.85642582600121 - timing_s/stop_profile:5.3121999371796846e-05 - timing_per_token_ms/update_actor:0.02269498892316993 - timing_per_token_ms/ref:0.011081964472049056 - timing_per_token_ms/gen:0.2938537536514875 - timing_per_token_ms/adv:6.327990257882188e-06 - perf/total_num_tokens:2358256 - perf/time_per_step:102.85642582600121 - perf/throughput:2865.9560900810698[36m(WorkerDict pid=480063)[0m INFO:2026-07-11 05:32:26,578:update_weights done, time cost: 3.41s
[36m(TaskRunner pid=469699)[0m Training Progress:  19%|█▊        | 14/75 [25:07<1:47:22, 105.61s/it]
[36m(WorkerDict pid=480064)[0m INFO:2026-07-11 05:34:10,795:[Rank 1] Saved model to /workspace/verl-x/budget-rl-training-repro/outputs/rl_pct30e5_kl005_central_lam1_seed42/global_step_15/actor/model_world_size_8_rank_1.pt
[36m(WorkerDict pid=480065)[0m INFO:2026-07-11 05:34:18,931:[Rank 2] Saved optim to /workspace/verl-x/budget-rl-training-repro/outputs/rl_pct30e5_kl005_central_lam1_seed42/global_step_15/actor/optim_world_size_8_rank_2.pt
[36m(WorkerDict pid=480065)[0m INFO:2026-07-11 05:34:18,932:[Rank 2] Saved extra_state to /workspace/verl-x/budget-rl-training-repro/outputs/rl_pct30e5_kl005_central_lam1_seed42/global_step_15/actor/extra_state_world_size_8_rank_2.pt
[36m(WorkerDict pid=480070)[0m INFO:2026-07-11 05:34:10,760:[Rank 7] Saved model to /workspace/verl-x/budget-rl-training-repro/outputs/rl_pct30e5_kl005_central_lam1_seed42/global_step_15/actor/model_world_size_8_rank_7.pt[32m [repeated 7x across cluster][0m
[36m(WorkerDict pid=480063)[0m INFO:2026-07-11 05:34:19,258:[Rank 0] Saved model config and tokenizer class to /workspace/verl-x/budget-rl-training-repro/outputs/rl_pct30e5_kl005_central_lam1_seed42/global_step_15/actor/huggingface
[36m(WorkerDict pid=480063)[0m INFO:2026-07-11 05:34:23,420:update_weights done, time cost: 3.24s
[36m(TaskRunner pid=469699)[0m Training Progress:  20%|██        | 15/75 [27:04<1:48:58, 108.97s/it]
[36m(WorkerDict pid=480067)[0m INFO:2026-07-11 05:34:19,519:[Rank 4] Saved optim to /workspace/verl-x/budget-rl-training-repro/outputs/rl_pct30e5_kl005_central_lam1_seed42/global_step_15/actor/optim_world_size_8_rank_4.pt[32m [repeated 7x across cluster][0m
[36m(WorkerDict pid=480067)[0m INFO:2026-07-11 05:34:19,521:[Rank 4] Saved extra_state to /workspace/verl-x/budget-rl-training-repro/outputs/rl_pct30e5_kl005_central_lam1_seed42/global_step_15/actor/extra_state_world_size_8_rank_4.pt[32m [repeated 7x across cluster][0m
[36m(WorkerDict pid=480063)[0m INFO:2026-07-11 05:36:05,816:update_weights done, time cost: 3.23s
[36m(TaskRunner pid=469699)[0m Training Progress:  21%|██▏       | 16/75 [28:47<1:45:14, 107.02s/it]

[36m(TaskRunner pid=469699)[0m step:14 - global_seqlen/min:172507 - global_seqlen/max:463441 - global_seqlen/minmax_diff:290934 - global_seqlen/balanced_min:331633 - global_seqlen/balanced_max:331634 - global_seqlen/mean:331633.75 - actor/entropy:0.24172425270080566 - perf/mfu/actor_infer:0.3785368195336832 - actor/pg_clipfrac:0.0 - actor/ppo_kl:0.0 - actor/pg_clipfrac_lower:0.0 - actor/pg_loss:0.00337332971962212 - actor/kl_loss:0.00522444970710529 - actor/kl_coef:0.05000000000000001 - actor/loss:0.0036345524713397026 - actor/grad_norm:1.0796993970870972 - actor/lr:5e-07 - perf/mfu/actor:0.28804842864350705 - training/global_step:14 - training/epoch:0 - critic/score/mean:0.14141756296157837 - critic/score/max:0.7344339489936829 - critic/score/min:0.0 - critic/rewards/mean:0.14141756296157837 - critic/rewards/max:0.7344339489936829 - critic/rewards/min:0.0 - critic/advantages/mean:-0.0033733288291841745 - critic/advantages/max:3.74997878074646 - critic/advantages/min:-3.749925374984741 - critic/returns/mean:-0.0033733288291841745 - critic/returns/max:3.74997878074646 - critic/returns/min:-3.749925374984741 - response_length/mean:11.263671875 - response_length/max:17.0 - response_length/min:9.0 - response_length/clip_ratio:0.0 - response_length_non_aborted/mean:11.263671875 - response_length_non_aborted/max:17.0 - response_length_non_aborted/min:9.0 - response_length_non_aborted/clip_ratio:0.0 - response/aborted_ratio:0.0 - prompt_length/mean:2579.625 - prompt_length/max:8156.0 - prompt_length/min:558.0 - prompt_length/clip_ratio:0.0 - num_turns/min:2 - num_turns/max:2 - num_turns/mean:2.0 - timing_s/start_profile:6.463300087489188e-05 - timing_s/agent_loop/num_preempted/min:-1 - timing_s/agent_loop/num_preempted/max:-1 - timing_s/agent_loop/num_preempted/mean:-1.0 - timing_s/agent_loop/generate_sequences/min:0.7952322499986622 - timing_s/agent_loop/generate_sequences/max:3.054285284000798 - timing_s/agent_loop/generate_sequences/mean:1.7174132603565582 - timing_s/agent_loop/tool_calls/min:0.0 - timing_s/agent_loop/tool_calls/max:0.0 - timing_s/agent_loop/tool_calls/mean:0.0 - timing_s/agent_loop/compute_score/min:0.0036672650021500885 - timing_s/agent_loop/compute_score/max:1.3014207719970727 - timing_s/agent_loop/compute_score/mean:0.18469424424603886 - timing_s/agent_loop/slowest/generate_sequences:2.8836370459976024 - timing_s/agent_loop/slowest/tool_calls:0.0 - timing_s/agent_loop/slowest/compute_score:0.2343124879989773 - timing_s/agent_loop/slowest/num_preempted:-1 - timing_s/agent_loop/slowest/prompt_length:925 - timing_s/agent_loop/slowest/response_length:15 - timing_s/gen:4.311002989998087 - timing_s/reward:2.762199437711388e-05 - timing_s/old_log_prob:15.800786252002581 - timing_s/ref:26.77079240299645 - timing_s/adv:0.014707421003549825 - timing_s/update_actor:58.067721785002504 - timing_s/update_weights:5.230246660998091 - timing_s/step:110.31157150700164 - timing_s/stop_profile:3.7961995985824615e-05 - timing_per_token_ms/update_actor:0.02188699196968135 - timing_per_token_ms/ref:0.010090496067950129 - timing_per_token_ms/gen:0.37376478151535353 - timing_per_token_ms/adv:5.543548041909872e-06 - perf/total_num_tokens:2653070 - perf/time_per_step:110.31157150700164 - perf/throughput:3006.336918869393
[36m(TaskRunner pid=469699)[0m local_global_step_folder: /workspace/verl-x/budget-rl-training-repro/outputs/rl_pct30e5_kl005_central_lam1_seed42/global_step_15
[36m(TaskRunner pid=469699)[0m step:15 - global_seqlen/min:141803 - global_seqlen/max:521855 - global_seqlen/minmax_diff:380052 - global_seqlen/balanced_min:295848 - global_seqlen/balanced_max:295849 - global_seqlen/mean:295848.375 - actor/entropy:0.26424673199653625 - perf/mfu/actor_infer:0.3663749737682893 - actor/pg_clipfrac:0.0 - actor/ppo_kl:0.0 - actor/pg_clipfrac_lower:0.0 - actor/pg_loss:0.011243107212067116 - actor/kl_loss:0.007428314985647402 - actor/kl_coef:0.05000000000000001 - actor/loss:0.011614520102739334 - actor/grad_norm:1.3483203649520874 - actor/lr:5e-07 - perf/mfu/actor:0.27707451715260945 - training/global_step:15 - training/epoch:0 - critic/score/mean:0.13951905071735382 - critic/score/max:0.7403225898742676 - critic/score/min:0.0 - critic/rewards/mean:0.13951905071735382 - critic/rewards/max:0.7403225898742676 - critic/rewards/min:0.0 - critic/advantages/mean:-0.011243106797337532 - critic/advantages/max:3.7499783039093018 - critic/advantages/min:-3.749925374984741 - critic/returns/mean:-0.011243106797337532 - critic/returns/max:3.7499783039093018 - critic/returns/min:-3.749925374984741 - response_length/mean:11.5810546875 - response_length/max:17.0 - response_length/min:9.0 - response_length/clip_ratio:0.0 - response_length_non_aborted/mean:11.5810546875 - response_length_non_aborted/max:17.0 - response_length_non_aborted/min:9.0 - response_length_non_aborted/clip_ratio:0.0 - response/aborted_ratio:0.0 - prompt_length/mean:2299.734375 - prompt_length/max:8034.0 - prompt_length/min:556.0 - prompt_length/clip_ratio:0.0 - num_turns/min:2 - num_turns/max:2 - num_turns/mean:2.0 - timing_s/start_profile:3.386200114618987e-05 - timing_s/agent_loop/num_preempted/min:-1 - timing_s/agent_loop/num_preempted/max:-1 - timing_s/agent_loop/num_preempted/mean:-1.0 - timing_s/agent_loop/generate_sequences/min:0.76466427899868 - timing_s/agent_loop/generate_sequences/max:2.564805267000338 - timing_s/agent_loop/generate_sequences/mean:1.6295322725117103 - timing_s/agent_loop/tool_calls/min:0.0 - timing_s/agent_loop/tool_calls/max:0.0 - timing_s/agent_loop/tool_calls/mean:0.0 - timing_s/agent_loop/compute_score/min:0.0035627999968710355 - timing_s/agent_loop/compute_score/max:1.3247962660025223 - timing_s/agent_loop/compute_score/mean:0.25561842388657396 - timing_s/agent_loop/slowest/generate_sequences:1.8824405780032976 - timing_s/agent_loop/slowest/tool_calls:0.0 - timing_s/agent_loop/slowest/compute_score:0.7325900420037215 - timing_s/agent_loop/slowest/num_preempted:-1 - timing_s/agent_loop/slowest/prompt_length:1933 - timing_s/agent_loop/slowest/response_length:9 - timing_s/gen:3.820239776003291 - timing_s/reward:2.9751005058642477e-05 - timing_s/old_log_prob:14.853145953995408 - timing_s/ref:25.867814609999186 - timing_s/adv:0.014888099001836963 - timing_s/update_actor:54.15100138300477 - timing_s/save_checkpoint:13.307914592995076 - timing_s/update_weights:4.621383825004159 - timing_s/step:116.75272587300424 - timing_s/stop_profile:3.914200351573527e-05 - timing_per_token_ms/update_actor:0.02287954149782163 - timing_per_token_ms/ref:0.010929506799724346 - timing_per_token_ms/gen:0.32213844135283676 - timing_per_token_ms/adv:6.290426219950069e-06 - perf/total_num_tokens:2366787 - perf/time_per_step:116.75272587300424 - perf/throughput:2533.9740274826986
[36m(TaskRunner pid=469699)[0m step:16 - global_seqlen/min:201281 - global_seqlen/max:390931 - global_seqlen/minmax_diff:189650 - global_seqlen/balanced_min:278785 - global_seqlen/balanced_max:278786 - global_seqlen/mean:278785.25 - actor/entropy:0.2847953736782074 - perf/mfu/actor_infer:0.3580605749440183 - actor/pg_clipfrac:0.0 - actor/ppo_kl:0.0 - actor/pg_clipfrac_lower:0.0 - actor/pg_loss:-0.006035625241358034 - actor/kl_loss:0.00742395933754543 - actor/kl_coef:0.05000000000000001 - actor/loss:-0.00566443195566535 - actor/grad_norm:1.2147090435028076 - actor/lr:5e-07 - perf/mfu/actor:0.2722315914872504 - training/global_step:16 - training/epoch:1 - critic/score/mean:0.13622620701789856 - critic/score/max:0.7391061186790466 - critic/score/min:0.0 - critic/rewards/mean:0.13622620701789856 - critic/rewards/max:0.7391061186790466 - critic/rewards/min:0.0 - critic/advantages/mean:0.006035624537616968 - critic/advantages/max:3.7499797344207764 - critic/advantages/min:-3.749925374984741 - critic/returns/mean:0.006035624537616968 - critic/returns/max:3.7499797344207764 - critic/returns/min:-3.749925374984741 - response_length/mean:11.697265625 - response_length/max:17.0 - response_length/min:9.0 - response_length/clip_ratio:0.0 - response_length_non_aborted/mean:11.697265625 - response_length_non_aborted/max:17.0 - response_length_non_aborted/min:9.0 - response_length_non_aborted/clip_ratio:0.0 - response/aborted_ratio:0.0 - prompt_length/mean:2166.3125 - prompt_length/max:8034.0 - prompt_length/min:556.0 - prompt_length/clip_ratio:0.0 - num_turns/min:2 - num_turns/max:2 - num_turns/mean:2.0 - timing_s/start_profile:0.00034321699786232784 - timing_s/agent_loop/num_preempted/min:-1 - timing_s/agent_loop/num_preempted/max:-1 - timing_s/agent_loop/num_preempted/mean:-1.0 - timing_s/agent_loop/generate_sequences/min:0.7180148480038042 - timing_s/agent_loop/generate_sequences/max:2.5009319109958597 - timing_s/agent_loop/generate_sequences/mean:1.573962425058788 - timing_s/agent_loop/tool_calls/min:0.0 - timing_s/agent_loop/tool_calls/max:0.0 - timing_s/agent_loop/tool_calls/mean:0.0 - timing_s/agent_loop/compute_score/min:0.003522236002027057 - timing_s/agent_loop/compute_score/max:1.0209695090015884 - timing_s/agent_loop/compute_score/mean:0.2492313448008474 - timing_s/agent_loop/slowest/generate_sequences:2.3225354099995457 - timing_s/agent_loop/slowest/tool_calls:0.0 - timing_s/agent_loop/slowest/compute_score:0.2255849209977896 - timing_s/agent_loop/slowest/num_preempted:-1 - timing_s/agent_loop/slowest/prompt_length:559 - timing_s/agent_loop/slowest/response_length:16 - timing_s/gen:3.9451837179949507 - timing_s/reward:5.669299571309239e-05 - timing_s/old_log_prob:14.500947985994571 - timing_s/ref:26.33523446899926 - timing_s/adv:0.014692946999275591 - timing_s/update_actor:51.587312582996674 - timing_s/update_weights:5.0676339589990675 - timing_s/step:101.77879148400098 - timing_s/stop_profile:5.094300286145881e-05 - timing_per_token_ms/update_actor:0.023130399018149575 - timing_per_token_ms/ref:0.01180802897077556 - timing_per_token_ms/gen:0.32936915328059363 - timing_per_token_ms/adv:6.5879323777332155e-06 - perf/total_num_tokens:2230282 - perf/time_per_step:101.77879148400098 - perf/throughput:2739.129104748934[36m(WorkerDict pid=480063)[0m INFO:2026-07-11 05:37:41,762:update_weights done, time cost: 3.13s
[36m(TaskRunner pid=469699)[0m Training Progress:  23%|██▎       | 17/75 [30:23<1:40:14, 103.69s/it]
[36m(WorkerDict pid=480063)[0m INFO:2026-07-11 05:39:19,374:update_weights done, time cost: 3.06s
[36m(TaskRunner pid=469699)[0m Training Progress:  24%|██▍       | 18/75 [32:00<1:36:45, 101.85s/it]
[36m(WorkerDict pid=480063)[0m INFO:2026-07-11 05:41:02,447:update_weights done, time cost: 3.26s
[36m(TaskRunner pid=469699)[0m Training Progress:  25%|██▌       | 19/75 [33:43<1:35:24, 102.22s/it]

[36m(TaskRunner pid=469699)[0m step:17 - global_seqlen/min:192579 - global_seqlen/max:342514 - global_seqlen/minmax_diff:149935 - global_seqlen/balanced_min:256589 - global_seqlen/balanced_max:256590 - global_seqlen/mean:256589.375 - actor/entropy:0.2675029933452606 - perf/mfu/actor_infer:0.3511176987306522 - actor/pg_clipfrac:0.0 - actor/ppo_kl:0.0 - actor/pg_clipfrac_lower:0.0 - actor/pg_loss:-0.007796419318765402 - actor/kl_loss:0.007541841532303688 - actor/kl_coef:0.05000000000000001 - actor/loss:-0.007419326342642307 - actor/grad_norm:1.1748753786087036 - actor/lr:5e-07 - perf/mfu/actor:0.26496101931190513 - training/global_step:17 - training/epoch:1 - critic/score/mean:0.1259629726409912 - critic/score/max:0.7424623370170593 - critic/score/min:0.0 - critic/rewards/mean:0.1259629726409912 - critic/rewards/max:0.7424623370170593 - critic/rewards/min:0.0 - critic/advantages/mean:0.007796423509716988 - critic/advantages/max:3.7499794960021973 - critic/advantages/min:-1.677032232284546 - critic/returns/mean:0.007796423509716988 - critic/returns/max:3.7499794960021973 - critic/returns/min:-1.677032232284546 - response_length/mean:11.6357421875 - response_length/max:17.0 - response_length/min:9.0 - response_length/clip_ratio:0.0 - response_length_non_aborted/mean:11.6357421875 - response_length_non_aborted/max:17.0 - response_length_non_aborted/min:9.0 - response_length_non_aborted/clip_ratio:0.0 - response/aborted_ratio:0.0 - prompt_length/mean:1992.96875 - prompt_length/max:6786.0 - prompt_length/min:557.0 - prompt_length/clip_ratio:0.0 - num_turns/min:2 - num_turns/max:2 - num_turns/mean:2.0 - timing_s/start_profile:3.7041994801256806e-05 - timing_s/agent_loop/num_preempted/min:-1 - timing_s/agent_loop/num_preempted/max:-1 - timing_s/agent_loop/num_preempted/mean:-1.0 - timing_s/agent_loop/generate_sequences/min:0.7551060620025964 - timing_s/agent_loop/generate_sequences/max:2.1811170950022643 - timing_s/agent_loop/generate_sequences/mean:1.5734728318554119 - timing_s/agent_loop/tool_calls/min:0.0 - timing_s/agent_loop/tool_calls/max:0.0 - timing_s/agent_loop/tool_calls/mean:0.0 - timing_s/agent_loop/compute_score/min:0.0036800059970119037 - timing_s/agent_loop/compute_score/max:0.744433621999633 - timing_s/agent_loop/compute_score/mean:0.23281344812991733 - timing_s/agent_loop/slowest/generate_sequences:2.0867119090034976 - timing_s/agent_loop/slowest/tool_calls:0.0 - timing_s/agent_loop/slowest/compute_score:0.11063523700431688 - timing_s/agent_loop/slowest/num_preempted:-1 - timing_s/agent_loop/slowest/prompt_length:707 - timing_s/agent_loop/slowest/response_length:15 - timing_s/gen:3.476177443997585 - timing_s/reward:2.327199763385579e-05 - timing_s/old_log_prob:13.497556518996134 - timing_s/ref:25.024069195002085 - timing_s/adv:0.014887516997987404 - timing_s/update_actor:48.724642746004974 - timing_s/update_weights:5.0225430329956 - timing_s/step:95.92078346500057 - timing_s/stop_profile:4.020200140075758e-05 - timing_per_token_ms/update_actor:0.02373668178290945 - timing_per_token_ms/ref:0.012190717754292283 - timing_per_token_ms/gen:0.2917480020140651 - timing_per_token_ms/adv:7.252598143428291e-06 - perf/total_num_tokens:2052715 - perf/time_per_step:95.92078346500057 - perf/throughput:2675.0133363289715
[36m(TaskRunner pid=469699)[0m step:18 - global_seqlen/min:110052 - global_seqlen/max:418532 - global_seqlen/minmax_diff:308480 - global_seqlen/balanced_min:267666 - global_seqlen/balanced_max:267666 - global_seqlen/mean:267666.0 - actor/entropy:0.2631787955760956 - perf/mfu/actor_infer:0.35602958374636334 - actor/pg_clipfrac:0.0 - actor/ppo_kl:0.0 - actor/pg_clipfrac_lower:0.0 - actor/pg_loss:0.015987235055945348 - actor/kl_loss:0.00902928263920482 - actor/kl_coef:0.05000000000000001 - actor/loss:0.01643870212137699 - actor/grad_norm:1.541284441947937 - actor/lr:5e-07 - perf/mfu/actor:0.2693092867042436 - training/global_step:18 - training/epoch:1 - critic/score/mean:0.1428207904100418 - critic/score/max:0.7283505201339722 - critic/score/min:0.0 - critic/rewards/mean:0.1428207904100418 - critic/rewards/max:0.7283505201339722 - critic/rewards/min:0.0 - critic/advantages/mean:-0.015987230464816093 - critic/advantages/max:3.7499783039093018 - critic/advantages/min:-3.749925374984741 - critic/returns/mean:-0.015987230464816093 - critic/returns/max:3.7499783039093018 - critic/returns/min:-3.749925374984741 - response_length/mean:11.515625 - response_length/max:17.0 - response_length/min:9.0 - response_length/clip_ratio:0.0 - response_length_non_aborted/mean:11.515625 - response_length_non_aborted/max:17.0 - response_length_non_aborted/min:9.0 - response_length_non_aborted/clip_ratio:0.0 - response/aborted_ratio:0.0 - prompt_length/mean:2079.625 - prompt_length/max:6575.0 - prompt_length/min:556.0 - prompt_length/clip_ratio:0.0 - num_turns/min:2 - num_turns/max:2 - num_turns/mean:2.0 - timing_s/start_profile:3.969200042774901e-05 - timing_s/agent_loop/num_preempted/min:-1 - timing_s/agent_loop/num_preempted/max:-1 - timing_s/agent_loop/num_preempted/mean:-1.0 - timing_s/agent_loop/generate_sequences/min:0.7348790789983468 - timing_s/agent_loop/generate_sequences/max:2.1942090160009684 - timing_s/agent_loop/generate_sequences/mean:1.5631457706494558 - timing_s/agent_loop/tool_calls/min:0.0 - timing_s/agent_loop/tool_calls/max:0.0 - timing_s/agent_loop/tool_calls/mean:0.0 - timing_s/agent_loop/compute_score/min:0.0034030799943138845 - timing_s/agent_loop/compute_score/max:0.6751734879944706 - timing_s/agent_loop/compute_score/mean:0.19908919594232088 - timing_s/agent_loop/slowest/generate_sequences:1.6587992300046608 - timing_s/agent_loop/slowest/tool_calls:0.0 - timing_s/agent_loop/slowest/compute_score:0.5744611510017421 - timing_s/agent_loop/slowest/num_preempted:-1 - timing_s/agent_loop/slowest/prompt_length:562 - timing_s/agent_loop/slowest/response_length:14 - timing_s/gen:3.4650240870032576 - timing_s/reward:2.5230998289771378e-05 - timing_s/old_log_prob:13.931194077005784 - timing_s/ref:25.11058249299822 - timing_s/adv:0.016108117997646332 - timing_s/update_actor:50.05843912099954 - timing_s/update_weights:4.807557023996196 - timing_s/step:97.5405766699987 - timing_s/stop_profile:3.8662001315969974e-05 - timing_per_token_ms/update_actor:0.02337728695510428 - timing_per_token_ms/ref:0.011726639960341536 - timing_per_token_ms/gen:0.2938453262384038 - timing_per_token_ms/adv:7.522489780942635e-06 - perf/total_num_tokens:2141328 - perf/time_per_step:97.5405766699987 - perf/throughput:2744.150271999859
[36m(TaskRunner pid=469699)[0m step:19 - global_seqlen/min:81005 - global_seqlen/max:466909 - global_seqlen/minmax_diff:385904 - global_seqlen/balanced_min:295742 - global_seqlen/balanced_max:295743 - global_seqlen/mean:295742.625 - actor/entropy:0.263698935508728 - perf/mfu/actor_infer:0.36686011111322697 - actor/pg_clipfrac:0.0 - actor/ppo_kl:0.0 - actor/pg_clipfrac_lower:0.0 - actor/pg_loss:-0.0034521236393629806 - actor/kl_loss:0.006825779812769273 - actor/kl_coef:0.05000000000000001 - actor/loss:-0.0031108357943594456 - actor/grad_norm:1.6963069438934326 - actor/lr:5e-07 - perf/mfu/actor:0.27785934219751024 - training/global_step:19 - training/epoch:1 - critic/score/mean:0.1719580888748169 - critic/score/max:0.7285714149475098 - critic/score/min:0.0 - critic/rewards/mean:0.1719580888748169 - critic/rewards/max:0.7285714149475098 - critic/rewards/min:0.0 - critic/advantages/mean:0.003452126169577241 - critic/advantages/max:3.7499773502349854 - critic/advantages/min:-1.0978769063949585 - critic/returns/mean:0.003452126169577241 - critic/returns/max:3.7499773502349854 - critic/returns/min:-1.0978769063949585 - response_length/mean:11.6142578125 - response_length/max:17.0 - response_length/min:9.0 - response_length/clip_ratio:0.0 - response_length_non_aborted/mean:11.6142578125 - response_length_non_aborted/max:17.0 - response_length_non_aborted/min:9.0 - response_length_non_aborted/clip_ratio:0.0 - response/aborted_ratio:0.0 - prompt_length/mean:2298.875 - prompt_length/max:7581.0 - prompt_length/min:556.0 - prompt_length/clip_ratio:0.0 - num_turns/min:2 - num_turns/max:2 - num_turns/mean:2.0 - timing_s/start_profile:3.8541998947039247e-05 - timing_s/agent_loop/num_preempted/min:-1 - timing_s/agent_loop/num_preempted/max:-1 - timing_s/agent_loop/num_preempted/mean:-1.0 - timing_s/agent_loop/generate_sequences/min:0.7780103530021734 - timing_s/agent_loop/generate_sequences/max:2.292841850001423 - timing_s/agent_loop/generate_sequences/mean:1.6306863890087868 - timing_s/agent_loop/tool_calls/min:0.0 - timing_s/agent_loop/tool_calls/max:0.0 - timing_s/agent_loop/tool_calls/mean:0.0 - timing_s/agent_loop/compute_score/min:0.003409610995731782 - timing_s/agent_loop/compute_score/max:0.684835492997081 - timing_s/agent_loop/compute_score/mean:0.18548150132025398 - timing_s/agent_loop/slowest/generate_sequences:1.6852354959992226 - timing_s/agent_loop/slowest/tool_calls:0.0 - timing_s/agent_loop/slowest/compute_score:0.6775000350025948 - timing_s/agent_loop/slowest/num_preempted:-1 - timing_s/agent_loop/slowest/prompt_length:4477 - timing_s/agent_loop/slowest/response_length:9 - timing_s/gen:3.5488711910002166 - timing_s/reward:2.9781003831885755e-05 - timing_s/old_log_prob:14.551868490001652 - timing_s/ref:26.134679791000963 - timing_s/adv:0.016610993996437173 - timing_s/update_actor:53.54592858000251 - timing_s/update_weights:5.132057825998345 - timing_s/step:103.04802261899749 - timing_s/stop_profile:6.246299744816497e-05 - timing_per_token_ms/update_actor:0.02263197965629849 - timing_per_token_ms/ref:0.011046209432526408 - timing_per_token_ms/gen:0.29839999924327054 - timing_per_token_ms/adv:7.0208825986942085e-06 - perf/total_num_tokens:2365941 - perf/time_per_step:103.04802261899749 - perf/throughput:2869.9495389004987[36m(WorkerDict pid=480063)[0m INFO:2026-07-11 05:42:52,158:update_weights done, time cost: 3.29s
[36m(TaskRunner pid=469699)[0m Training Progress:  27%|██▋       | 20/75 [35:33<1:35:47, 104.50s/it]
[36m(WorkerDict pid=480063)[0m INFO:2026-07-11 05:44:48,558:update_weights done, time cost: 3.51s
[36m(TaskRunner pid=469699)[0m Training Progress:  28%|██▊       | 21/75 [37:29<1:37:13, 108.03s/it]
[36m(WorkerDict pid=480063)[0m INFO:2026-07-11 05:46:38,947:update_weights done, time cost: 3.13s
[36m(TaskRunner pid=469699)[0m Training Progress:  29%|██▉       | 22/75 [39:20<1:36:03, 108.75s/it]

[36m(TaskRunner pid=469699)[0m step:20 - global_seqlen/min:248449 - global_seqlen/max:413736 - global_seqlen/minmax_diff:165287 - global_seqlen/balanced_min:334993 - global_seqlen/balanced_max:335180 - global_seqlen/mean:335022.125 - actor/entropy:0.18820331990718842 - perf/mfu/actor_infer:0.3802824531293314 - actor/pg_clipfrac:0.0 - actor/ppo_kl:0.0 - actor/pg_clipfrac_lower:0.0 - actor/pg_loss:0.02507451524343196 - actor/kl_loss:0.007755251724817919 - actor/kl_coef:0.05000000000000001 - actor/loss:0.025462277233600616 - actor/grad_norm:1.2313288450241089 - actor/lr:5e-07 - perf/mfu/actor:0.29020645954952773 - training/global_step:20 - training/epoch:1 - critic/score/mean:0.15422703325748444 - critic/score/max:0.7084158658981323 - critic/score/min:0.0 - critic/rewards/mean:0.15422703325748444 - critic/rewards/max:0.7084158658981323 - critic/rewards/min:0.0 - critic/advantages/mean:-0.025074519217014313 - critic/advantages/max:3.7499780654907227 - critic/advantages/min:-2.0155396461486816 - critic/returns/mean:-0.025074519217014313 - critic/returns/max:3.7499780654907227 - critic/returns/min:-2.0155396461486816 - response_length/mean:10.9228515625 - response_length/max:399.0 - response_length/min:9.0 - response_length/clip_ratio:0.0 - response_length_non_aborted/mean:10.9228515625 - response_length_non_aborted/max:399.0 - response_length_non_aborted/min:9.0 - response_length_non_aborted/clip_ratio:0.0 - response/aborted_ratio:0.0 - prompt_length/mean:2606.4375 - prompt_length/max:7960.0 - prompt_length/min:558.0 - prompt_length/clip_ratio:0.0 - num_turns/min:2 - num_turns/max:2 - num_turns/mean:2.0 - timing_s/start_profile:6.293299520621076e-05 - timing_s/agent_loop/num_preempted/min:-1 - timing_s/agent_loop/num_preempted/max:-1 - timing_s/agent_loop/num_preempted/mean:-1.0 - timing_s/agent_loop/generate_sequences/min:0.8100527679998777 - timing_s/agent_loop/generate_sequences/max:3.143057346002024 - timing_s/agent_loop/generate_sequences/mean:1.656689257343679 - timing_s/agent_loop/tool_calls/min:0.0 - timing_s/agent_loop/tool_calls/max:0.0 - timing_s/agent_loop/tool_calls/mean:0.0 - timing_s/agent_loop/compute_score/min:0.003490025002975017 - timing_s/agent_loop/compute_score/max:0.6709932009980548 - timing_s/agent_loop/compute_score/mean:0.13734249947560784 - timing_s/agent_loop/slowest/generate_sequences:3.143057346002024 - timing_s/agent_loop/slowest/tool_calls:0.0 - timing_s/agent_loop/slowest/compute_score:0.005375398999603931 - timing_s/agent_loop/slowest/num_preempted:-1 - timing_s/agent_loop/slowest/prompt_length:563 - timing_s/agent_loop/slowest/response_length:399 - timing_s/gen:4.287517470998864 - timing_s/reward:2.750099520199001e-05 - timing_s/old_log_prob:16.159950369998114 - timing_s/ref:26.082513560002553 - timing_s/adv:0.01570892699965043 - timing_s/update_actor:57.93462972599809 - timing_s/update_weights:5.197272962002899 - timing_s/step:109.79218149799999 - timing_s/stop_profile:3.894199471687898e-05 - timing_per_token_ms/update_actor:0.021615971529491556 - timing_per_token_ms/ref:0.00973163845522238 - timing_per_token_ms/gen:0.3833274448814362 - timing_per_token_ms/adv:5.861152826716456e-06 - perf/total_num_tokens:2680177 - perf/time_per_step:109.79218149799999 - perf/throughput:3051.4206059937233
[36m(TaskRunner pid=469699)[0m step:21 - global_seqlen/min:128623 - global_seqlen/max:557453 - global_seqlen/minmax_diff:428830 - global_seqlen/balanced_min:366259 - global_seqlen/balanced_max:366260 - global_seqlen/mean:366259.25 - actor/entropy:0.22446109354496002 - perf/mfu/actor_infer:0.3887799843922701 - actor/pg_clipfrac:0.0 - actor/ppo_kl:0.0 - actor/pg_clipfrac_lower:0.0 - actor/pg_loss:0.002208772597441566 - actor/kl_loss:0.008328816233291354 - actor/kl_coef:0.05000000000000001 - actor/loss:0.0026252195239067078 - actor/grad_norm:1.2097558975219727 - actor/lr:5e-07 - perf/mfu/actor:0.296250380340757 - training/global_step:21 - training/epoch:1 - critic/score/mean:0.16922703385353088 - critic/score/max:0.7379146814346313 - critic/score/min:0.0 - critic/rewards/mean:0.16922703385353088 - critic/rewards/max:0.7379146814346313 - critic/rewards/min:0.0 - critic/advantages/mean:-0.0022087700199335814 - critic/advantages/max:3.749979019165039 - critic/advantages/min:-3.749925374984741 - critic/returns/mean:-0.0022087700199335814 - critic/returns/max:3.749979019165039 - critic/returns/min:-3.749925374984741 - response_length/mean:11.212890625 - response_length/max:17.0 - response_length/min:9.0 - response_length/clip_ratio:0.0 - response_length_non_aborted/mean:11.212890625 - response_length_non_aborted/max:17.0 - response_length_non_aborted/min:9.0 - response_length_non_aborted/clip_ratio:0.0 - response/aborted_ratio:0.0 - prompt_length/mean:2850.1875 - prompt_length/max:7886.0 - prompt_length/min:557.0 - prompt_length/clip_ratio:0.0 - num_turns/min:2 - num_turns/max:2 - num_turns/mean:2.0 - timing_s/start_profile:3.751100302906707e-05 - timing_s/agent_loop/num_preempted/min:-1 - timing_s/agent_loop/num_preempted/max:-1 - timing_s/agent_loop/num_preempted/mean:-1.0 - timing_s/agent_loop/generate_sequences/min:0.7995696239959216 - timing_s/agent_loop/generate_sequences/max:2.4868804900033865 - timing_s/agent_loop/generate_sequences/mean:1.717347857790891 - timing_s/agent_loop/tool_calls/min:0.0 - timing_s/agent_loop/tool_calls/max:0.0 - timing_s/agent_loop/tool_calls/mean:0.0 - timing_s/agent_loop/compute_score/min:0.003680704001453705 - timing_s/agent_loop/compute_score/max:0.5273456040013116 - timing_s/agent_loop/compute_score/mean:0.13510985555085853 - timing_s/agent_loop/slowest/generate_sequences:2.3483172779961023 - timing_s/agent_loop/slowest/tool_calls:0.0 - timing_s/agent_loop/slowest/compute_score:0.2015298080004868 - timing_s/agent_loop/slowest/num_preempted:-1 - timing_s/agent_loop/slowest/prompt_length:560 - timing_s/agent_loop/slowest/response_length:15 - timing_s/gen:3.773741720004182 - timing_s/reward:2.492099883966148e-05 - timing_s/old_log_prob:17.06105737499456 - timing_s/ref:27.123826778995863 - timing_s/adv:0.014914875995600596 - timing_s/update_actor:62.510670517003746 - timing_s/update_weights:5.268911099003162 - timing_s/step:116.22885669799871 - timing_s/stop_profile:4.434199945535511e-05 - timing_per_token_ms/update_actor:0.02133416102016664 - timing_per_token_ms/ref:0.009257044968487439 - timing_per_token_ms/gen:0.3286658874764137 - timing_per_token_ms/adv:5.090272803895259e-06 - perf/total_num_tokens:2930074 - perf/time_per_step:116.22885669799871 - perf/throughput:3151.1903360768965
[36m(TaskRunner pid=469699)[0m step:22 - global_seqlen/min:226234 - global_seqlen/max:433407 - global_seqlen/minmax_diff:207173 - global_seqlen/balanced_min:338899 - global_seqlen/balanced_max:338900 - global_seqlen/mean:338899.125 - actor/entropy:0.19977682828903198 - perf/mfu/actor_infer:0.38061936566710064 - actor/pg_clipfrac:0.0 - actor/ppo_kl:0.0 - actor/pg_clipfrac_lower:0.0 - actor/pg_loss:0.019395340648629043 - actor/kl_loss:0.009346034754525098 - actor/kl_coef:0.05000000000000001 - actor/loss:0.019862644374370575 - actor/grad_norm:1.1493885517120361 - actor/lr:5e-07 - perf/mfu/actor:0.2902708205570547 - training/global_step:22 - training/epoch:1 - critic/score/mean:0.14783875644207 - critic/score/max:0.7220930457115173 - critic/score/min:0.0 - critic/rewards/mean:0.14783875644207 - critic/rewards/max:0.7220930457115173 - critic/rewards/min:0.0 - critic/advantages/mean:-0.019395336508750916 - critic/advantages/max:3.7499773502349854 - critic/advantages/min:-3.749925374984741 - critic/returns/mean:-0.019395336508750916 - critic/returns/max:3.7499773502349854 - critic/returns/min:-3.749925374984741 - response_length/mean:10.9775390625 - response_length/max:17.0 - response_length/min:9.0 - response_length/clip_ratio:0.0 - response_length_non_aborted/mean:10.9775390625 - response_length_non_aborted/max:17.0 - response_length_non_aborted/min:9.0 - response_length_non_aborted/clip_ratio:0.0 - response/aborted_ratio:0.0 - prompt_length/mean:2636.671875 - prompt_length/max:8102.0 - prompt_length/min:556.0 - prompt_length/clip_ratio:0.0 - num_turns/min:2 - num_turns/max:2 - num_turns/mean:2.0 - timing_s/start_profile:3.8302001485135406e-05 - timing_s/agent_loop/num_preempted/min:-1 - timing_s/agent_loop/num_preempted/max:-1 - timing_s/agent_loop/num_preempted/mean:-1.0 - timing_s/agent_loop/generate_sequences/min:0.8122703890039702 - timing_s/agent_loop/generate_sequences/max:2.373589387003449 - timing_s/agent_loop/generate_sequences/mean:1.7227492872824826 - timing_s/agent_loop/tool_calls/min:0.0 - timing_s/agent_loop/tool_calls/max:0.0 - timing_s/agent_loop/tool_calls/mean:0.0 - timing_s/agent_loop/compute_score/min:0.0036261999994167127 - timing_s/agent_loop/compute_score/max:0.5571244219972868 - timing_s/agent_loop/compute_score/mean:0.1346511067011349 - timing_s/agent_loop/slowest/generate_sequences:1.9313001619957504 - timing_s/agent_loop/slowest/tool_calls:0.0 - timing_s/agent_loop/slowest/compute_score:0.49925178599369247 - timing_s/agent_loop/slowest/num_preempted:-1 - timing_s/agent_loop/slowest/prompt_length:563 - timing_s/agent_loop/slowest/response_length:15 - timing_s/gen:3.688015104002261 - timing_s/reward:4.1032995795831084e-05 - timing_s/old_log_prob:16.446705977999954 - timing_s/ref:26.169527999998536 - timing_s/adv:0.015605189997586422 - timing_s/update_actor:58.96425297399401 - timing_s/update_weights:4.992416314998991 - timing_s/step:110.42575303600461 - timing_s/stop_profile:3.851099609164521e-05 - timing_per_token_ms/update_actor:0.02174845279328842 - timing_per_token_ms/ref:0.009652403204050223 - timing_per_token_ms/gen:0.32808603362710265 - timing_per_token_ms/adv:5.755838849387123e-06 - perf/total_num_tokens:2711193 - perf/time_per_step:110.42575303600461 - perf/throughput:3069.0225394206823[36m(WorkerDict pid=480063)[0m INFO:2026-07-11 05:48:24,799:update_weights done, time cost: 3.25s
[36m(TaskRunner pid=469699)[0m Training Progress:  31%|███       | 23/75 [41:06<1:33:29, 107.88s/it]
[36m(WorkerDict pid=480063)[0m INFO:2026-07-11 05:50:14,442:update_weights done, time cost: 3.28s
[36m(TaskRunner pid=469699)[0m Training Progress:  32%|███▏      | 24/75 [42:55<1:32:08, 108.41s/it]
[36m(WorkerDict pid=480063)[0m INFO:2026-07-11 05:51:57,829:update_weights done, time cost: 3.25s
[36m(TaskRunner pid=469699)[0m Training Progress:  33%|███▎      | 25/75 [44:39<1:29:05, 106.92s/it]

[36m(TaskRunner pid=469699)[0m step:23 - global_seqlen/min:140330 - global_seqlen/max:472243 - global_seqlen/minmax_diff:331913 - global_seqlen/balanced_min:308443 - global_seqlen/balanced_max:308444 - global_seqlen/mean:308443.375 - actor/entropy:0.2427631914615631 - perf/mfu/actor_infer:0.37019882928579134 - actor/pg_clipfrac:0.0 - actor/ppo_kl:0.0 - actor/pg_clipfrac_lower:0.0 - actor/pg_loss:-0.020444569249889355 - actor/kl_loss:0.010435984638863617 - actor/kl_coef:0.05000000000000001 - actor/loss:-0.019922766834497452 - actor/grad_norm:1.7361266613006592 - actor/lr:5e-07 - perf/mfu/actor:0.28153439590006 - training/global_step:23 - training/epoch:1 - critic/score/mean:0.15100590884685516 - critic/score/max:0.7233421802520752 - critic/score/min:0.0 - critic/rewards/mean:0.15100590884685516 - critic/rewards/max:0.7233421802520752 - critic/rewards/min:0.0 - critic/advantages/mean:0.020444566383957863 - critic/advantages/max:3.7499794960021973 - critic/advantages/min:-3.749925374984741 - critic/returns/mean:0.020444566383957863 - critic/returns/max:3.7499794960021973 - critic/returns/min:-3.749925374984741 - response_length/mean:11.3388671875 - response_length/max:17.0 - response_length/min:9.0 - response_length/clip_ratio:0.0 - response_length_non_aborted/mean:11.3388671875 - response_length_non_aborted/max:17.0 - response_length_non_aborted/min:9.0 - response_length_non_aborted/clip_ratio:0.0 - response/aborted_ratio:0.0 - prompt_length/mean:2398.375 - prompt_length/max:7695.0 - prompt_length/min:557.0 - prompt_length/clip_ratio:0.0 - num_turns/min:2 - num_turns/max:2 - num_turns/mean:2.0 - timing_s/start_profile:3.958200250053778e-05 - timing_s/agent_loop/num_preempted/min:-1 - timing_s/agent_loop/num_preempted/max:-1 - timing_s/agent_loop/num_preempted/mean:-1.0 - timing_s/agent_loop/generate_sequences/min:0.7447474610016798 - timing_s/agent_loop/generate_sequences/max:2.3451300939996145 - timing_s/agent_loop/generate_sequences/mean:1.6223424091876737 - timing_s/agent_loop/tool_calls/min:0.0 - timing_s/agent_loop/tool_calls/max:0.0 - timing_s/agent_loop/tool_calls/mean:0.0 - timing_s/agent_loop/compute_score/min:0.003258992997871246 - timing_s/agent_loop/compute_score/max:0.7007555689997389 - timing_s/agent_loop/compute_score/mean:0.16851454585043513 - timing_s/agent_loop/slowest/generate_sequences:1.7417418330005603 - timing_s/agent_loop/slowest/tool_calls:0.0 - timing_s/agent_loop/slowest/compute_score:0.6795899150019977 - timing_s/agent_loop/slowest/num_preempted:-1 - timing_s/agent_loop/slowest/prompt_length:7085 - timing_s/agent_loop/slowest/response_length:9 - timing_s/gen:3.617426967000938 - timing_s/reward:2.8212001780048013e-05 - timing_s/old_log_prob:15.043306904997735 - timing_s/ref:26.646886113005166 - timing_s/adv:0.014814226997259539 - timing_s/update_actor:55.35274530499737 - timing_s/update_weights:5.019427432001976 - timing_s/step:105.81145273600123 - timing_s/stop_profile:3.834199742414057e-05 - timing_per_token_ms/update_actor:0.022432296246027886 - timing_per_token_ms/ref:0.010798937614158987 - timing_per_token_ms/gen:0.31155171535620857 - timing_per_token_ms/adv:6.003625056487085e-06 - perf/total_num_tokens:2467547 - perf/time_per_step:105.81145273600123 - perf/throughput:2915.028260405458
[36m(TaskRunner pid=469699)[0m step:24 - global_seqlen/min:140388 - global_seqlen/max:456089 - global_seqlen/minmax_diff:315701 - global_seqlen/balanced_min:327009 - global_seqlen/balanced_max:327010 - global_seqlen/mean:327009.625 - actor/entropy:0.22863511741161346 - perf/mfu/actor_infer:0.37638444555255485 - actor/pg_clipfrac:0.0 - actor/ppo_kl:0.0 - actor/pg_clipfrac_lower:0.0 - actor/pg_loss:0.017171669544040924 - actor/kl_loss:0.012060078960831134 - actor/kl_coef:0.05000000000000001 - actor/loss:0.0177746769040823 - actor/grad_norm:1.0854294300079346 - actor/lr:5e-07 - perf/mfu/actor:0.28651822236229657 - training/global_step:24 - training/epoch:1 - critic/score/mean:0.14218905568122864 - critic/score/max:0.7229032516479492 - critic/score/min:0.0 - critic/rewards/mean:0.14218905568122864 - critic/rewards/max:0.7229032516479492 - critic/rewards/min:0.0 - critic/advantages/mean:-0.017171671614050865 - critic/advantages/max:3.74997878074646 - critic/advantages/min:-3.749925374984741 - critic/returns/mean:-0.017171671614050865 - critic/returns/max:3.74997878074646 - critic/returns/min:-3.749925374984741 - response_length/mean:11.3408203125 - response_length/max:17.0 - response_length/min:9.0 - response_length/clip_ratio:0.0 - response_length_non_aborted/mean:11.3408203125 - response_length_non_aborted/max:17.0 - response_length_non_aborted/min:9.0 - response_length_non_aborted/clip_ratio:0.0 - response/aborted_ratio:0.0 - prompt_length/mean:2543.421875 - prompt_length/max:7777.0 - prompt_length/min:556.0 - prompt_length/clip_ratio:0.0 - num_turns/min:2 - num_turns/max:2 - num_turns/mean:2.0 - timing_s/start_profile:4.278199776308611e-05 - timing_s/agent_loop/num_preempted/min:-1 - timing_s/agent_loop/num_preempted/max:-1 - timing_s/agent_loop/num_preempted/mean:-1.0 - timing_s/agent_loop/generate_sequences/min:0.8239120209982502 - timing_s/agent_loop/generate_sequences/max:2.530507169001794 - timing_s/agent_loop/generate_sequences/mean:1.8593607983866889 - timing_s/agent_loop/tool_calls/min:0.0 - timing_s/agent_loop/tool_calls/max:0.0 - timing_s/agent_loop/tool_calls/mean:0.0 - timing_s/agent_loop/compute_score/min:0.0035667679985635914 - timing_s/agent_loop/compute_score/max:0.37643307499820367 - timing_s/agent_loop/compute_score/mean:0.08442691401562996 - timing_s/agent_loop/slowest/generate_sequences:2.3683812500021304 - timing_s/agent_loop/slowest/tool_calls:0.0 - timing_s/agent_loop/slowest/compute_score:0.23921695000171894 - timing_s/agent_loop/slowest/num_preempted:-1 - timing_s/agent_loop/slowest/prompt_length:556 - timing_s/agent_loop/slowest/response_length:14 - timing_s/gen:3.9364009149940102 - timing_s/reward:3.81419959012419e-05 - timing_s/old_log_prob:16.06069079900044 - timing_s/ref:26.34256668099988 - timing_s/adv:0.014753502000530716 - timing_s/update_actor:58.01181226799963 - timing_s/update_weights:5.117806133996055 - timing_s/step:109.63484699400578 - timing_s/stop_profile:3.761200059670955e-05 - timing_per_token_ms/update_actor:0.02217511650765617 - timing_per_token_ms/ref:0.010069492098665245 - timing_per_token_ms/gen:0.33896503186032984 - timing_per_token_ms/adv:5.6395518941264785e-06 - perf/total_num_tokens:2616077 - perf/time_per_step:109.63484699400578 - perf/throughput:2982.7161159615525
[36m(TaskRunner pid=469699)[0m step:25 - global_seqlen/min:186345 - global_seqlen/max:428326 - global_seqlen/minmax_diff:241981 - global_seqlen/balanced_min:298581 - global_seqlen/balanced_max:298581 - global_seqlen/mean:298581.0 - actor/entropy:0.22998307645320892 - perf/mfu/actor_infer:0.3683662467478181 - actor/pg_clipfrac:0.0 - actor/ppo_kl:0.0 - actor/pg_clipfrac_lower:0.0 - actor/pg_loss:-0.0010949837463853848 - actor/kl_loss:0.012398871556606447 - actor/kl_coef:0.05000000000000001 - actor/loss:-0.0004750400548800826 - actor/grad_norm:1.294792890548706 - actor/lr:5e-07 - perf/mfu/actor:0.27847726439897846 - training/global_step:25 - training/epoch:1 - critic/score/mean:0.13399098813533783 - critic/score/max:0.7319999933242798 - critic/score/min:0.0 - critic/rewards/mean:0.13399098813533783 - critic/rewards/max:0.7319999933242798 - critic/rewards/min:0.0 - critic/advantages/mean:0.0010949847055599093 - critic/advantages/max:3.749979019165039 - critic/advantages/min:-2.0106711387634277 - critic/returns/mean:0.0010949847055599093 - critic/returns/max:3.749979019165039 - critic/returns/min:-2.0106711387634277 - response_length/mean:11.3515625 - response_length/max:17.0 - response_length/min:9.0 - response_length/clip_ratio:0.0 - response_length_non_aborted/mean:11.3515625 - response_length_non_aborted/max:17.0 - response_length_non_aborted/min:9.0 - response_length_non_aborted/clip_ratio:0.0 - response/aborted_ratio:0.0 - prompt_length/mean:2321.3125 - prompt_length/max:7543.0 - prompt_length/min:557.0 - prompt_length/clip_ratio:0.0 - num_turns/min:2 - num_turns/max:2 - num_turns/mean:2.0 - timing_s/start_profile:3.980199835496023e-05 - timing_s/agent_loop/num_preempted/min:-1 - timing_s/agent_loop/num_preempted/max:-1 - timing_s/agent_loop/num_preempted/mean:-1.0 - timing_s/agent_loop/generate_sequences/min:0.7706658509996487 - timing_s/agent_loop/generate_sequences/max:2.345227714999055 - timing_s/agent_loop/generate_sequences/mean:1.6610873698543784 - timing_s/agent_loop/tool_calls/min:0.0 - timing_s/agent_loop/tool_calls/max:0.0 - timing_s/agent_loop/tool_calls/mean:0.0 - timing_s/agent_loop/compute_score/min:0.003987659001722932 - timing_s/agent_loop/compute_score/max:0.7156148120047874 - timing_s/agent_loop/compute_score/mean:0.17985619038363154 - timing_s/agent_loop/slowest/generate_sequences:1.7051710779996938 - timing_s/agent_loop/slowest/tool_calls:0.0 - timing_s/agent_loop/slowest/compute_score:0.6755948820064077 - timing_s/agent_loop/slowest/num_preempted:-1 - timing_s/agent_loop/slowest/prompt_length:7352 - timing_s/agent_loop/slowest/response_length:9 - timing_s/gen:3.587222873000428 - timing_s/reward:2.4460998247377574e-05 - timing_s/old_log_prob:14.618742504993861 - timing_s/ref:26.12668276399927 - timing_s/adv:0.014934325001377147 - timing_s/update_actor:53.87512119800522 - timing_s/update_weights:5.068298524995043 - timing_s/step:103.40612833100022 - timing_s/stop_profile:4.768300277646631e-05 - timing_per_token_ms/update_actor:0.022554650663473737 - timing_per_token_ms/ref:0.010937853867124528 - timing_per_token_ms/gen:0.3086048583104291 - timing_per_token_ms/adv:6.252208362796505e-06 - perf/total_num_tokens:2388648 - perf/time_per_step:103.40612833100022 - perf/throughput:2887.4594264302236[36m(WorkerDict pid=480063)[0m INFO:2026-07-11 05:53:38,751:update_weights done, time cost: 3.33s
[36m(TaskRunner pid=469699)[0m Training Progress:  35%|███▍      | 26/75 [46:20<1:25:49, 105.10s/it]
[36m(WorkerDict pid=480063)[0m INFO:2026-07-11 05:55:21,284:update_weights done, time cost: 3.31s
[36m(TaskRunner pid=469699)[0m Training Progress:  36%|███▌      | 27/75 [48:02<1:23:29, 104.36s/it]
[36m(WorkerDict pid=480063)[0m INFO:2026-07-11 05:57:05,569:update_weights done, time cost: 3.14s
[36m(TaskRunner pid=469699)[0m Training Progress:  37%|███▋      | 28/75 [49:46<1:21:42, 104.31s/it]

[36m(TaskRunner pid=469699)[0m step:26 - global_seqlen/min:170111 - global_seqlen/max:355541 - global_seqlen/minmax_diff:185430 - global_seqlen/balanced_min:286315 - global_seqlen/balanced_max:286316 - global_seqlen/mean:286315.25 - actor/entropy:0.20819754898548126 - perf/mfu/actor_infer:0.3634323882498233 - actor/pg_clipfrac:0.0 - actor/ppo_kl:0.0 - actor/pg_clipfrac_lower:0.0 - actor/pg_loss:-0.011805720532720443 - actor/kl_loss:0.01762786095325182 - actor/kl_coef:0.05000000000000001 - actor/loss:-0.0109243243932724 - actor/grad_norm:1.4923754930496216 - actor/lr:5e-07 - perf/mfu/actor:0.27611369116147993 - training/global_step:26 - training/epoch:1 - critic/score/mean:0.1429673284292221 - critic/score/max:0.737942099571228 - critic/score/min:0.0 - critic/rewards/mean:0.1429673284292221 - critic/rewards/max:0.737942099571228 - critic/rewards/min:0.0 - critic/advantages/mean:0.011805721558630466 - critic/advantages/max:3.74997878074646 - critic/advantages/min:-2.5617005825042725 - critic/returns/mean:0.011805721558630466 - critic/returns/max:3.74997878074646 - critic/returns/min:-2.5617005825042725 - response_length/mean:11.009765625 - response_length/max:17.0 - response_length/min:9.0 - response_length/clip_ratio:0.0 - response_length_non_aborted/mean:11.009765625 - response_length_non_aborted/max:17.0 - response_length_non_aborted/min:9.0 - response_length_non_aborted/clip_ratio:0.0 - response/aborted_ratio:0.0 - prompt_length/mean:2225.828125 - prompt_length/max:7665.0 - prompt_length/min:556.0 - prompt_length/clip_ratio:0.0 - num_turns/min:2 - num_turns/max:2 - num_turns/mean:2.0 - timing_s/start_profile:6.055300036678091e-05 - timing_s/agent_loop/num_preempted/min:-1 - timing_s/agent_loop/num_preempted/max:-1 - timing_s/agent_loop/num_preempted/mean:-1.0 - timing_s/agent_loop/generate_sequences/min:0.8362481820004177 - timing_s/agent_loop/generate_sequences/max:2.281979097999283 - timing_s/agent_loop/generate_sequences/mean:1.7067124455546576 - timing_s/agent_loop/tool_calls/min:0.0 - timing_s/agent_loop/tool_calls/max:0.0 - timing_s/agent_loop/tool_calls/mean:0.0 - timing_s/agent_loop/compute_score/min:0.0038473309978144243 - timing_s/agent_loop/compute_score/max:0.2809932489981293 - timing_s/agent_loop/compute_score/mean:0.08516268020507312 - timing_s/agent_loop/slowest/generate_sequences:2.040145812999981 - timing_s/agent_loop/slowest/tool_calls:0.0 - timing_s/agent_loop/slowest/compute_score:0.27898362000269117 - timing_s/agent_loop/slowest/num_preempted:-1 - timing_s/agent_loop/slowest/prompt_length:670 - timing_s/agent_loop/slowest/response_length:15 - timing_s/gen:3.6509400169961737 - timing_s/reward:2.6221001462545246e-05 - timing_s/old_log_prob:14.45588659200439 - timing_s/ref:25.70017633899988 - timing_s/adv:0.016050199999881443 - timing_s/update_actor:51.79454527999769 - timing_s/update_weights:5.115691393999441 - timing_s/step:100.84860672200011 - timing_s/stop_profile:4.050200368510559e-05 - timing_per_token_ms/update_actor:0.022612550885779615 - timing_per_token_ms/ref:0.011220226803759092 - timing_per_token_ms/gen:0.3238371489263947 - timing_per_token_ms/adv:7.007223680838447e-06 - perf/total_num_tokens:2290522 - perf/time_per_step:100.84860672200011 - perf/throughput:2839.060045611323
[36m(TaskRunner pid=469699)[0m step:27 - global_seqlen/min:108417 - global_seqlen/max:358935 - global_seqlen/minmax_diff:250518 - global_seqlen/balanced_min:284219 - global_seqlen/balanced_max:284220 - global_seqlen/mean:284219.375 - actor/entropy:0.24377858638763428 - perf/mfu/actor_infer:0.35954359043854417 - actor/pg_clipfrac:0.0 - actor/ppo_kl:0.0 - actor/pg_clipfrac_lower:0.0 - actor/pg_loss:-0.011128879385069013 - actor/kl_loss:0.016757382735801962 - actor/kl_coef:0.05000000000000001 - actor/loss:-0.010291012935340405 - actor/grad_norm:1.7547011375427246 - actor/lr:5e-07 - perf/mfu/actor:0.27230894741038025 - training/global_step:27 - training/epoch:1 - critic/score/mean:0.1431572288274765 - critic/score/max:0.762499988079071 - critic/score/min:0.0 - critic/rewards/mean:0.1431572288274765 - critic/rewards/max:0.762499988079071 - critic/rewards/min:0.0 - critic/advantages/mean:0.011128879152238369 - critic/advantages/max:3.749978542327881 - critic/advantages/min:-2.5333199501037598 - critic/returns/mean:0.011128879152238369 - critic/returns/max:3.749978542327881 - critic/returns/min:-2.5333199501037598 - response_length/mean:11.5576171875 - response_length/max:19.0 - response_length/min:9.0 - response_length/clip_ratio:0.0 - response_length_non_aborted/mean:11.5576171875 - response_length_non_aborted/max:19.0 - response_length_non_aborted/min:9.0 - response_length_non_aborted/clip_ratio:0.0 - response/aborted_ratio:0.0 - prompt_length/mean:2208.90625 - prompt_length/max:8156.0 - prompt_length/min:556.0 - prompt_length/clip_ratio:0.0 - num_turns/min:2 - num_turns/max:2 - num_turns/mean:2.0 - timing_s/start_profile:4.4522006646730006e-05 - timing_s/agent_loop/num_preempted/min:-1 - timing_s/agent_loop/num_preempted/max:-1 - timing_s/agent_loop/num_preempted/mean:-1.0 - timing_s/agent_loop/generate_sequences/min:0.7035248839965789 - timing_s/agent_loop/generate_sequences/max:2.1395281629957026 - timing_s/agent_loop/generate_sequences/mean:1.5515253129237792 - timing_s/agent_loop/tool_calls/min:0.0 - timing_s/agent_loop/tool_calls/max:0.0 - timing_s/agent_loop/tool_calls/mean:0.0 - timing_s/agent_loop/compute_score/min:0.003461101994616911 - timing_s/agent_loop/compute_score/max:0.5686774849964422 - timing_s/agent_loop/compute_score/mean:0.16653228204875603 - timing_s/agent_loop/slowest/generate_sequences:1.6429565860016737 - timing_s/agent_loop/slowest/tool_calls:0.0 - timing_s/agent_loop/slowest/compute_score:0.5346116299988353 - timing_s/agent_loop/slowest/num_preempted:-1 - timing_s/agent_loop/slowest/prompt_length:1387 - timing_s/agent_loop/slowest/response_length:15 - timing_s/gen:3.4545977949965163 - timing_s/reward:2.9071001335978508e-05 - timing_s/old_log_prob:14.646267977004754 - timing_s/ref:26.09186143000261 - timing_s/adv:0.015036089993373025 - timing_s/update_actor:53.123922826001944 - timing_s/update_weights:5.119577684003161 - timing_s/step:102.60596708799858 - timing_s/stop_profile:3.829100023722276e-05 - timing_per_token_ms/update_actor:0.02336396086033981 - timing_per_token_ms/ref:0.0114752299302267 - timing_per_token_ms/gen:0.29189672961525276 - timing_per_token_ms/adv:6.61288924856593e-06 - perf/total_num_tokens:2273755 - perf/time_per_step:102.60596708799858 - perf/throughput:2770.0082467547254
[36m(TaskRunner pid=469699)[0m step:28 - global_seqlen/min:117020 - global_seqlen/max:472535 - global_seqlen/minmax_diff:355515 - global_seqlen/balanced_min:306787 - global_seqlen/balanced_max:306787 - global_seqlen/mean:306787.0 - actor/entropy:0.23363299667835236 - perf/mfu/actor_infer:0.3711533780317795 - actor/pg_clipfrac:0.0 - actor/ppo_kl:0.0 - actor/pg_clipfrac_lower:0.0 - actor/pg_loss:-0.0024421254702247097 - actor/kl_loss:0.013610272963789846 - actor/kl_coef:0.05000000000000001 - actor/loss:-0.0017616082914173603 - actor/grad_norm:1.3291964530944824 - actor/lr:5e-07 - perf/mfu/actor:0.2822970716240938 - training/global_step:28 - training/epoch:1 - critic/score/mean:0.1554775983095169 - critic/score/max:0.7190954685211182 - critic/score/min:0.0 - critic/rewards/mean:0.1554775983095169 - critic/rewards/max:0.7190954685211182 - critic/rewards/min:0.0 - critic/advantages/mean:0.002442126628011465 - critic/advantages/max:3.749976396560669 - critic/advantages/min:-2.5262720584869385 - critic/returns/mean:0.002442126628011465 - critic/returns/max:3.749976396560669 - critic/returns/min:-2.5262720584869385 - response_length/mean:11.3984375 - response_length/max:17.0 - response_length/min:9.0 - response_length/clip_ratio:0.0 - response_length_non_aborted/mean:11.3984375 - response_length_non_aborted/max:17.0 - response_length_non_aborted/min:9.0 - response_length_non_aborted/clip_ratio:0.0 - response/aborted_ratio:0.0 - prompt_length/mean:2385.375 - prompt_length/max:6819.0 - prompt_length/min:557.0 - prompt_length/clip_ratio:0.0 - num_turns/min:2 - num_turns/max:2 - num_turns/mean:2.0 - timing_s/start_profile:5.835200136061758e-05 - timing_s/agent_loop/num_preempted/min:-1 - timing_s/agent_loop/num_preempted/max:-1 - timing_s/agent_loop/num_preempted/mean:-1.0 - timing_s/agent_loop/generate_sequences/min:0.7154065390059259 - timing_s/agent_loop/generate_sequences/max:2.323174197001208 - timing_s/agent_loop/generate_sequences/mean:1.6068731538681433 - timing_s/agent_loop/tool_calls/min:0.0 - timing_s/agent_loop/tool_calls/max:0.0 - timing_s/agent_loop/tool_calls/mean:0.0 - timing_s/agent_loop/compute_score/min:0.0035989399984828196 - timing_s/agent_loop/compute_score/max:0.6970021309971344 - timing_s/agent_loop/compute_score/mean:0.16315901508497888 - timing_s/agent_loop/slowest/generate_sequences:1.8517582929998753 - timing_s/agent_loop/slowest/tool_calls:0.0 - timing_s/agent_loop/slowest/compute_score:0.5362583389942301 - timing_s/agent_loop/slowest/num_preempted:-1 - timing_s/agent_loop/slowest/prompt_length:5325 - timing_s/agent_loop/slowest/response_length:9 - timing_s/gen:3.6020817039971007 - timing_s/reward:2.5351000658702105e-05 - timing_s/old_log_prob:14.805209357997228 - timing_s/ref:26.129086597000423 - timing_s/adv:0.01474969700211659 - timing_s/update_actor:54.55089559299813 - timing_s/update_weights:4.944915137995849 - timing_s/step:104.16416703700088 - timing_s/stop_profile:4.1302002500742674e-05 - timing_per_token_ms/update_actor:0.022226697836364533 - timing_per_token_ms/ref:0.010646265404417569 - timing_per_token_ms/gen:0.30860878204224645 - timing_per_token_ms/adv:6.0097465839966295e-06 - perf/total_num_tokens:2454296 - perf/time_per_step:104.16416703700088 - perf/throughput:2945.225874950107[36m(WorkerDict pid=480063)[0m INFO:2026-07-11 05:58:49,569:update_weights done, time cost: 3.32s
[36m(TaskRunner pid=469699)[0m Training Progress:  39%|███▊      | 29/75 [51:30<1:19:53, 104.21s/it]
[36m(WorkerDict pid=480064)[0m INFO:2026-07-11 06:00:34,967:[Rank 1] Saved model to /workspace/verl-x/budget-rl-training-repro/outputs/rl_pct30e5_kl005_central_lam1_seed42/global_step_30/actor/model_world_size_8_rank_1.pt
[36m(WorkerDict pid=480064)[0m INFO:2026-07-11 06:00:43,177:[Rank 1] Saved optim to /workspace/verl-x/budget-rl-training-repro/outputs/rl_pct30e5_kl005_central_lam1_seed42/global_step_30/actor/optim_world_size_8_rank_1.pt
[36m(WorkerDict pid=480064)[0m INFO:2026-07-11 06:00:43,178:[Rank 1] Saved extra_state to /workspace/verl-x/budget-rl-training-repro/outputs/rl_pct30e5_kl005_central_lam1_seed42/global_step_30/actor/extra_state_world_size_8_rank_1.pt
[36m(WorkerDict pid=480070)[0m INFO:2026-07-11 06:00:34,968:[Rank 7] Saved model to /workspace/verl-x/budget-rl-training-repro/outputs/rl_pct30e5_kl005_central_lam1_seed42/global_step_30/actor/model_world_size_8_rank_7.pt[32m [repeated 7x across cluster][0m
[36m(WorkerDict pid=480063)[0m INFO:2026-07-11 06:00:43,404:[Rank 0] Saved model config and tokenizer class to /workspace/verl-x/budget-rl-training-repro/outputs/rl_pct30e5_kl005_central_lam1_seed42/global_step_30/actor/huggingface
[36m(WorkerDict pid=480063)[0m INFO:2026-07-11 06:00:47,632:update_weights done, time cost: 3.17s
[36m(TaskRunner pid=469699)[0m Training Progress:  40%|████      | 30/75 [53:29<1:21:18, 108.41s/it]
[36m(WorkerDict pid=480069)[0m INFO:2026-07-11 06:00:43,768:[Rank 6] Saved optim to /workspace/verl-x/budget-rl-training-repro/outputs/rl_pct30e5_kl005_central_lam1_seed42/global_step_30/actor/optim_world_size_8_rank_6.pt[32m [repeated 7x across cluster][0m
[36m(WorkerDict pid=480069)[0m INFO:2026-07-11 06:00:43,769:[Rank 6] Saved extra_state to /workspace/verl-x/budget-rl-training-repro/outputs/rl_pct30e5_kl005_central_lam1_seed42/global_step_30/actor/extra_state_world_size_8_rank_6.pt[32m [repeated 7x across cluster][0m
[36m(WorkerDict pid=480063)[0m INFO:2026-07-11 06:02:36,611:update_weights done, time cost: 3.35s
[36m(TaskRunner pid=469699)[0m Training Progress:  41%|████▏     | 31/75 [55:17<1:19:35, 108.54s/it]

[36m(TaskRunner pid=469699)[0m step:29 - global_seqlen/min:157746 - global_seqlen/max:439454 - global_seqlen/minmax_diff:281708 - global_seqlen/balanced_min:304162 - global_seqlen/balanced_max:304163 - global_seqlen/mean:304162.875 - actor/entropy:0.20297597348690033 - perf/mfu/actor_infer:0.3706381505807415 - actor/pg_clipfrac:0.0 - actor/ppo_kl:0.0 - actor/pg_clipfrac_lower:0.0 - actor/pg_loss:0.00028130970895290375 - actor/kl_loss:0.01622557300033805 - actor/kl_coef:0.05000000000000001 - actor/loss:0.001092586200684309 - actor/grad_norm:0.9872390627861023 - actor/lr:5e-07 - perf/mfu/actor:0.28162044732777003 - training/global_step:29 - training/epoch:1 - critic/score/mean:0.16730338335037231 - critic/score/max:0.7273972630500793 - critic/score/min:0.0 - critic/rewards/mean:0.16730338335037231 - critic/rewards/max:0.7273972630500793 - critic/rewards/min:0.0 - critic/advantages/mean:-0.0002813067985698581 - critic/advantages/max:3.7499780654907227 - critic/advantages/min:-2.5518388748168945 - critic/returns/mean:-0.0002813067985698581 - critic/returns/max:3.7499780654907227 - critic/returns/min:-2.5518388748168945 - response_length/mean:10.9912109375 - response_length/max:19.0 - response_length/min:9.0 - response_length/clip_ratio:0.0 - response_length_non_aborted/mean:10.9912109375 - response_length_non_aborted/max:19.0 - response_length_non_aborted/min:9.0 - response_length_non_aborted/clip_ratio:0.0 - response/aborted_ratio:0.0 - prompt_length/mean:2365.28125 - prompt_length/max:7038.0 - prompt_length/min:557.0 - prompt_length/clip_ratio:0.0 - num_turns/min:2 - num_turns/max:2 - num_turns/mean:2.0 - timing_s/start_profile:5.223300104262307e-05 - timing_s/agent_loop/num_preempted/min:-1 - timing_s/agent_loop/num_preempted/max:-1 - timing_s/agent_loop/num_preempted/mean:-1.0 - timing_s/agent_loop/generate_sequences/min:0.8064615310067893 - timing_s/agent_loop/generate_sequences/max:2.314314204006223 - timing_s/agent_loop/generate_sequences/mean:1.6385605782833608 - timing_s/agent_loop/tool_calls/min:0.0 - timing_s/agent_loop/tool_calls/max:0.0 - timing_s/agent_loop/tool_calls/mean:0.0 - timing_s/agent_loop/compute_score/min:0.003426579998631496 - timing_s/agent_loop/compute_score/max:0.6242571969996789 - timing_s/agent_loop/compute_score/mean:0.16117299267186525 - timing_s/agent_loop/slowest/generate_sequences:1.8882876930001657 - timing_s/agent_loop/slowest/tool_calls:0.0 - timing_s/agent_loop/slowest/compute_score:0.47221880000142846 - timing_s/agent_loop/slowest/num_preempted:-1 - timing_s/agent_loop/slowest/prompt_length:559 - timing_s/agent_loop/slowest/response_length:15 - timing_s/gen:3.614841857997817 - timing_s/reward:2.5321001885458827e-05 - timing_s/old_log_prob:15.104097218994866 - timing_s/ref:25.692143918997317 - timing_s/adv:0.014976776998082642 - timing_s/update_actor:54.30164163200243 - timing_s/update_weights:5.120499391996418 - timing_s/step:103.96338253800059 - timing_s/stop_profile:3.808199835475534e-05 - timing_per_token_ms/update_actor:0.02231602132245858 - timing_per_token_ms/ref:0.010558546929419524 - timing_per_token_ms/gen:0.32117653114152084 - timing_per_token_ms/adv:6.154916587898277e-06 - perf/total_num_tokens:2433303 - perf/time_per_step:103.96338253800059 - perf/throughput:2925.6731319685823
[36m(TaskRunner pid=469699)[0m local_global_step_folder: /workspace/verl-x/budget-rl-training-repro/outputs/rl_pct30e5_kl005_central_lam1_seed42/global_step_30
[36m(TaskRunner pid=469699)[0m step:30 - global_seqlen/min:185244 - global_seqlen/max:491276 - global_seqlen/minmax_diff:306032 - global_seqlen/balanced_min:306823 - global_seqlen/balanced_max:306824 - global_seqlen/mean:306823.25 - actor/entropy:0.20908570289611816 - perf/mfu/actor_infer:0.36984980685846364 - actor/pg_clipfrac:0.0 - actor/ppo_kl:0.0 - actor/pg_clipfrac_lower:0.0 - actor/pg_loss:-0.0031360273060272448 - actor/kl_loss:0.01761142774868723 - actor/kl_coef:0.05000000000000001 - actor/loss:-0.0022554555907845497 - actor/grad_norm:1.14326012134552 - actor/lr:5e-07 - perf/mfu/actor:0.2816791321751812 - training/global_step:30 - training/epoch:1 - critic/score/mean:0.1527843326330185 - critic/score/max:0.7363636493682861 - critic/score/min:0.0 - critic/rewards/mean:0.1527843326330185 - critic/rewards/max:0.7363636493682861 - critic/rewards/min:0.0 - critic/advantages/mean:0.003136029466986656 - critic/advantages/max:3.749976396560669 - critic/advantages/min:-1.4229329824447632 - critic/returns/mean:0.003136029466986656 - critic/returns/max:3.749976396560669 - critic/returns/min:-1.4229329824447632 - response_length/mean:11.306640625 - response_length/max:17.0 - response_length/min:9.0 - response_length/clip_ratio:0.0 - response_length_non_aborted/mean:11.306640625 - response_length_non_aborted/max:17.0 - response_length_non_aborted/min:9.0 - response_length_non_aborted/clip_ratio:0.0 - response/aborted_ratio:0.0 - prompt_length/mean:2385.75 - prompt_length/max:7448.0 - prompt_length/min:557.0 - prompt_length/clip_ratio:0.0 - num_turns/min:2 - num_turns/max:2 - num_turns/mean:2.0 - timing_s/start_profile:3.777200618060306e-05 - timing_s/agent_loop/num_preempted/min:-1 - timing_s/agent_loop/num_preempted/max:-1 - timing_s/agent_loop/num_preempted/mean:-1.0 - timing_s/agent_loop/generate_sequences/min:0.8100094789988361 - timing_s/agent_loop/generate_sequences/max:2.892998023002292 - timing_s/agent_loop/generate_sequences/mean:1.6752018169052363 - timing_s/agent_loop/tool_calls/min:0.0 - timing_s/agent_loop/tool_calls/max:0.0 - timing_s/agent_loop/tool_calls/mean:0.0 - timing_s/agent_loop/compute_score/min:0.003411969002627302 - timing_s/agent_loop/compute_score/max:1.20905600500555 - timing_s/agent_loop/compute_score/mean:0.20249139692573692 - timing_s/agent_loop/slowest/generate_sequences:1.8194175600001472 - timing_s/agent_loop/slowest/tool_calls:0.0 - timing_s/agent_loop/slowest/compute_score:1.1223492560020532 - timing_s/agent_loop/slowest/num_preempted:-1 - timing_s/agent_loop/slowest/prompt_length:2682 - timing_s/agent_loop/slowest/response_length:9 - timing_s/gen:4.136358443000063 - timing_s/reward:2.3350999981630594e-05 - timing_s/old_log_prob:14.974436241005606 - timing_s/ref:26.158469521004008 - timing_s/adv:0.015013903001090512 - timing_s/update_actor:54.7011314429983 - timing_s/save_checkpoint:13.336658973996236 - timing_s/update_weights:4.755850363995705 - timing_s/step:118.19349666500057 - timing_s/stop_profile:3.812200156971812e-05 - timing_per_token_ms/update_actor:0.02228527802366603 - timing_per_token_ms/ref:0.010656978211805987 - timing_per_token_ms/gen:0.3572601868198361 - timing_per_token_ms/adv:6.116674258343571e-06 - perf/total_num_tokens:2454586 - perf/time_per_step:118.19349666500057 - perf/throughput:2595.9402053197437
[36m(TaskRunner pid=469699)[0m step:31 - global_seqlen/min:170730 - global_seqlen/max:449681 - global_seqlen/minmax_diff:278951 - global_seqlen/balanced_min:316380 - global_seqlen/balanced_max:316381 - global_seqlen/mean:316380.75 - actor/entropy:0.2304646521806717 - perf/mfu/actor_infer:0.3731678789538146 - actor/pg_clipfrac:0.0 - actor/ppo_kl:0.0 - actor/pg_clipfrac_lower:0.0 - actor/pg_loss:0.013239447791420389 - actor/kl_loss:0.016759080487070394 - actor/kl_coef:0.05000000000000001 - actor/loss:0.014077402651309967 - actor/grad_norm:1.1167564392089844 - actor/lr:5e-07 - perf/mfu/actor:0.28383047228226066 - training/global_step:31 - training/epoch:2 - critic/score/mean:0.1583544909954071 - critic/score/max:0.7242857217788696 - critic/score/min:0.0 - critic/rewards/mean:0.1583544909954071 - critic/rewards/max:0.7242857217788696 - critic/rewards/min:0.0 - critic/advantages/mean:-0.01323944516479969 - critic/advantages/max:3.749979019165039 - critic/advantages/min:-1.9576462507247925 - critic/returns/mean:-0.01323944516479969 - critic/returns/max:3.749979019165039 - critic/returns/min:-1.9576462507247925 - response_length/mean:11.474609375 - response_length/max:17.0 - response_length/min:9.0 - response_length/clip_ratio:0.0 - response_length_non_aborted/mean:11.474609375 - response_length_non_aborted/max:17.0 - response_length_non_aborted/min:9.0 - response_length_non_aborted/clip_ratio:0.0 - response/aborted_ratio:0.0 - prompt_length/mean:2460.25 - prompt_length/max:7960.0 - prompt_length/min:559.0 - prompt_length/clip_ratio:0.0 - num_turns/min:2 - num_turns/max:2 - num_turns/mean:2.0 - timing_s/start_profile:0.0004039899940835312 - timing_s/agent_loop/num_preempted/min:-1 - timing_s/agent_loop/num_preempted/max:-1 - timing_s/agent_loop/num_preempted/mean:-1.0 - timing_s/agent_loop/generate_sequences/min:0.7470892119963537 - timing_s/agent_loop/generate_sequences/max:2.392586822003068 - timing_s/agent_loop/generate_sequences/mean:1.6685731112314173 - timing_s/agent_loop/tool_calls/min:0.0 - timing_s/agent_loop/tool_calls/max:0.0 - timing_s/agent_loop/tool_calls/mean:0.0 - timing_s/agent_loop/compute_score/min:0.0033804190024966374 - timing_s/agent_loop/compute_score/max:0.687795402998745 - timing_s/agent_loop/compute_score/mean:0.16608557179890227 - timing_s/agent_loop/slowest/generate_sequences:1.810309018001135 - timing_s/agent_loop/slowest/tool_calls:0.0 - timing_s/agent_loop/slowest/compute_score:0.647956120003073 - timing_s/agent_loop/slowest/num_preempted:-1 - timing_s/agent_loop/slowest/prompt_length:7960 - timing_s/agent_loop/slowest/response_length:9 - timing_s/gen:3.937877488002414 - timing_s/reward:5.9142999816685915e-05 - timing_s/old_log_prob:16.208094641006028 - timing_s/ref:25.99782094600232 - timing_s/adv:0.01537693600403145 - timing_s/update_actor:56.48230595100176 - timing_s/update_weights:5.1012905030002 - timing_s/step:108.08124930199847 - timing_s/stop_profile:5.127199983689934e-05 - timing_per_token_ms/update_actor:0.022315795900588832 - timing_per_token_ms/ref:0.010271571890041636 - timing_per_token_ms/gen:0.3351385096172267 - timing_per_token_ms/adv:6.075328541650942e-06 - perf/total_num_tokens:2531046 - perf/time_per_step:108.08124930199847 - perf/throughput:2927.249194871677[36m(WorkerDict pid=480063)[0m INFO:2026-07-11 06:04:23,037:update_weights done, time cost: 3.23s
[36m(TaskRunner pid=469699)[0m Training Progress:  43%|████▎     | 32/75 [57:04<1:17:21, 107.93s/it]
[36m(WorkerDict pid=480063)[0m INFO:2026-07-11 06:06:24,777:update_weights done, time cost: 3.31s
[36m(TaskRunner pid=469699)[0m Training Progress:  44%|████▍     | 33/75 [59:06<1:18:25, 112.05s/it]
[36m(WorkerDict pid=480063)[0m INFO:2026-07-11 06:08:04,679:update_weights done, time cost: 3.31s
[36m(TaskRunner pid=469699)[0m Training Progress:  45%|████▌     | 34/75 [1:00:46<1:14:06, 108.46s/it]

[36m(TaskRunner pid=469699)[0m step:32 - global_seqlen/min:151387 - global_seqlen/max:504364 - global_seqlen/minmax_diff:352977 - global_seqlen/balanced_min:313316 - global_seqlen/balanced_max:313317 - global_seqlen/mean:313316.75 - actor/entropy:0.20617420971393585 - perf/mfu/actor_infer:0.3727007506057565 - actor/pg_clipfrac:0.0 - actor/ppo_kl:0.0 - actor/pg_clipfrac_lower:0.0 - actor/pg_loss:0.004320715666835895 - actor/kl_loss:0.018190036729392622 - actor/kl_coef:0.05000000000000001 - actor/loss:0.005230219103395939 - actor/grad_norm:1.1864467859268188 - actor/lr:5e-07 - perf/mfu/actor:0.283935773480581 - training/global_step:32 - training/epoch:2 - critic/score/mean:0.158184215426445 - critic/score/max:0.7242857217788696 - critic/score/min:0.0 - critic/rewards/mean:0.158184215426445 - critic/rewards/max:0.7242857217788696 - critic/rewards/min:0.0 - critic/advantages/mean:-0.00432071415707469 - critic/advantages/max:3.7499778270721436 - critic/advantages/min:-1.675031065940857 - critic/returns/mean:-0.00432071415707469 - critic/returns/max:3.7499778270721436 - critic/returns/min:-1.675031065940857 - response_length/mean:11.224609375 - response_length/max:17.0 - response_length/min:9.0 - response_length/clip_ratio:0.0 - response_length_non_aborted/mean:11.224609375 - response_length_non_aborted/max:17.0 - response_length_non_aborted/min:9.0 - response_length_non_aborted/clip_ratio:0.0 - response/aborted_ratio:0.0 - prompt_length/mean:2436.5625 - prompt_length/max:7695.0 - prompt_length/min:557.0 - prompt_length/clip_ratio:0.0 - num_turns/min:2 - num_turns/max:2 - num_turns/mean:2.0 - timing_s/start_profile:4.395200085127726e-05 - timing_s/agent_loop/num_preempted/min:-1 - timing_s/agent_loop/num_preempted/max:-1 - timing_s/agent_loop/num_preempted/mean:-1.0 - timing_s/agent_loop/generate_sequences/min:0.8338799039993319 - timing_s/agent_loop/generate_sequences/max:2.4155736250031623 - timing_s/agent_loop/generate_sequences/mean:1.7447947410976923 - timing_s/agent_loop/tool_calls/min:0.0 - timing_s/agent_loop/tool_calls/max:0.0 - timing_s/agent_loop/tool_calls/mean:0.0 - timing_s/agent_loop/compute_score/min:0.0033873689972097054 - timing_s/agent_loop/compute_score/max:1.0761791699987953 - timing_s/agent_loop/compute_score/mean:0.17676034492887283 - timing_s/agent_loop/slowest/generate_sequences:2.0735463999953936 - timing_s/agent_loop/slowest/tool_calls:0.0 - timing_s/agent_loop/slowest/compute_score:0.40200107699638465 - timing_s/agent_loop/slowest/num_preempted:-1 - timing_s/agent_loop/slowest/prompt_length:7695 - timing_s/agent_loop/slowest/response_length:9 - timing_s/gen:3.7280011010007 - timing_s/reward:5.520299600902945e-05 - timing_s/old_log_prob:15.218831938000221 - timing_s/ref:26.854201390000526 - timing_s/adv:0.015251385004376061 - timing_s/update_actor:55.42387687200244 - timing_s/update_weights:5.123706086997117 - timing_s/step:106.48759906699706 - timing_s/stop_profile:4.054199962411076e-05 - timing_per_token_ms/update_actor:0.022111759454291238 - timing_per_token_ms/ref:0.010713679283824008 - timing_per_token_ms/gen:0.32434323133815035 - timing_per_token_ms/adv:6.084651157485221e-06 - perf/total_num_tokens:2506534 - perf/time_per_step:106.48759906699706 - perf/throughput:2942.2839161100405
[36m(TaskRunner pid=469699)[0m step:33 - global_seqlen/min:295686 - global_seqlen/max:509015 - global_seqlen/minmax_diff:213329 - global_seqlen/balanced_min:395636 - global_seqlen/balanced_max:395637 - global_seqlen/mean:395636.375 - actor/entropy:0.16719292104244232 - perf/mfu/actor_infer:0.39641714782687215 - actor/pg_clipfrac:0.0 - actor/ppo_kl:0.0 - actor/pg_clipfrac_lower:0.0 - actor/pg_loss:0.00141471483038913 - actor/kl_loss:0.013389881315250027 - actor/kl_coef:0.05000000000000001 - actor/loss:0.0020842072553932667 - actor/grad_norm:1.2588491439819336 - actor/lr:5e-07 - perf/mfu/actor:0.3027064031923678 - training/global_step:33 - training/epoch:2 - critic/score/mean:0.17672140896320343 - critic/score/max:0.7233524322509766 - critic/score/min:0.0 - critic/rewards/mean:0.17672140896320343 - critic/rewards/max:0.7233524322509766 - critic/rewards/min:0.0 - critic/advantages/mean:-0.001414713216945529 - critic/advantages/max:3.749979019165039 - critic/advantages/min:-2.536311388015747 - critic/returns/mean:-0.001414713216945529 - critic/returns/max:3.749979019165039 - critic/returns/min:-2.536311388015747 - response_length/mean:10.7060546875 - response_length/max:17.0 - response_length/min:7.0 - response_length/clip_ratio:0.0 - response_length_non_aborted/mean:10.7060546875 - response_length_non_aborted/max:17.0 - response_length_non_aborted/min:7.0 - response_length_non_aborted/clip_ratio:0.0 - response/aborted_ratio:0.0 - prompt_length/mean:3080.203125 - prompt_length/max:8034.0 - prompt_length/min:557.0 - prompt_length/clip_ratio:0.0 - num_turns/min:2 - num_turns/max:2 - num_turns/mean:2.0 - timing_s/start_profile:6.341300468193367e-05 - timing_s/agent_loop/num_preempted/min:-1 - timing_s/agent_loop/num_preempted/max:-1 - timing_s/agent_loop/num_preempted/mean:-1.0 - timing_s/agent_loop/generate_sequences/min:0.8446630010002991 - timing_s/agent_loop/generate_sequences/max:2.957602821996261 - timing_s/agent_loop/generate_sequences/mean:1.8021528609823463 - timing_s/agent_loop/tool_calls/min:0.0 - timing_s/agent_loop/tool_calls/max:0.0 - timing_s/agent_loop/tool_calls/mean:0.0 - timing_s/agent_loop/compute_score/min:0.0037178849961492233 - timing_s/agent_loop/compute_score/max:0.9581294809977408 - timing_s/agent_loop/compute_score/mean:0.17702667031633723 - timing_s/agent_loop/slowest/generate_sequences:2.846236475998012 - timing_s/agent_loop/slowest/tool_calls:0.0 - timing_s/agent_loop/slowest/compute_score:0.18234279500029515 - timing_s/agent_loop/slowest/num_preempted:-1 - timing_s/agent_loop/slowest/prompt_length:557 - timing_s/agent_loop/slowest/response_length:15 - timing_s/gen:4.260356736995163 - timing_s/reward:4.979199729859829e-05 - timing_s/old_log_prob:18.42090588800056 - timing_s/ref:27.18231551500503 - timing_s/adv:0.016169695001735818 - timing_s/update_actor:66.51623519099667 - timing_s/update_weights:5.117396194000321 - timing_s/step:121.62961517900112 - timing_s/stop_profile:4.1892002627719194e-05 - timing_per_token_ms/update_actor:0.02101558381449275 - timing_per_token_ms/ref:0.008588162398807817 - timing_per_token_ms/gen:0.38861230840054395 - timing_per_token_ms/adv:5.10876148639512e-06 - perf/total_num_tokens:3165091 - perf/time_per_step:121.62961517900112 - perf/throughput:3252.7964050346272
[36m(TaskRunner pid=469699)[0m step:34 - global_seqlen/min:135631 - global_seqlen/max:391154 - global_seqlen/minmax_diff:255523 - global_seqlen/balanced_min:274103 - global_seqlen/balanced_max:274104 - global_seqlen/mean:274103.5 - actor/entropy:0.2453007847070694 - perf/mfu/actor_infer:0.35802243485079854 - actor/pg_clipfrac:0.0 - actor/ppo_kl:0.0 - actor/pg_clipfrac_lower:0.0 - actor/pg_loss:-0.004563933103781892 - actor/kl_loss:0.018246273583445112 - actor/kl_coef:0.05000000000000001 - actor/loss:-0.0036516194231808186 - actor/grad_norm:1.035132646560669 - actor/lr:5e-07 - perf/mfu/actor:0.2709037891896879 - training/global_step:34 - training/epoch:2 - critic/score/mean:0.14177174866199493 - critic/score/max:0.7191964387893677 - critic/score/min:0.0 - critic/rewards/mean:0.14177174866199493 - critic/rewards/max:0.7191964387893677 - critic/rewards/min:0.0 - critic/advantages/mean:0.004563930910080671 - critic/advantages/max:3.7499773502349854 - critic/advantages/min:-3.6390814781188965 - critic/returns/mean:0.004563930910080671 - critic/returns/max:3.7499773502349854 - critic/returns/min:-3.6390814781188965 - response_length/mean:11.77734375 - response_length/max:17.0 - response_length/min:9.0 - response_length/clip_ratio:0.0 - response_length_non_aborted/mean:11.77734375 - response_length_non_aborted/max:17.0 - response_length_non_aborted/min:9.0 - response_length_non_aborted/clip_ratio:0.0 - response/aborted_ratio:0.0 - prompt_length/mean:2129.65625 - prompt_length/max:8156.0 - prompt_length/min:556.0 - prompt_length/clip_ratio:0.0 - num_turns/min:2 - num_turns/max:2 - num_turns/mean:2.0 - timing_s/start_profile:4.056200123159215e-05 - timing_s/agent_loop/num_preempted/min:-1 - timing_s/agent_loop/num_preempted/max:-1 - timing_s/agent_loop/num_preempted/mean:-1.0 - timing_s/agent_loop/generate_sequences/min:0.8452547970009618 - timing_s/agent_loop/generate_sequences/max:2.4839978710006108 - timing_s/agent_loop/generate_sequences/mean:1.6694077540781933 - timing_s/agent_loop/tool_calls/min:0.0 - timing_s/agent_loop/tool_calls/max:0.0 - timing_s/agent_loop/tool_calls/mean:0.0 - timing_s/agent_loop/compute_score/min:0.0037588669947581366 - timing_s/agent_loop/compute_score/max:0.9326950200047577 - timing_s/agent_loop/compute_score/mean:0.2532352053039659 - timing_s/agent_loop/slowest/generate_sequences:2.3612442899975576 - timing_s/agent_loop/slowest/tool_calls:0.0 - timing_s/agent_loop/slowest/compute_score:0.17879083199659362 - timing_s/agent_loop/slowest/num_preempted:-1 - timing_s/agent_loop/slowest/prompt_length:565 - timing_s/agent_loop/slowest/response_length:16 - timing_s/gen:3.920846214001358 - timing_s/reward:2.640100137796253e-05 - timing_s/old_log_prob:13.993565258999297 - timing_s/ref:25.93904815899441 - timing_s/adv:0.016057266999268904 - timing_s/update_actor:50.831093633998535 - timing_s/update_weights:5.217662779999955 - timing_s/step:100.07063894999737 - timing_s/stop_profile:4.115200135856867e-05 - timing_per_token_ms/update_actor:0.02318061135392221 - timing_per_token_ms/ref:0.01182903910338358 - timing_per_token_ms/gen:0.3251116263682718 - timing_per_token_ms/adv:7.3226294991075016e-06 - perf/total_num_tokens:2192828 - perf/time_per_step:100.07063894999737 - perf/throughput:2739.1001284299005[36m(WorkerDict pid=480063)[0m INFO:2026-07-11 06:10:02,144:update_weights done, time cost: 3.14s
[36m(TaskRunner pid=469699)[0m Training Progress:  47%|████▋     | 35/75 [1:02:43<1:14:03, 111.10s/it]
[36m(WorkerDict pid=480063)[0m INFO:2026-07-11 06:11:41,952:update_weights done, time cost: 3.31s
[36m(TaskRunner pid=469699)[0m Training Progress:  48%|████▊     | 36/75 [1:04:23<1:10:01, 107.73s/it]
[36m(WorkerDict pid=480063)[0m INFO:2026-07-11 06:13:15,586:update_weights done, time cost: 3.21s
[36m(TaskRunner pid=469699)[0m Training Progress:  49%|████▉     | 37/75 [1:05:56<1:05:32, 103.49s/it]

[36m(TaskRunner pid=469699)[0m step:35 - global_seqlen/min:202753 - global_seqlen/max:476958 - global_seqlen/minmax_diff:274205 - global_seqlen/balanced_min:376309 - global_seqlen/balanced_max:376310 - global_seqlen/mean:376309.375 - actor/entropy:0.18220263719558716 - perf/mfu/actor_infer:0.39281827111946316 - actor/pg_clipfrac:0.0 - actor/ppo_kl:0.0 - actor/pg_clipfrac_lower:0.0 - actor/pg_loss:0.011973372776992619 - actor/kl_loss:0.01715684832693655 - actor/kl_coef:0.05000000000000001 - actor/loss:0.012831218540668488 - actor/grad_norm:0.9633603692054749 - actor/lr:5e-07 - perf/mfu/actor:0.2994570239175471 - training/global_step:35 - training/epoch:2 - critic/score/mean:0.15954498946666718 - critic/score/max:0.7189944386482239 - critic/score/min:0.0 - critic/rewards/mean:0.15954498946666718 - critic/rewards/max:0.7189944386482239 - critic/rewards/min:0.0 - critic/advantages/mean:-0.011973368003964424 - critic/advantages/max:3.7499780654907227 - critic/advantages/min:-2.5617005825042725 - critic/returns/mean:-0.011973368003964424 - critic/returns/max:3.7499780654907227 - critic/returns/min:-2.5617005825042725 - response_length/mean:10.9482421875 - response_length/max:17.0 - response_length/min:9.0 - response_length/clip_ratio:0.0 - response_length_non_aborted/mean:10.9482421875 - response_length_non_aborted/max:17.0 - response_length_non_aborted/min:9.0 - response_length_non_aborted/clip_ratio:0.0 - response/aborted_ratio:0.0 - prompt_length/mean:2928.96875 - prompt_length/max:7436.0 - prompt_length/min:557.0 - prompt_length/clip_ratio:0.0 - num_turns/min:2 - num_turns/max:2 - num_turns/mean:2.0 - timing_s/start_profile:8.507399616064504e-05 - timing_s/agent_loop/num_preempted/min:-1 - timing_s/agent_loop/num_preempted/max:-1 - timing_s/agent_loop/num_preempted/mean:-1.0 - timing_s/agent_loop/generate_sequences/min:0.8150620279993745 - timing_s/agent_loop/generate_sequences/max:2.6010998529964127 - timing_s/agent_loop/generate_sequences/mean:1.7379173239725674 - timing_s/agent_loop/tool_calls/min:0.0 - timing_s/agent_loop/tool_calls/max:0.0 - timing_s/agent_loop/tool_calls/mean:0.0 - timing_s/agent_loop/compute_score/min:0.0033110950025729835 - timing_s/agent_loop/compute_score/max:0.6485127129999455 - timing_s/agent_loop/compute_score/mean:0.1256935559491481 - timing_s/agent_loop/slowest/generate_sequences:2.3903204599992023 - timing_s/agent_loop/slowest/tool_calls:0.0 - timing_s/agent_loop/slowest/compute_score:0.26314913499663817 - timing_s/agent_loop/slowest/num_preempted:-1 - timing_s/agent_loop/slowest/prompt_length:953 - timing_s/agent_loop/slowest/response_length:15 - timing_s/gen:3.9474796610011254 - timing_s/reward:7.555400225101039e-05 - timing_s/old_log_prob:17.619701617004466 - timing_s/ref:26.8938927220006 - timing_s/adv:0.014774453993595671 - timing_s/update_actor:63.65562185100134 - timing_s/update_weights:4.939494306003326 - timing_s/step:117.2060676139954 - timing_s/stop_profile:4.147200525039807e-05 - timing_per_token_ms/update_actor:0.021144710336741326 - timing_per_token_ms/ref:0.008933438318537972 - timing_per_token_ms/gen:0.3521077210776135 - timing_per_token_ms/adv:4.907682008186639e-06 - perf/total_num_tokens:3010475 - perf/time_per_step:117.2060676139954 - perf/throughput:3210.6646239453344
[36m(TaskRunner pid=469699)[0m step:36 - global_seqlen/min:213565 - global_seqlen/max:391383 - global_seqlen/minmax_diff:177818 - global_seqlen/balanced_min:276670 - global_seqlen/balanced_max:276671 - global_seqlen/mean:276670.5 - actor/entropy:0.253693163394928 - perf/mfu/actor_infer:0.3603198637419551 - actor/pg_clipfrac:0.0 - actor/ppo_kl:0.0 - actor/pg_clipfrac_lower:0.0 - actor/pg_loss:0.0010940249248960754 - actor/kl_loss:0.020129280827474526 - actor/kl_coef:0.05000000000000001 - actor/loss:0.0021004914306104183 - actor/grad_norm:1.048437476158142 - actor/lr:5e-07 - perf/mfu/actor:0.2714593634606783 - training/global_step:36 - training/epoch:2 - critic/score/mean:0.15063342452049255 - critic/score/max:0.7360824942588806 - critic/score/min:0.0 - critic/rewards/mean:0.15063342452049255 - critic/rewards/max:0.7360824942588806 - critic/rewards/min:0.0 - critic/advantages/mean:-0.0010940288193523884 - critic/advantages/max:3.749979019165039 - critic/advantages/min:-2.003498077392578 - critic/returns/mean:-0.0010940288193523884 - critic/returns/max:3.749979019165039 - critic/returns/min:-2.003498077392578 - response_length/mean:12.00390625 - response_length/max:17.0 - response_length/min:9.0 - response_length/clip_ratio:0.0 - response_length_non_aborted/mean:12.00390625 - response_length_non_aborted/max:17.0 - response_length_non_aborted/min:9.0 - response_length_non_aborted/clip_ratio:0.0 - response/aborted_ratio:0.0 - prompt_length/mean:2149.484375 - prompt_length/max:7585.0 - prompt_length/min:556.0 - prompt_length/clip_ratio:0.0 - num_turns/min:2 - num_turns/max:2 - num_turns/mean:2.0 - timing_s/start_profile:3.5732002288568765e-05 - timing_s/agent_loop/num_preempted/min:-1 - timing_s/agent_loop/num_preempted/max:-1 - timing_s/agent_loop/num_preempted/mean:-1.0 - timing_s/agent_loop/generate_sequences/min:0.8322609489987371 - timing_s/agent_loop/generate_sequences/max:2.2428305110006477 - timing_s/agent_loop/generate_sequences/mean:1.6637678633585082 - timing_s/agent_loop/tool_calls/min:0.0 - timing_s/agent_loop/tool_calls/max:0.0 - timing_s/agent_loop/tool_calls/mean:0.0 - timing_s/agent_loop/compute_score/min:0.0036246509989723563 - timing_s/agent_loop/compute_score/max:0.6597045099988463 - timing_s/agent_loop/compute_score/mean:0.21673886708503431 - timing_s/agent_loop/slowest/generate_sequences:1.6829878360003931 - timing_s/agent_loop/slowest/tool_calls:0.0 - timing_s/agent_loop/slowest/compute_score:0.5965135180013021 - timing_s/agent_loop/slowest/num_preempted:-1 - timing_s/agent_loop/slowest/prompt_length:1156 - timing_s/agent_loop/slowest/response_length:15 - timing_s/gen:3.6238718739987235 - timing_s/reward:4.4502005039248616e-05 - timing_s/old_log_prob:14.135815993999131 - timing_s/ref:25.3302784539992 - timing_s/adv:0.014867568999761716 - timing_s/update_actor:51.48882454199338 - timing_s/update_weights:5.111704766000912 - timing_s/step:99.8361814029995 - timing_s/stop_profile:3.881200245814398e-05 - timing_per_token_ms/update_actor:0.023262700821913333 - timing_per_token_ms/ref:0.011444244351132123 - timing_per_token_ms/gen:0.2948154794987572 - timing_per_token_ms/adv:6.717182081104471e-06 - perf/total_num_tokens:2213364 - perf/time_per_step:99.8361814029995 - perf/throughput:2771.2448143743572
[36m(TaskRunner pid=469699)[0m step:37 - global_seqlen/min:140110 - global_seqlen/max:330201 - global_seqlen/minmax_diff:190091 - global_seqlen/balanced_min:245054 - global_seqlen/balanced_max:245055 - global_seqlen/mean:245054.5 - actor/entropy:0.24180220067501068 - perf/mfu/actor_infer:0.34593966428880923 - actor/pg_clipfrac:0.0 - actor/ppo_kl:0.0 - actor/pg_clipfrac_lower:0.0 - actor/pg_loss:0.01199735356885867 - actor/kl_loss:0.019170585133355594 - actor/kl_coef:0.05000000000000001 - actor/loss:0.012955881655216217 - actor/grad_norm:1.1176965236663818 - actor/lr:5e-07 - perf/mfu/actor:0.2606422633698168 - training/global_step:37 - training/epoch:2 - critic/score/mean:0.15621671080589294 - critic/score/max:0.7444444298744202 - critic/score/min:0.0 - critic/rewards/mean:0.15621671080589294 - critic/rewards/max:0.7444444298744202 - critic/rewards/min:0.0 - critic/advantages/mean:-0.01199735514819622 - critic/advantages/max:3.74997878074646 - critic/advantages/min:-2.550015449523926 - critic/returns/mean:-0.01199735514819622 - critic/returns/max:3.74997878074646 - critic/returns/min:-2.550015449523926 - response_length/mean:11.75390625 - response_length/max:17.0 - response_length/min:9.0 - response_length/clip_ratio:0.0 - response_length_non_aborted/mean:11.75390625 - response_length_non_aborted/max:17.0 - response_length_non_aborted/min:9.0 - response_length_non_aborted/clip_ratio:0.0 - response/aborted_ratio:0.0 - prompt_length/mean:1902.734375 - prompt_length/max:7253.0 - prompt_length/min:556.0 - prompt_length/clip_ratio:0.0 - num_turns/min:2 - num_turns/max:2 - num_turns/mean:2.0 - timing_s/start_profile:3.159200423397124e-05 - timing_s/agent_loop/num_preempted/min:-1 - timing_s/agent_loop/num_preempted/max:-1 - timing_s/agent_loop/num_preempted/mean:-1.0 - timing_s/agent_loop/generate_sequences/min:0.8028996450011618 - timing_s/agent_loop/generate_sequences/max:2.1030897090022336 - timing_s/agent_loop/generate_sequences/mean:1.5339088632266211 - timing_s/agent_loop/tool_calls/min:0.0 - timing_s/agent_loop/tool_calls/max:0.0 - timing_s/agent_loop/tool_calls/mean:0.0 - timing_s/agent_loop/compute_score/min:0.00379517900000792 - timing_s/agent_loop/compute_score/max:0.7154094950019498 - timing_s/agent_loop/compute_score/mean:0.25042841062597176 - timing_s/agent_loop/slowest/generate_sequences:1.8091148209932726 - timing_s/agent_loop/slowest/tool_calls:0.0 - timing_s/agent_loop/slowest/compute_score:0.3413500739989104 - timing_s/agent_loop/slowest/num_preempted:-1 - timing_s/agent_loop/slowest/prompt_length:563 - timing_s/agent_loop/slowest/response_length:16 - timing_s/gen:3.515085642997292 - timing_s/reward:3.928200021618977e-05 - timing_s/old_log_prob:12.717026976002671 - timing_s/ref:25.331947272003163 - timing_s/adv:0.01481643699662527 - timing_s/update_actor:46.918042026001785 - timing_s/update_weights:4.984000626005582 - timing_s/step:93.59804882399476 - timing_s/stop_profile:3.9471997297368944e-05 - timing_per_token_ms/update_actor:0.023932452794175267 - timing_per_token_ms/ref:0.0129215884997027 - timing_per_token_ms/gen:0.29204766060130377 - timing_per_token_ms/adv:7.557725422622963e-06 - perf/total_num_tokens:1960436 - perf/time_per_step:93.59804882399476 - perf/throughput:2618.1582103363025[36m(WorkerDict pid=480063)[0m INFO:2026-07-11 06:14:52,902:update_weights done, time cost: 3.11s
[36m(TaskRunner pid=469699)[0m Training Progress:  51%|█████     | 38/75 [1:07:34<1:02:40, 101.65s/it]
[36m(WorkerDict pid=480063)[0m INFO:2026-07-11 06:16:34,648:update_weights done, time cost: 3.42s
[36m(TaskRunner pid=469699)[0m Training Progress:  52%|█████▏    | 39/75 [1:09:15<1:01:00, 101.67s/it]
[36m(WorkerDict pid=480063)[0m INFO:2026-07-11 06:18:20,877:update_weights done, time cost: 3.27s
[36m(TaskRunner pid=469699)[0m Training Progress:  53%|█████▎    | 40/75 [1:11:02<1:00:06, 103.04s/it]

[36m(TaskRunner pid=469699)[0m step:38 - global_seqlen/min:145798 - global_seqlen/max:405474 - global_seqlen/minmax_diff:259676 - global_seqlen/balanced_min:264894 - global_seqlen/balanced_max:264895 - global_seqlen/mean:264894.25 - actor/entropy:0.2600595951080322 - perf/mfu/actor_infer:0.35551960623898826 - actor/pg_clipfrac:0.0 - actor/ppo_kl:0.0 - actor/pg_clipfrac_lower:0.0 - actor/pg_loss:0.003704610902332206 - actor/kl_loss:0.019938923388005486 - actor/kl_coef:0.05000000000000001 - actor/loss:0.004701558500528336 - actor/grad_norm:1.0333712100982666 - actor/lr:5e-07 - perf/mfu/actor:0.2679454242345204 - training/global_step:38 - training/epoch:2 - critic/score/mean:0.1361374706029892 - critic/score/max:0.7464609742164612 - critic/score/min:0.0 - critic/rewards/mean:0.1361374706029892 - critic/rewards/max:0.7464609742164612 - critic/rewards/min:0.0 - critic/advantages/mean:-0.003704607021063566 - critic/advantages/max:3.749979257583618 - critic/advantages/min:-1.095749855041504 - critic/returns/mean:-0.003704607021063566 - critic/returns/max:3.749979257583618 - critic/returns/min:-1.095749855041504 - response_length/mean:12.064453125 - response_length/max:16.0 - response_length/min:9.0 - response_length/clip_ratio:0.0 - response_length_non_aborted/mean:12.064453125 - response_length_non_aborted/max:16.0 - response_length_non_aborted/min:9.0 - response_length_non_aborted/clip_ratio:0.0 - response/aborted_ratio:0.0 - prompt_length/mean:2057.421875 - prompt_length/max:6752.0 - prompt_length/min:556.0 - prompt_length/clip_ratio:0.0 - num_turns/min:2 - num_turns/max:2 - num_turns/mean:2.0 - timing_s/start_profile:4.025299858767539e-05 - timing_s/agent_loop/num_preempted/min:-1 - timing_s/agent_loop/num_preempted/max:-1 - timing_s/agent_loop/num_preempted/mean:-1.0 - timing_s/agent_loop/generate_sequences/min:0.817196675001469 - timing_s/agent_loop/generate_sequences/max:2.1953528900048696 - timing_s/agent_loop/generate_sequences/mean:1.6279333221727725 - timing_s/agent_loop/tool_calls/min:0.0 - timing_s/agent_loop/tool_calls/max:0.0 - timing_s/agent_loop/tool_calls/mean:0.0 - timing_s/agent_loop/compute_score/min:0.003760635998332873 - timing_s/agent_loop/compute_score/max:0.7104913409930305 - timing_s/agent_loop/compute_score/mean:0.24207839503326056 - timing_s/agent_loop/slowest/generate_sequences:1.916569533997972 - timing_s/agent_loop/slowest/tool_calls:0.0 - timing_s/agent_loop/slowest/compute_score:0.35306513700197684 - timing_s/agent_loop/slowest/num_preempted:-1 - timing_s/agent_loop/slowest/prompt_length:926 - timing_s/agent_loop/slowest/response_length:15 - timing_s/gen:3.5134079069975996 - timing_s/reward:2.4412001948803663e-05 - timing_s/old_log_prob:13.744867367997358 - timing_s/ref:25.108542877002037 - timing_s/adv:0.014688652001495939 - timing_s/update_actor:49.88266581299831 - timing_s/update_weights:4.910365813004319 - timing_s/step:97.32488510199619 - timing_s/stop_profile:3.962199843954295e-05 - timing_per_token_ms/update_actor:0.023538952720282863 - timing_per_token_ms/ref:0.011848380474945209 - timing_per_token_ms/gen:0.2843943586690626 - timing_per_token_ms/adv:6.9313754458127815e-06 - perf/total_num_tokens:2119154 - perf/time_per_step:97.32488510199619 - perf/throughput:2721.7525067960946
[36m(TaskRunner pid=469699)[0m step:39 - global_seqlen/min:190819 - global_seqlen/max:408850 - global_seqlen/minmax_diff:218031 - global_seqlen/balanced_min:287134 - global_seqlen/balanced_max:287135 - global_seqlen/mean:287134.5 - actor/entropy:0.25047796964645386 - perf/mfu/actor_infer:0.3638249228606721 - actor/pg_clipfrac:0.0 - actor/ppo_kl:0.0 - actor/pg_clipfrac_lower:0.0 - actor/pg_loss:0.0025881458905132604 - actor/kl_loss:0.01906931966971811 - actor/kl_coef:0.05000000000000001 - actor/loss:0.003541611135005951 - actor/grad_norm:1.1478407382965088 - actor/lr:5e-07 - perf/mfu/actor:0.2751311897135667 - training/global_step:39 - training/epoch:2 - critic/score/mean:0.18453256785869598 - critic/score/max:0.7277511954307556 - critic/score/min:0.0 - critic/rewards/mean:0.18453256785869598 - critic/rewards/max:0.7277511954307556 - critic/rewards/min:0.0 - critic/advantages/mean:-0.002588144037872553 - critic/advantages/max:3.749979019165039 - critic/advantages/min:-2.5477750301361084 - critic/returns/mean:-0.002588144037872553 - critic/returns/max:3.749979019165039 - critic/returns/min:-2.5477750301361084 - response_length/mean:12.05078125 - response_length/max:20.0 - response_length/min:9.0 - response_length/clip_ratio:0.0 - response_length_non_aborted/mean:12.05078125 - response_length_non_aborted/max:20.0 - response_length_non_aborted/min:9.0 - response_length_non_aborted/clip_ratio:0.0 - response/aborted_ratio:0.0 - prompt_length/mean:2231.1875 - prompt_length/max:7777.0 - prompt_length/min:557.0 - prompt_length/clip_ratio:0.0 - num_turns/min:2 - num_turns/max:2 - num_turns/mean:2.0 - timing_s/start_profile:4.911299765808508e-05 - timing_s/agent_loop/num_preempted/min:-1 - timing_s/agent_loop/num_preempted/max:-1 - timing_s/agent_loop/num_preempted/mean:-1.0 - timing_s/agent_loop/generate_sequences/min:0.8160990989999846 - timing_s/agent_loop/generate_sequences/max:2.2767282010026975 - timing_s/agent_loop/generate_sequences/mean:1.6455556779589813 - timing_s/agent_loop/tool_calls/min:0.0 - timing_s/agent_loop/tool_calls/max:0.0 - timing_s/agent_loop/tool_calls/mean:0.0 - timing_s/agent_loop/compute_score/min:0.00370484399900306 - timing_s/agent_loop/compute_score/max:0.6630409509962192 - timing_s/agent_loop/compute_score/mean:0.17816697789753988 - timing_s/agent_loop/slowest/generate_sequences:1.8608020009996835 - timing_s/agent_loop/slowest/tool_calls:0.0 - timing_s/agent_loop/slowest/compute_score:0.46720139600074617 - timing_s/agent_loop/slowest/num_preempted:-1 - timing_s/agent_loop/slowest/prompt_length:672 - timing_s/agent_loop/slowest/response_length:15 - timing_s/gen:3.5623245919996407 - timing_s/reward:2.7411995688453317e-05 - timing_s/old_log_prob:14.211430905997986 - timing_s/ref:26.06146715000068 - timing_s/adv:0.015100340999197215 - timing_s/update_actor:52.491863677001675 - timing_s/update_weights:5.2187086880003335 - timing_s/step:101.67673369599652 - timing_s/stop_profile:4.04719976359047e-05 - timing_per_token_ms/update_actor:0.02285160076418964 - timing_per_token_ms/ref:0.01134549625262755 - timing_per_token_ms/gen:0.28868108525118646 - timing_per_token_ms/adv:6.5737228542709145e-06 - perf/total_num_tokens:2297076 - perf/time_per_step:101.67673369599652 - perf/throughput:2823.9941387033937
[36m(TaskRunner pid=469699)[0m step:40 - global_seqlen/min:104147 - global_seqlen/max:447347 - global_seqlen/minmax_diff:343200 - global_seqlen/balanced_min:308042 - global_seqlen/balanced_max:308043 - global_seqlen/mean:308042.75 - actor/entropy:0.2540934383869171 - perf/mfu/actor_infer:0.37119292536912374 - actor/pg_clipfrac:0.0 - actor/ppo_kl:0.0 - actor/pg_clipfrac_lower:0.0 - actor/pg_loss:0.0038514270154337282 - actor/kl_loss:0.018711326621090527 - actor/kl_coef:0.05000000000000001 - actor/loss:0.004786992445588112 - actor/grad_norm:1.3853719234466553 - actor/lr:5e-07 - perf/mfu/actor:0.28117212773876554 - training/global_step:40 - training/epoch:2 - critic/score/mean:0.18413998186588287 - critic/score/max:0.7309859395027161 - critic/score/min:0.0 - critic/rewards/mean:0.18413998186588287 - critic/rewards/max:0.7309859395027161 - critic/rewards/min:0.0 - critic/advantages/mean:-0.003851427463814616 - critic/advantages/max:3.7499780654907227 - critic/advantages/min:-3.6826112270355225 - critic/returns/mean:-0.003851427463814616 - critic/returns/max:3.7499780654907227 - critic/returns/min:-3.6826112270355225 - response_length/mean:11.958984375 - response_length/max:17.0 - response_length/min:9.0 - response_length/clip_ratio:0.0 - response_length_non_aborted/mean:11.958984375 - response_length_non_aborted/max:17.0 - response_length_non_aborted/min:9.0 - response_length_non_aborted/clip_ratio:0.0 - response/aborted_ratio:0.0 - prompt_length/mean:2394.625 - prompt_length/max:7581.0 - prompt_length/min:558.0 - prompt_length/clip_ratio:0.0 - num_turns/min:2 - num_turns/max:2 - num_turns/mean:2.0 - timing_s/start_profile:3.778099926421419e-05 - timing_s/agent_loop/num_preempted/min:-1 - timing_s/agent_loop/num_preempted/max:-1 - timing_s/agent_loop/num_preempted/mean:-1.0 - timing_s/agent_loop/generate_sequences/min:0.7797030489964527 - timing_s/agent_loop/generate_sequences/max:2.370814943998994 - timing_s/agent_loop/generate_sequences/mean:1.7039078467081623 - timing_s/agent_loop/tool_calls/min:0.0 - timing_s/agent_loop/tool_calls/max:0.0 - timing_s/agent_loop/tool_calls/mean:0.0 - timing_s/agent_loop/compute_score/min:0.0038580319960601628 - timing_s/agent_loop/compute_score/max:0.7027437080032541 - timing_s/agent_loop/compute_score/mean:0.19357940949329588 - timing_s/agent_loop/slowest/generate_sequences:1.8461142770029255 - timing_s/agent_loop/slowest/tool_calls:0.0 - timing_s/agent_loop/slowest/compute_score:0.5991196620016126 - timing_s/agent_loop/slowest/num_preempted:-1 - timing_s/agent_loop/slowest/prompt_length:918 - timing_s/agent_loop/slowest/response_length:15 - timing_s/gen:3.622472340997774 - timing_s/reward:2.0870000298600644e-05 - timing_s/old_log_prob:15.389962337001634 - timing_s/ref:26.247919980000006 - timing_s/adv:0.01553293799952371 - timing_s/update_actor:55.777943595996476 - timing_s/update_weights:4.995017604000168 - timing_s/step:106.22312528900511 - timing_s/stop_profile:4.00220014853403e-05 - timing_per_token_ms/update_actor:0.022634010862127286 - timing_per_token_ms/ref:0.010651086569964724 - timing_per_token_ms/gen:0.29580861840582834 - timing_per_token_ms/adv:6.303077251259651e-06 - perf/total_num_tokens:2464342 - perf/time_per_step:106.22312528900511 - perf/throughput:2899.9593936056476[36m(WorkerDict pid=480063)[0m INFO:2026-07-11 06:19:55,523:update_weights done, time cost: 3.06s
[36m(TaskRunner pid=469699)[0m Training Progress:  55%|█████▍    | 41/75 [1:12:36<56:58, 100.54s/it]
[36m(WorkerDict pid=480063)[0m INFO:2026-07-11 06:21:40,269:update_weights done, time cost: 2.96s
[36m(TaskRunner pid=469699)[0m Training Progress:  56%|█████▌    | 42/75 [1:14:21<55:59, 101.79s/it]
[36m(WorkerDict pid=480063)[0m INFO:2026-07-11 06:23:24,969:update_weights done, time cost: 3.26s
[36m(TaskRunner pid=469699)[0m Training Progress:  57%|█████▋    | 43/75 [1:16:06<54:45, 102.67s/it]

[36m(TaskRunner pid=469699)[0m step:41 - global_seqlen/min:147944 - global_seqlen/max:353940 - global_seqlen/minmax_diff:205996 - global_seqlen/balanced_min:249576 - global_seqlen/balanced_max:249577 - global_seqlen/mean:249576.375 - actor/entropy:0.25072264671325684 - perf/mfu/actor_infer:0.3468399556386677 - actor/pg_clipfrac:0.0 - actor/ppo_kl:0.0 - actor/pg_clipfrac_lower:0.0 - actor/pg_loss:0.0026366284546384122 - actor/kl_loss:0.021019158654429826 - actor/kl_coef:0.05000000000000001 - actor/loss:0.003687584772706032 - actor/grad_norm:1.417229413986206 - actor/lr:5e-07 - perf/mfu/actor:0.2618633407394152 - training/global_step:41 - training/epoch:2 - critic/score/mean:0.17989791929721832 - critic/score/max:0.7392857074737549 - critic/score/min:0.0 - critic/rewards/mean:0.17989791929721832 - critic/rewards/max:0.7392857074737549 - critic/rewards/min:0.0 - critic/advantages/mean:-0.00263662775978446 - critic/advantages/max:3.74997878074646 - critic/advantages/min:-3.749925374984741 - critic/returns/mean:-0.00263662775978446 - critic/returns/max:3.74997878074646 - critic/returns/min:-3.749925374984741 - response_length/mean:11.8623046875 - response_length/max:17.0 - response_length/min:9.0 - response_length/clip_ratio:0.0 - response_length_non_aborted/mean:11.8623046875 - response_length_non_aborted/max:17.0 - response_length_non_aborted/min:9.0 - response_length_non_aborted/clip_ratio:0.0 - response/aborted_ratio:0.0 - prompt_length/mean:1937.953125 - prompt_length/max:7483.0 - prompt_length/min:556.0 - prompt_length/clip_ratio:0.0 - num_turns/min:2 - num_turns/max:2 - num_turns/mean:2.0 - timing_s/start_profile:3.267200372647494e-05 - timing_s/agent_loop/num_preempted/min:-1 - timing_s/agent_loop/num_preempted/max:-1 - timing_s/agent_loop/num_preempted/mean:-1.0 - timing_s/agent_loop/generate_sequences/min:0.7480325559954508 - timing_s/agent_loop/generate_sequences/max:2.122829651001666 - timing_s/agent_loop/generate_sequences/mean:1.5876900350651937 - timing_s/agent_loop/tool_calls/min:0.0 - timing_s/agent_loop/tool_calls/max:0.0 - timing_s/agent_loop/tool_calls/mean:0.0 - timing_s/agent_loop/compute_score/min:0.003416589999687858 - timing_s/agent_loop/compute_score/max:0.6281785079991096 - timing_s/agent_loop/compute_score/mean:0.218403728039128 - timing_s/agent_loop/slowest/generate_sequences:1.7637489780026954 - timing_s/agent_loop/slowest/tool_calls:0.0 - timing_s/agent_loop/slowest/compute_score:0.3970978090001154 - timing_s/agent_loop/slowest/num_preempted:-1 - timing_s/agent_loop/slowest/prompt_length:3991 - timing_s/agent_loop/slowest/response_length:9 - timing_s/gen:3.4345579450018704 - timing_s/reward:2.4892004148568958e-05 - timing_s/old_log_prob:12.981855967998854 - timing_s/ref:25.487248607001675 - timing_s/adv:0.014627454998844769 - timing_s/update_actor:47.71986875899893 - timing_s/update_weights:4.892229359997145 - timing_s/step:94.68167750200519 - timing_s/stop_profile:4.493199958233163e-05 - timing_per_token_ms/update_actor:0.023900433664343693 - timing_per_token_ms/ref:0.01276525502814603 - timing_per_token_ms/gen:0.2827494809419503 - timing_per_token_ms/adv:7.3261416464422805e-06 - perf/total_num_tokens:1996611 - perf/time_per_step:94.68167750200519 - perf/throughput:2635.952188264878
[36m(TaskRunner pid=469699)[0m step:42 - global_seqlen/min:220998 - global_seqlen/max:437480 - global_seqlen/minmax_diff:216482 - global_seqlen/balanced_min:305668 - global_seqlen/balanced_max:305669 - global_seqlen/mean:305668.125 - actor/entropy:0.22523678839206696 - perf/mfu/actor_infer:0.37181794264110085 - actor/pg_clipfrac:0.0 - actor/ppo_kl:0.0 - actor/pg_clipfrac_lower:0.0 - actor/pg_loss:0.004429305110534187 - actor/kl_loss:0.018217749926355595 - actor/kl_coef:0.05000000000000001 - actor/loss:0.005340186413377523 - actor/grad_norm:1.135719895362854 - actor/lr:5e-07 - perf/mfu/actor:0.28165114588699425 - training/global_step:42 - training/epoch:2 - critic/score/mean:0.1841692179441452 - critic/score/max:0.7444444298744202 - critic/score/min:0.0 - critic/rewards/mean:0.1841692179441452 - critic/rewards/max:0.7444444298744202 - critic/rewards/min:0.0 - critic/advantages/mean:-0.00442930031567812 - critic/advantages/max:3.7499783039093018 - critic/advantages/min:-1.4320003986358643 - critic/returns/mean:-0.00442930031567812 - critic/returns/max:3.7499783039093018 - critic/returns/min:-1.4320003986358643 - response_length/mean:11.5791015625 - response_length/max:17.0 - response_length/min:9.0 - response_length/clip_ratio:0.0 - response_length_non_aborted/mean:11.5791015625 - response_length_non_aborted/max:17.0 - response_length_non_aborted/min:9.0 - response_length_non_aborted/clip_ratio:0.0 - response/aborted_ratio:0.0 - prompt_length/mean:2376.453125 - prompt_length/max:7012.0 - prompt_length/min:557.0 - prompt_length/clip_ratio:0.0 - num_turns/min:2 - num_turns/max:2 - num_turns/mean:2.0 - timing_s/start_profile:4.0361999708693475e-05 - timing_s/agent_loop/num_preempted/min:-1 - timing_s/agent_loop/num_preempted/max:-1 - timing_s/agent_loop/num_preempted/mean:-1.0 - timing_s/agent_loop/generate_sequences/min:0.8087132689979626 - timing_s/agent_loop/generate_sequences/max:2.435734801001672 - timing_s/agent_loop/generate_sequences/mean:1.717965273324225 - timing_s/agent_loop/tool_calls/min:0.0 - timing_s/agent_loop/tool_calls/max:0.0 - timing_s/agent_loop/tool_calls/mean:0.0 - timing_s/agent_loop/compute_score/min:0.0036569320000126027 - timing_s/agent_loop/compute_score/max:0.7721379060021718 - timing_s/agent_loop/compute_score/mean:0.21054315738475538 - timing_s/agent_loop/slowest/generate_sequences:1.7406736129996716 - timing_s/agent_loop/slowest/tool_calls:0.0 - timing_s/agent_loop/slowest/compute_score:0.7597546619945206 - timing_s/agent_loop/slowest/num_preempted:-1 - timing_s/agent_loop/slowest/prompt_length:5992 - timing_s/agent_loop/slowest/response_length:9 - timing_s/gen:3.871477895998396 - timing_s/reward:2.9661001462955028e-05 - timing_s/old_log_prob:15.096385842000018 - timing_s/ref:25.806290526998055 - timing_s/adv:0.014721393999934662 - timing_s/update_actor:54.93458964299498 - timing_s/update_weights:4.816570703005709 - timing_s/step:104.69001023400051 - timing_s/stop_profile:3.983199712820351e-05 - timing_per_token_ms/update_actor:0.02246496492028527 - timing_per_token_ms/ref:0.010553230945734878 - timing_per_token_ms/gen:0.3265141179048997 - timing_per_token_ms/adv:6.0201705689523e-06 - perf/total_num_tokens:2445345 - perf/time_per_step:104.69001023400051 - perf/throughput:2919.744914694136
[36m(TaskRunner pid=469699)[0m step:43 - global_seqlen/min:172157 - global_seqlen/max:478171 - global_seqlen/minmax_diff:306014 - global_seqlen/balanced_min:300821 - global_seqlen/balanced_max:300821 - global_seqlen/mean:300821.0 - actor/entropy:0.2332228422164917 - perf/mfu/actor_infer:0.36941277608723483 - actor/pg_clipfrac:0.0 - actor/ppo_kl:0.0 - actor/pg_clipfrac_lower:0.0 - actor/pg_loss:-0.0017428560211101285 - actor/kl_loss:0.01899302277637195 - actor/kl_coef:0.05000000000000001 - actor/loss:-0.0007931999862194061 - actor/grad_norm:1.3837252855300903 - actor/lr:5e-07 - perf/mfu/actor:0.2796407057969532 - training/global_step:43 - training/epoch:2 - critic/score/mean:0.18369948863983154 - critic/score/max:0.7353658676147461 - critic/score/min:0.0 - critic/rewards/mean:0.18369948863983154 - critic/rewards/max:0.7353658676147461 - critic/rewards/min:0.0 - critic/advantages/mean:0.0017428597202524543 - critic/advantages/max:3.74997878074646 - critic/advantages/min:-3.749925374984741 - critic/returns/mean:0.0017428597202524543 - critic/returns/max:3.74997878074646 - critic/returns/min:-3.749925374984741 - response_length/mean:11.5859375 - response_length/max:16.0 - response_length/min:9.0 - response_length/clip_ratio:0.0 - response_length_non_aborted/mean:11.5859375 - response_length_non_aborted/max:16.0 - response_length_non_aborted/min:9.0 - response_length_non_aborted/clip_ratio:0.0 - response/aborted_ratio:0.0 - prompt_length/mean:2338.578125 - prompt_length/max:8102.0 - prompt_length/min:556.0 - prompt_length/clip_ratio:0.0 - num_turns/min:2 - num_turns/max:2 - num_turns/mean:2.0 - timing_s/start_profile:4.9082002078648657e-05 - timing_s/agent_loop/num_preempted/min:-1 - timing_s/agent_loop/num_preempted/max:-1 - timing_s/agent_loop/num_preempted/mean:-1.0 - timing_s/agent_loop/generate_sequences/min:0.8410691579992999 - timing_s/agent_loop/generate_sequences/max:2.3282590610033367 - timing_s/agent_loop/generate_sequences/mean:1.732667742124967 - timing_s/agent_loop/tool_calls/min:0.0 - timing_s/agent_loop/tool_calls/max:0.0 - timing_s/agent_loop/tool_calls/mean:0.0 - timing_s/agent_loop/compute_score/min:0.003327623999211937 - timing_s/agent_loop/compute_score/max:0.6244410919971415 - timing_s/agent_loop/compute_score/mean:0.18609289558109054 - timing_s/agent_loop/slowest/generate_sequences:2.127278246996866 - timing_s/agent_loop/slowest/tool_calls:0.0 - timing_s/agent_loop/slowest/compute_score:0.278696111003228 - timing_s/agent_loop/slowest/num_preempted:-1 - timing_s/agent_loop/slowest/prompt_length:892 - timing_s/agent_loop/slowest/response_length:15 - timing_s/gen:3.9128027289989404 - timing_s/reward:4.214199725538492e-05 - timing_s/old_log_prob:14.779244099998323 - timing_s/ref:26.190220434000366 - timing_s/adv:0.014701923995744437 - timing_s/update_actor:54.50979811500292 - timing_s/update_weights:5.131167512998218 - timing_s/step:104.68778284199652 - timing_s/stop_profile:4.085199907422066e-05 - timing_per_token_ms/update_actor:0.02265042920665567 - timing_per_token_ms/ref:0.01088280922625098 - timing_per_token_ms/gen:0.3298046804618122 - timing_per_token_ms/adv:6.109083140698471e-06 - perf/total_num_tokens:2406568 - perf/time_per_step:104.68778284199652 - perf/throughput:2873.5062662853793[36m(WorkerDict pid=480063)[0m INFO:2026-07-11 06:25:19,398:update_weights done, time cost: 3.18s
[36m(TaskRunner pid=469699)[0m Training Progress:  59%|█████▊    | 44/75 [1:18:00<54:51, 106.18s/it]
[36m(WorkerDict pid=480064)[0m INFO:2026-07-11 06:27:01,847:[Rank 1] Saved model to /workspace/verl-x/budget-rl-training-repro/outputs/rl_pct30e5_kl005_central_lam1_seed42/global_step_45/actor/model_world_size_8_rank_1.pt
[36m(WorkerDict pid=480066)[0m INFO:2026-07-11 06:27:10,107:[Rank 3] Saved optim to /workspace/verl-x/budget-rl-training-repro/outputs/rl_pct30e5_kl005_central_lam1_seed42/global_step_45/actor/optim_world_size_8_rank_3.pt
[36m(WorkerDict pid=480066)[0m INFO:2026-07-11 06:27:10,108:[Rank 3] Saved extra_state to /workspace/verl-x/budget-rl-training-repro/outputs/rl_pct30e5_kl005_central_lam1_seed42/global_step_45/actor/extra_state_world_size_8_rank_3.pt
[36m(WorkerDict pid=480070)[0m INFO:2026-07-11 06:27:01,903:[Rank 7] Saved model to /workspace/verl-x/budget-rl-training-repro/outputs/rl_pct30e5_kl005_central_lam1_seed42/global_step_45/actor/model_world_size_8_rank_7.pt[32m [repeated 7x across cluster][0m
[36m(WorkerDict pid=480063)[0m INFO:2026-07-11 06:27:10,404:[Rank 0] Saved model config and tokenizer class to /workspace/verl-x/budget-rl-training-repro/outputs/rl_pct30e5_kl005_central_lam1_seed42/global_step_45/actor/huggingface
[36m(WorkerDict pid=480063)[0m INFO:2026-07-11 06:27:14,522:update_weights done, time cost: 3.15s
[36m(TaskRunner pid=469699)[0m Training Progress:  60%|██████    | 45/75 [1:19:55<54:26, 108.88s/it]
[36m(WorkerDict pid=480067)[0m INFO:2026-07-11 06:27:10,664:[Rank 4] Saved optim to /workspace/verl-x/budget-rl-training-repro/outputs/rl_pct30e5_kl005_central_lam1_seed42/global_step_45/actor/optim_world_size_8_rank_4.pt[32m [repeated 7x across cluster][0m
[36m(WorkerDict pid=480067)[0m INFO:2026-07-11 06:27:10,666:[Rank 4] Saved extra_state to /workspace/verl-x/budget-rl-training-repro/outputs/rl_pct30e5_kl005_central_lam1_seed42/global_step_45/actor/extra_state_world_size_8_rank_4.pt[32m [repeated 7x across cluster][0m
[36m(WorkerDict pid=480063)[0m INFO:2026-07-11 06:28:56,747:update_weights done, time cost: 3.22s
[36m(TaskRunner pid=469699)[0m Training Progress:  61%|██████▏   | 46/75 [1:21:38<51:39, 106.86s/it]

[36m(TaskRunner pid=469699)[0m step:44 - global_seqlen/min:298981 - global_seqlen/max:432467 - global_seqlen/minmax_diff:133486 - global_seqlen/balanced_min:360072 - global_seqlen/balanced_max:360073 - global_seqlen/mean:360072.75 - actor/entropy:0.21060065925121307 - perf/mfu/actor_infer:0.3845876052696871 - actor/pg_clipfrac:0.0 - actor/ppo_kl:0.0 - actor/pg_clipfrac_lower:0.0 - actor/pg_loss:0.007140044068364659 - actor/kl_loss:0.01601949945031264 - actor/kl_coef:0.05000000000000001 - actor/loss:0.007941021583974361 - actor/grad_norm:1.3035247325897217 - actor/lr:5e-07 - perf/mfu/actor:0.29548531916932014 - training/global_step:44 - training/epoch:2 - critic/score/mean:0.15571686625480652 - critic/score/max:0.7254847884178162 - critic/score/min:0.0 - critic/rewards/mean:0.15571686625480652 - critic/rewards/max:0.7254847884178162 - critic/rewards/min:0.0 - critic/advantages/mean:-0.0071400427259504795 - critic/advantages/max:3.749978542327881 - critic/advantages/min:-1.6224164962768555 - critic/returns/mean:-0.0071400427259504795 - critic/returns/max:3.749978542327881 - critic/returns/min:-1.6224164962768555 - response_length/mean:11.224609375 - response_length/max:16.0 - response_length/min:9.0 - response_length/clip_ratio:0.0 - response_length_non_aborted/mean:11.224609375 - response_length_non_aborted/max:16.0 - response_length_non_aborted/min:9.0 - response_length_non_aborted/clip_ratio:0.0 - response/aborted_ratio:0.0 - prompt_length/mean:2801.84375 - prompt_length/max:7665.0 - prompt_length/min:558.0 - prompt_length/clip_ratio:0.0 - num_turns/min:2 - num_turns/max:2 - num_turns/mean:2.0 - timing_s/start_profile:5.7992998335976154e-05 - timing_s/agent_loop/num_preempted/min:-1 - timing_s/agent_loop/num_preempted/max:-1 - timing_s/agent_loop/num_preempted/mean:-1.0 - timing_s/agent_loop/generate_sequences/min:0.7978541160046007 - timing_s/agent_loop/generate_sequences/max:2.6574016290032887 - timing_s/agent_loop/generate_sequences/mean:1.8413331579660692 - timing_s/agent_loop/tool_calls/min:0.0 - timing_s/agent_loop/tool_calls/max:0.0 - timing_s/agent_loop/tool_calls/mean:0.0 - timing_s/agent_loop/compute_score/min:0.003431260003708303 - timing_s/agent_loop/compute_score/max:0.7233913439995376 - timing_s/agent_loop/compute_score/mean:0.14883127881245173 - timing_s/agent_loop/slowest/generate_sequences:2.5060273059934843 - timing_s/agent_loop/slowest/tool_calls:0.0 - timing_s/agent_loop/slowest/compute_score:0.21195522799825994 - timing_s/agent_loop/slowest/num_preempted:-1 - timing_s/agent_loop/slowest/prompt_length:562 - timing_s/agent_loop/slowest/response_length:15 - timing_s/gen:3.946593587003008 - timing_s/reward:3.339099930599332e-05 - timing_s/old_log_prob:16.725005765001697 - timing_s/ref:27.065360467000573 - timing_s/adv:0.02845191599772079 - timing_s/update_actor:61.51624970100238 - timing_s/update_weights:4.9740298179967795 - timing_s/step:114.37190589900274 - timing_s/stop_profile:4.0712002373766154e-05 - timing_per_token_ms/update_actor:0.02135549333468111 - timing_per_token_ms/ref:0.009395795872848117 - timing_per_token_ms/gen:0.343361196015574 - timing_per_token_ms/adv:9.87714149353179e-06 - perf/total_num_tokens:2880582 - perf/time_per_step:114.37190589900274 - perf/throughput:3148.262216754225
[36m(TaskRunner pid=469699)[0m local_global_step_folder: /workspace/verl-x/budget-rl-training-repro/outputs/rl_pct30e5_kl005_central_lam1_seed42/global_step_45
[36m(TaskRunner pid=469699)[0m step:45 - global_seqlen/min:144941 - global_seqlen/max:407739 - global_seqlen/minmax_diff:262798 - global_seqlen/balanced_min:295073 - global_seqlen/balanced_max:295074 - global_seqlen/mean:295073.125 - actor/entropy:0.2307731807231903 - perf/mfu/actor_infer:0.36564721342647827 - actor/pg_clipfrac:0.0 - actor/ppo_kl:0.0 - actor/pg_clipfrac_lower:0.0 - actor/pg_loss:-0.0018352429033257067 - actor/kl_loss:0.020383640639885736 - actor/kl_coef:0.05000000000000001 - actor/loss:-0.0008160569705069065 - actor/grad_norm:1.0314319133758545 - actor/lr:5e-07 - perf/mfu/actor:0.278657642181831 - training/global_step:45 - training/epoch:2 - critic/score/mean:0.16742415726184845 - critic/score/max:0.7178571224212646 - critic/score/min:0.0 - critic/rewards/mean:0.16742415726184845 - critic/rewards/max:0.7178571224212646 - critic/rewards/min:0.0 - critic/advantages/mean:0.001835241331718862 - critic/advantages/max:3.7499775886535645 - critic/advantages/min:-3.749925374984741 - critic/returns/mean:0.001835241331718862 - critic/returns/max:3.7499775886535645 - critic/returns/min:-3.749925374984741 - response_length/mean:11.6025390625 - response_length/max:16.0 - response_length/min:9.0 - response_length/clip_ratio:0.0 - response_length_non_aborted/mean:11.6025390625 - response_length_non_aborted/max:16.0 - response_length_non_aborted/min:9.0 - response_length_non_aborted/clip_ratio:0.0 - response/aborted_ratio:0.0 - prompt_length/mean:2293.65625 - prompt_length/max:7886.0 - prompt_length/min:557.0 - prompt_length/clip_ratio:0.0 - num_turns/min:2 - num_turns/max:2 - num_turns/mean:2.0 - timing_s/start_profile:3.640200156951323e-05 - timing_s/agent_loop/num_preempted/min:-1 - timing_s/agent_loop/num_preempted/max:-1 - timing_s/agent_loop/num_preempted/mean:-1.0 - timing_s/agent_loop/generate_sequences/min:0.7889719120066729 - timing_s/agent_loop/generate_sequences/max:2.336372908001067 - timing_s/agent_loop/generate_sequences/mean:1.6485025093848833 - timing_s/agent_loop/tool_calls/min:0.0 - timing_s/agent_loop/tool_calls/max:0.0 - timing_s/agent_loop/tool_calls/mean:0.0 - timing_s/agent_loop/compute_score/min:0.0035103530026390217 - timing_s/agent_loop/compute_score/max:0.7220453859990812 - timing_s/agent_loop/compute_score/mean:0.20554805445100044 - timing_s/agent_loop/slowest/generate_sequences:1.694662829999288 - timing_s/agent_loop/slowest/tool_calls:0.0 - timing_s/agent_loop/slowest/compute_score:0.6748654859984526 - timing_s/agent_loop/slowest/num_preempted:-1 - timing_s/agent_loop/slowest/prompt_length:5486 - timing_s/agent_loop/slowest/response_length:9 - timing_s/gen:3.6674236169928918 - timing_s/reward:0.009496069003944285 - timing_s/old_log_prob:14.829633263994765 - timing_s/ref:25.435933572000067 - timing_s/adv:0.014786159998038784 - timing_s/update_actor:53.09137739799917 - timing_s/save_checkpoint:13.321124182999483 - timing_s/update_weights:4.6741105539986165 - timing_s/step:115.16193696900154 - timing_s/stop_profile:4.076199547853321e-05 - timing_per_token_ms/update_actor:0.022490771312195564 - timing_per_token_ms/ref:0.010775266966451142 - timing_per_token_ms/gen:0.30867970852562004 - timing_per_token_ms/adv:6.2637693614247245e-06 - perf/total_num_tokens:2360585 - perf/time_per_step:115.16193696900154 - perf/throughput:2562.2452414935124
[36m(TaskRunner pid=469699)[0m step:46 - global_seqlen/min:118867 - global_seqlen/max:363685 - global_seqlen/minmax_diff:244818 - global_seqlen/balanced_min:280395 - global_seqlen/balanced_max:280396 - global_seqlen/mean:280395.5 - actor/entropy:0.2320181429386139 - perf/mfu/actor_infer:0.3609834207008357 - actor/pg_clipfrac:0.0 - actor/ppo_kl:0.0 - actor/pg_clipfrac_lower:0.0 - actor/pg_loss:0.008140155384224634 - actor/kl_loss:0.02464150779043281 - actor/kl_coef:0.05000000000000001 - actor/loss:0.009372232481837273 - actor/grad_norm:1.1377830505371094 - actor/lr:5e-07 - perf/mfu/actor:0.2742302134822914 - training/global_step:46 - training/epoch:3 - critic/score/mean:0.16937041282653809 - critic/score/max:0.7283505201339722 - critic/score/min:0.0 - critic/rewards/mean:0.16937041282653809 - critic/rewards/max:0.7283505201339722 - critic/rewards/min:0.0 - critic/advantages/mean:-0.008140156976878643 - critic/advantages/max:3.749979257583618 - critic/advantages/min:-3.749925374984741 - critic/returns/mean:-0.008140156976878643 - critic/returns/max:3.749979257583618 - critic/returns/min:-3.749925374984741 - response_length/mean:11.68359375 - response_length/max:17.0 - response_length/min:9.0 - response_length/clip_ratio:0.0 - response_length_non_aborted/mean:11.68359375 - response_length_non_aborted/max:17.0 - response_length_non_aborted/min:9.0 - response_length_non_aborted/clip_ratio:0.0 - response/aborted_ratio:0.0 - prompt_length/mean:2178.90625 - prompt_length/max:6933.0 - prompt_length/min:556.0 - prompt_length/clip_ratio:0.0 - num_turns/min:2 - num_turns/max:2 - num_turns/mean:2.0 - timing_s/start_profile:0.0004965049956808798 - timing_s/agent_loop/num_preempted/min:-1 - timing_s/agent_loop/num_preempted/max:-1 - timing_s/agent_loop/num_preempted/mean:-1.0 - timing_s/agent_loop/generate_sequences/min:0.7918578489989159 - timing_s/agent_loop/generate_sequences/max:2.2842742100037867 - timing_s/agent_loop/generate_sequences/mean:1.633119613397433 - timing_s/agent_loop/tool_calls/min:0.0 - timing_s/agent_loop/tool_calls/max:0.0 - timing_s/agent_loop/tool_calls/mean:0.0 - timing_s/agent_loop/compute_score/min:0.0033911369973793626 - timing_s/agent_loop/compute_score/max:0.7053529469994828 - timing_s/agent_loop/compute_score/mean:0.2115608574834269 - timing_s/agent_loop/slowest/generate_sequences:2.052667650998046 - timing_s/agent_loop/slowest/tool_calls:0.0 - timing_s/agent_loop/slowest/compute_score:0.28763139600050636 - timing_s/agent_loop/slowest/num_preempted:-1 - timing_s/agent_loop/slowest/prompt_length:641 - timing_s/agent_loop/slowest/response_length:15 - timing_s/gen:4.294142366001324 - timing_s/reward:4.687199543695897e-05 - timing_s/old_log_prob:14.42187161900074 - timing_s/ref:25.944153084004938 - timing_s/adv:0.015646220999769866 - timing_s/update_actor:51.18047217599815 - timing_s/update_weights:5.0373596560020815 - timing_s/step:101.27040219899936 - timing_s/stop_profile:8.213499677367508e-05 - timing_per_token_ms/update_actor:0.022816197200025565 - timing_per_token_ms/ref:0.011565874400625606 - timing_per_token_ms/gen:0.35892196305594487 - timing_per_token_ms/adv:6.975067805907132e-06 - perf/total_num_tokens:2243164 - perf/time_per_step:101.27040219899936 - perf/throughput:2768.7803535036273[36m(WorkerDict pid=480063)[0m INFO:2026-07-11 06:30:37,967:update_weights done, time cost: 3.08s
[36m(TaskRunner pid=469699)[0m Training Progress:  63%|██████▎   | 47/75 [1:23:19<49:04, 105.17s/it]
[36m(WorkerDict pid=480063)[0m INFO:2026-07-11 06:32:20,643:update_weights done, time cost: 3.15s
[36m(TaskRunner pid=469699)[0m Training Progress:  64%|██████▍   | 48/75 [1:25:02<46:59, 104.43s/it]
[36m(WorkerDict pid=480063)[0m INFO:2026-07-11 06:34:02,545:update_weights done, time cost: 3.33s
[36m(TaskRunner pid=469699)[0m Training Progress:  65%|██████▌   | 49/75 [1:26:43<44:55, 103.67s/it]

[36m(TaskRunner pid=469699)[0m step:47 - global_seqlen/min:94113 - global_seqlen/max:404872 - global_seqlen/minmax_diff:310759 - global_seqlen/balanced_min:281945 - global_seqlen/balanced_max:281948 - global_seqlen/mean:281947.125 - actor/entropy:0.2580709755420685 - perf/mfu/actor_infer:0.36166392705095646 - actor/pg_clipfrac:0.0 - actor/ppo_kl:0.0 - actor/pg_clipfrac_lower:0.0 - actor/pg_loss:0.0006219201412704933 - actor/kl_loss:0.023598526397057604 - actor/kl_coef:0.05000000000000001 - actor/loss:0.0018018404953181744 - actor/grad_norm:1.1678158044815063 - actor/lr:5e-07 - perf/mfu/actor:0.27347627736465663 - training/global_step:47 - training/epoch:3 - critic/score/mean:0.186297208070755 - critic/score/max:0.78644859790802 - critic/score/min:0.0 - critic/rewards/mean:0.186297208070755 - critic/rewards/max:0.78644859790802 - critic/rewards/min:0.0 - critic/advantages/mean:-0.0006219188799150288 - critic/advantages/max:3.7499756813049316 - critic/advantages/min:-3.749925374984741 - critic/returns/mean:-0.0006219188799150288 - critic/returns/max:3.7499756813049316 - critic/returns/min:-3.749925374984741 - response_length/mean:12.0869140625 - response_length/max:16.0 - response_length/min:9.0 - response_length/clip_ratio:0.0 - response_length_non_aborted/mean:12.0869140625 - response_length_non_aborted/max:16.0 - response_length_non_aborted/min:9.0 - response_length_non_aborted/clip_ratio:0.0 - response/aborted_ratio:0.0 - prompt_length/mean:2190.625 - prompt_length/max:7352.0 - prompt_length/min:557.0 - prompt_length/clip_ratio:0.0 - num_turns/min:2 - num_turns/max:2 - num_turns/mean:2.0 - timing_s/start_profile:7.375400309683755e-05 - timing_s/agent_loop/num_preempted/min:-1 - timing_s/agent_loop/num_preempted/max:-1 - timing_s/agent_loop/num_preempted/mean:-1.0 - timing_s/agent_loop/generate_sequences/min:0.8280647369974758 - timing_s/agent_loop/generate_sequences/max:2.6886384090030333 - timing_s/agent_loop/generate_sequences/mean:1.722839423257625 - timing_s/agent_loop/tool_calls/min:0.0 - timing_s/agent_loop/tool_calls/max:0.0 - timing_s/agent_loop/tool_calls/mean:0.0 - timing_s/agent_loop/compute_score/min:0.0036379599987412803 - timing_s/agent_loop/compute_score/max:1.103995201003272 - timing_s/agent_loop/compute_score/mean:0.24703313634385893 - timing_s/agent_loop/slowest/generate_sequences:1.6923228399973596 - timing_s/agent_loop/slowest/tool_calls:0.0 - timing_s/agent_loop/slowest/compute_score:1.0562723269977141 - timing_s/agent_loop/slowest/num_preempted:-1 - timing_s/agent_loop/slowest/prompt_length:933 - timing_s/agent_loop/slowest/response_length:15 - timing_s/gen:3.9322952019938384 - timing_s/reward:2.5651002943050116e-05 - timing_s/old_log_prob:14.444177580000542 - timing_s/ref:25.492909699998563 - timing_s/adv:0.015134266999666579 - timing_s/update_actor:52.11849979499675 - timing_s/update_weights:5.025795939000091 - timing_s/step:101.17881912299345 - timing_s/stop_profile:4.051200085086748e-05 - timing_per_token_ms/update_actor:0.023106504364513714 - timing_per_token_ms/ref:0.011302167782345078 - timing_per_token_ms/gen:0.31770988139240836 - timing_per_token_ms/adv:6.709709754828401e-06 - perf/total_num_tokens:2255577 - perf/time_per_step:101.17881912299345 - perf/throughput:2786.622016780644
[36m(TaskRunner pid=469699)[0m step:48 - global_seqlen/min:244639 - global_seqlen/max:420321 - global_seqlen/minmax_diff:175682 - global_seqlen/balanced_min:297282 - global_seqlen/balanced_max:297283 - global_seqlen/mean:297282.875 - actor/entropy:0.2333374172449112 - perf/mfu/actor_infer:0.36826952686955994 - actor/pg_clipfrac:0.0 - actor/ppo_kl:0.0 - actor/pg_clipfrac_lower:0.0 - actor/pg_loss:0.0047888834149034665 - actor/kl_loss:0.022014665335771986 - actor/kl_coef:0.05000000000000001 - actor/loss:0.005889618769288063 - actor/grad_norm:1.0769902467727661 - actor/lr:5e-07 - perf/mfu/actor:0.27949642020298365 - training/global_step:48 - training/epoch:3 - critic/score/mean:0.16114245355129242 - critic/score/max:0.7293838858604431 - critic/score/min:0.0 - critic/rewards/mean:0.16114245355129242 - critic/rewards/max:0.7293838858604431 - critic/rewards/min:0.0 - critic/advantages/mean:-0.004788881633430719 - critic/advantages/max:3.7499773502349854 - critic/advantages/min:-3.749925374984741 - critic/returns/mean:-0.004788881633430719 - critic/returns/max:3.7499773502349854 - critic/returns/min:-3.749925374984741 - response_length/mean:11.6943359375 - response_length/max:16.0 - response_length/min:9.0 - response_length/clip_ratio:0.0 - response_length_non_aborted/mean:11.6943359375 - response_length_non_aborted/max:16.0 - response_length_non_aborted/min:9.0 - response_length_non_aborted/clip_ratio:0.0 - response/aborted_ratio:0.0 - prompt_length/mean:2310.828125 - prompt_length/max:6819.0 - prompt_length/min:556.0 - prompt_length/clip_ratio:0.0 - num_turns/min:2 - num_turns/max:2 - num_turns/mean:2.0 - timing_s/start_profile:3.742200351553038e-05 - timing_s/agent_loop/num_preempted/min:-1 - timing_s/agent_loop/num_preempted/max:-1 - timing_s/agent_loop/num_preempted/mean:-1.0 - timing_s/agent_loop/generate_sequences/min:0.8278261340019526 - timing_s/agent_loop/generate_sequences/max:2.261201446002815 - timing_s/agent_loop/generate_sequences/mean:1.6596224324822515 - timing_s/agent_loop/tool_calls/min:0.0 - timing_s/agent_loop/tool_calls/max:0.0 - timing_s/agent_loop/tool_calls/mean:0.0 - timing_s/agent_loop/compute_score/min:0.0036609099988709204 - timing_s/agent_loop/compute_score/max:0.6582418969992432 - timing_s/agent_loop/compute_score/mean:0.18502108152043917 - timing_s/agent_loop/slowest/generate_sequences:2.0149779109997326 - timing_s/agent_loop/slowest/tool_calls:0.0 - timing_s/agent_loop/slowest/compute_score:0.3092627940059174 - timing_s/agent_loop/slowest/num_preempted:-1 - timing_s/agent_loop/slowest/prompt_length:706 - timing_s/agent_loop/slowest/response_length:15 - timing_s/gen:3.5612159640004393 - timing_s/reward:2.900099934777245e-05 - timing_s/old_log_prob:14.526795477002452 - timing_s/ref:26.044994859003054 - timing_s/adv:0.014908074001141358 - timing_s/update_actor:53.429988964002405 - timing_s/update_weights:4.957755538001948 - timing_s/step:102.68597786799364 - timing_s/stop_profile:4.109200381208211e-05 - timing_per_token_ms/update_actor:0.022465971578417697 - timing_per_token_ms/ref:0.01095126773573951 - timing_per_token_ms/gen:0.2973875544050471 - timing_per_token_ms/adv:6.268471569856386e-06 - perf/total_num_tokens:2378263 - perf/time_per_step:102.68597786799364 - perf/throughput:2895.0678678073004
[36m(TaskRunner pid=469699)[0m step:49 - global_seqlen/min:132627 - global_seqlen/max:407907 - global_seqlen/minmax_diff:275280 - global_seqlen/balanced_min:285226 - global_seqlen/balanced_max:285227 - global_seqlen/mean:285226.75 - actor/entropy:0.23274829983711243 - perf/mfu/actor_infer:0.3622371919832337 - actor/pg_clipfrac:0.0 - actor/ppo_kl:0.0 - actor/pg_clipfrac_lower:0.0 - actor/pg_loss:0.009618527416023426 - actor/kl_loss:0.02154786345146513 - actor/kl_coef:0.05000000000000001 - actor/loss:0.010695921257138252 - actor/grad_norm:1.1199111938476562 - actor/lr:5e-07 - perf/mfu/actor:0.27506419029642826 - training/global_step:49 - training/epoch:3 - critic/score/mean:0.19401343166828156 - critic/score/max:0.75 - critic/score/min:0.0 - critic/rewards/mean:0.19401343166828156 - critic/rewards/max:0.75 - critic/rewards/min:0.0 - critic/advantages/mean:-0.009618529118597507 - critic/advantages/max:3.7499783039093018 - critic/advantages/min:-2.9576590061187744 - critic/returns/mean:-0.009618529118597507 - critic/returns/max:3.7499783039093018 - critic/returns/min:-2.9576590061187744 - response_length/mean:11.787109375 - response_length/max:20.0 - response_length/min:9.0 - response_length/clip_ratio:0.0 - response_length_non_aborted/mean:11.787109375 - response_length_non_aborted/max:20.0 - response_length_non_aborted/min:9.0 - response_length_non_aborted/clip_ratio:0.0 - response/aborted_ratio:0.0 - prompt_length/mean:2216.546875 - prompt_length/max:8156.0 - prompt_length/min:557.0 - prompt_length/clip_ratio:0.0 - num_turns/min:2 - num_turns/max:2 - num_turns/mean:2.0 - timing_s/start_profile:6.265300180530176e-05 - timing_s/agent_loop/num_preempted/min:-1 - timing_s/agent_loop/num_preempted/max:-1 - timing_s/agent_loop/num_preempted/mean:-1.0 - timing_s/agent_loop/generate_sequences/min:0.7969289780012332 - timing_s/agent_loop/generate_sequences/max:2.6451842129972647 - timing_s/agent_loop/generate_sequences/mean:1.746316955695299 - timing_s/agent_loop/tool_calls/min:0.0 - timing_s/agent_loop/tool_calls/max:0.0 - timing_s/agent_loop/tool_calls/mean:0.0 - timing_s/agent_loop/compute_score/min:0.003519232996040955 - timing_s/agent_loop/compute_score/max:1.130495218996657 - timing_s/agent_loop/compute_score/mean:0.2298460413251462 - timing_s/agent_loop/slowest/generate_sequences:2.355192970004282 - timing_s/agent_loop/slowest/tool_calls:0.0 - timing_s/agent_loop/slowest/compute_score:0.32877417399868136 - timing_s/agent_loop/slowest/num_preempted:-1 - timing_s/agent_loop/slowest/prompt_length:895 - timing_s/agent_loop/slowest/response_length:15 - timing_s/gen:3.909138108996558 - timing_s/reward:2.5162000383716077e-05 - timing_s/old_log_prob:14.510375130994362 - timing_s/ref:25.521236371998384 - timing_s/adv:0.014845161000266671 - timing_s/update_actor:52.52766759299993 - timing_s/update_weights:5.208188431002782 - timing_s/step:101.87707945800503 - timing_s/stop_profile:3.9842001569923013e-05 - timing_per_token_ms/update_actor:0.023020135555746408 - timing_per_token_ms/ref:0.011184626079074975 - timing_per_token_ms/gen:0.32387225426649197 - timing_per_token_ms/adv:6.505859373404963e-06 - perf/total_num_tokens:2281814 - perf/time_per_step:101.87707945800503 - perf/throughput:2799.7146317643897[36m(WorkerDict pid=480063)[0m INFO:2026-07-11 06:35:39,523:update_weights done, time cost: 3.46s
[36m(TaskRunner pid=469699)[0m Training Progress:  67%|██████▋   | 50/75 [1:28:20<42:21, 101.67s/it]
[36m(WorkerDict pid=480063)[0m INFO:2026-07-11 06:37:27,765:update_weights done, time cost: 3.27s
[36m(TaskRunner pid=469699)[0m Training Progress:  68%|██████▊   | 51/75 [1:30:09<41:27, 103.63s/it]
[36m(WorkerDict pid=480063)[0m INFO:2026-07-11 06:39:20,628:update_weights done, time cost: 3.47s
[36m(TaskRunner pid=469699)[0m Training Progress:  69%|██████▉   | 52/75 [1:32:01<40:47, 106.40s/it]

[36m(TaskRunner pid=469699)[0m step:50 - global_seqlen/min:134006 - global_seqlen/max:383363 - global_seqlen/minmax_diff:249357 - global_seqlen/balanced_min:257929 - global_seqlen/balanced_max:257930 - global_seqlen/mean:257929.625 - actor/entropy:0.2623467743396759 - perf/mfu/actor_infer:0.35037376524152797 - actor/pg_clipfrac:0.0 - actor/ppo_kl:0.0 - actor/pg_clipfrac_lower:0.0 - actor/pg_loss:-0.013559828119696249 - actor/kl_loss:0.028998768749105286 - actor/kl_coef:0.05000000000000001 - actor/loss:-0.012109888717532158 - actor/grad_norm:1.4167327880859375 - actor/lr:5e-07 - perf/mfu/actor:0.261729405054091 - training/global_step:50 - training/epoch:3 - critic/score/mean:0.1894891858100891 - critic/score/max:0.7353658676147461 - critic/score/min:0.0 - critic/rewards/mean:0.1894891858100891 - critic/rewards/max:0.7353658676147461 - critic/rewards/min:0.0 - critic/advantages/mean:0.013559832237660885 - critic/advantages/max:3.7499778270721436 - critic/advantages/min:-3.6887385845184326 - critic/returns/mean:0.013559832237660885 - critic/returns/max:3.7499778270721436 - critic/returns/min:-3.6887385845184326 - response_length/mean:12.3251953125 - response_length/max:17.0 - response_length/min:9.0 - response_length/clip_ratio:0.0 - response_length_non_aborted/mean:12.3251953125 - response_length_non_aborted/max:17.0 - response_length_non_aborted/min:9.0 - response_length_non_aborted/clip_ratio:0.0 - response/aborted_ratio:0.0 - prompt_length/mean:2002.75 - prompt_length/max:7253.0 - prompt_length/min:556.0 - prompt_length/clip_ratio:0.0 - num_turns/min:2 - num_turns/max:2 - num_turns/mean:2.0 - timing_s/start_profile:4.019199695903808e-05 - timing_s/agent_loop/num_preempted/min:-1 - timing_s/agent_loop/num_preempted/max:-1 - timing_s/agent_loop/num_preempted/mean:-1.0 - timing_s/agent_loop/generate_sequences/min:0.791572306996386 - timing_s/agent_loop/generate_sequences/max:2.206358152005123 - timing_s/agent_loop/generate_sequences/mean:1.666857811928736 - timing_s/agent_loop/tool_calls/min:0.0 - timing_s/agent_loop/tool_calls/max:0.0 - timing_s/agent_loop/tool_calls/mean:0.0 - timing_s/agent_loop/compute_score/min:0.0037487849986064248 - timing_s/agent_loop/compute_score/max:0.47379209299833747 - timing_s/agent_loop/compute_score/mean:0.16895283985140708 - timing_s/agent_loop/slowest/generate_sequences:1.8283059259993024 - timing_s/agent_loop/slowest/tool_calls:0.0 - timing_s/agent_loop/slowest/compute_score:0.42567391700140433 - timing_s/agent_loop/slowest/num_preempted:-1 - timing_s/agent_loop/slowest/prompt_length:1247 - timing_s/agent_loop/slowest/response_length:15 - timing_s/gen:3.5980850039995858 - timing_s/reward:2.8631002351175994e-05 - timing_s/old_log_prob:13.34676572799799 - timing_s/ref:25.742080042000453 - timing_s/adv:0.014721772997290827 - timing_s/update_actor:49.58845635299804 - timing_s/update_weights:4.5391861440002685 - timing_s/step:96.97986620700249 - timing_s/stop_profile:4.015200102003291e-05 - timing_per_token_ms/update_actor:0.02403197013187126 - timing_per_token_ms/ref:0.012475340920028308 - timing_per_token_ms/gen:0.28508715664365625 - timing_per_token_ms/adv:7.134588067040975e-06 - perf/total_num_tokens:2063437 - perf/time_per_step:96.97986620700249 - perf/throughput:2659.620342736419
[36m(TaskRunner pid=469699)[0m step:51 - global_seqlen/min:232572 - global_seqlen/max:423042 - global_seqlen/minmax_diff:190470 - global_seqlen/balanced_min:326760 - global_seqlen/balanced_max:326761 - global_seqlen/mean:326760.375 - actor/entropy:0.2094542682170868 - perf/mfu/actor_infer:0.3778722123160932 - actor/pg_clipfrac:0.0 - actor/ppo_kl:0.0 - actor/pg_clipfrac_lower:0.0 - actor/pg_loss:0.009608938434212178 - actor/kl_loss:0.023654308741842794 - actor/kl_coef:0.05000000000000001 - actor/loss:0.010791655629873276 - actor/grad_norm:1.4837011098861694 - actor/lr:5e-07 - perf/mfu/actor:0.2876956924728538 - training/global_step:51 - training/epoch:3 - critic/score/mean:0.16785313189029694 - critic/score/max:0.7366241812705994 - critic/score/min:0.0 - critic/rewards/mean:0.16785313189029694 - critic/rewards/max:0.7366241812705994 - critic/rewards/min:0.0 - critic/advantages/mean:-0.009608936496078968 - critic/advantages/max:3.749979019165039 - critic/advantages/min:-3.749925374984741 - critic/returns/mean:-0.009608936496078968 - critic/returns/max:3.749979019165039 - critic/returns/min:-3.749925374984741 - response_length/mean:11.4091796875 - response_length/max:16.0 - response_length/min:3.0 - response_length/clip_ratio:0.0 - response_length_non_aborted/mean:11.4091796875 - response_length_non_aborted/max:16.0 - response_length_non_aborted/min:3.0 - response_length_non_aborted/clip_ratio:0.0 - response/aborted_ratio:0.0 - prompt_length/mean:2541.40625 - prompt_length/max:7313.0 - prompt_length/min:556.0 - prompt_length/clip_ratio:0.0 - num_turns/min:2 - num_turns/max:2 - num_turns/mean:2.0 - timing_s/start_profile:4.270300269126892e-05 - timing_s/agent_loop/num_preempted/min:-1 - timing_s/agent_loop/num_preempted/max:-1 - timing_s/agent_loop/num_preempted/mean:-1.0 - timing_s/agent_loop/generate_sequences/min:0.6435681020011543 - timing_s/agent_loop/generate_sequences/max:2.4615882569996757 - timing_s/agent_loop/generate_sequences/mean:1.738437689422085 - timing_s/agent_loop/tool_calls/min:0.0 - timing_s/agent_loop/tool_calls/max:0.0 - timing_s/agent_loop/tool_calls/mean:0.0 - timing_s/agent_loop/compute_score/min:0.003637709000031464 - timing_s/agent_loop/compute_score/max:0.653376053996908 - timing_s/agent_loop/compute_score/mean:0.16081123920310603 - timing_s/agent_loop/slowest/generate_sequences:2.2542164670012426 - timing_s/agent_loop/slowest/tool_calls:0.0 - timing_s/agent_loop/slowest/compute_score:0.2568925909945392 - timing_s/agent_loop/slowest/num_preempted:-1 - timing_s/agent_loop/slowest/prompt_length:856 - timing_s/agent_loop/slowest/response_length:15 - timing_s/gen:3.6953261089947773 - timing_s/reward:3.35020013153553e-05 - timing_s/old_log_prob:15.58573386399803 - timing_s/ref:26.508861296999385 - timing_s/adv:0.014976252998167183 - timing_s/update_actor:57.14118831700034 - timing_s/update_weights:5.114259645000857 - timing_s/step:108.17670823999651 - timing_s/stop_profile:4.1062005038838834e-05 - timing_per_token_ms/update_actor:0.02185898011539815 - timing_per_token_ms/ref:0.010140787915685685 - timing_per_token_ms/gen:0.3162994187276194 - timing_per_token_ms/adv:5.729065602801129e-06 - perf/total_num_tokens:2614083 - perf/time_per_step:108.17670823999651 - perf/throughput:3020.6167327171993
[36m(TaskRunner pid=469699)[0m step:52 - global_seqlen/min:208062 - global_seqlen/max:514904 - global_seqlen/minmax_diff:306842 - global_seqlen/balanced_min:353097 - global_seqlen/balanced_max:353098 - global_seqlen/mean:353097.5 - actor/entropy:0.16753947734832764 - perf/mfu/actor_infer:0.38716826810872823 - actor/pg_clipfrac:0.0 - actor/ppo_kl:0.0 - actor/pg_clipfrac_lower:0.0 - actor/pg_loss:0.0066904071723001834 - actor/kl_loss:0.021296057169097063 - actor/kl_coef:0.05000000000000001 - actor/loss:0.007755212485790253 - actor/grad_norm:1.2314083576202393 - actor/lr:5e-07 - perf/mfu/actor:0.29448779231529826 - training/global_step:52 - training/epoch:3 - critic/score/mean:0.19327828288078308 - critic/score/max:0.7309859395027161 - critic/score/min:0.0 - critic/rewards/mean:0.19327828288078308 - critic/rewards/max:0.7309859395027161 - critic/rewards/min:0.0 - critic/advantages/mean:-0.006690405309200287 - critic/advantages/max:3.7499747276306152 - critic/advantages/min:-2.5409293174743652 - critic/returns/mean:-0.006690405309200287 - critic/returns/max:3.7499747276306152 - critic/returns/min:-2.5409293174743652 - response_length/mean:10.85546875 - response_length/max:16.0 - response_length/min:9.0 - response_length/clip_ratio:0.0 - response_length_non_aborted/mean:10.85546875 - response_length_non_aborted/max:16.0 - response_length_non_aborted/min:9.0 - response_length_non_aborted/clip_ratio:0.0 - response/aborted_ratio:0.0 - prompt_length/mean:2747.71875 - prompt_length/max:8034.0 - prompt_length/min:557.0 - prompt_length/clip_ratio:0.0 - num_turns/min:2 - num_turns/max:2 - num_turns/mean:2.0 - timing_s/start_profile:3.904199547832832e-05 - timing_s/agent_loop/num_preempted/min:-1 - timing_s/agent_loop/num_preempted/max:-1 - timing_s/agent_loop/num_preempted/mean:-1.0 - timing_s/agent_loop/generate_sequences/min:0.7525879250024445 - timing_s/agent_loop/generate_sequences/max:2.4195658099997672 - timing_s/agent_loop/generate_sequences/mean:1.693927421448322 - timing_s/agent_loop/tool_calls/min:0.0 - timing_s/agent_loop/tool_calls/max:0.0 - timing_s/agent_loop/tool_calls/mean:0.0 - timing_s/agent_loop/compute_score/min:0.0037145919995964505 - timing_s/agent_loop/compute_score/max:0.5214532329991926 - timing_s/agent_loop/compute_score/mean:0.12820128066696412 - timing_s/agent_loop/slowest/generate_sequences:1.9351845330020296 - timing_s/agent_loop/slowest/tool_calls:0.0 - timing_s/agent_loop/slowest/compute_score:0.5080839579968597 - timing_s/agent_loop/slowest/num_preempted:-1 - timing_s/agent_loop/slowest/prompt_length:4687 - timing_s/agent_loop/slowest/response_length:9 - timing_s/gen:3.7224826519959606 - timing_s/reward:2.3350999981630594e-05 - timing_s/old_log_prob:16.75458127100137 - timing_s/ref:26.219796012002917 - timing_s/adv:0.014825285994447768 - timing_s/update_actor:60.780675589005114 - timing_s/update_weights:5.23437708500569 - timing_s/step:112.84103804599727 - timing_s/stop_profile:4.3201995140407234e-05 - timing_per_token_ms/update_actor:0.02151695905132616 - timing_per_token_ms/ref:0.009282066572265067 - timing_per_token_ms/gen:0.33487609319862904 - timing_per_token_ms/adv:5.24829756457061e-06 - perf/total_num_tokens:2824780 - perf/time_per_step:112.84103804599727 - perf/throughput:3129.158558928422[36m(WorkerDict pid=480063)[0m INFO:2026-07-11 06:41:04,073:update_weights done, time cost: 3.30s
[36m(TaskRunner pid=469699)[0m Training Progress:  71%|███████   | 53/75 [1:33:45<38:41, 105.54s/it]
[36m(WorkerDict pid=480063)[0m INFO:2026-07-11 06:42:57,352:update_weights done, time cost: 3.27s
[36m(TaskRunner pid=469699)[0m Training Progress:  72%|███████▏  | 54/75 [1:35:38<37:44, 107.83s/it]
[36m(WorkerDict pid=480063)[0m INFO:2026-07-11 06:44:36,523:update_weights done, time cost: 3.21s
[36m(TaskRunner pid=469699)[0m Training Progress:  73%|███████▎  | 55/75 [1:37:17<35:05, 105.25s/it]

[36m(TaskRunner pid=469699)[0m step:53 - global_seqlen/min:132909 - global_seqlen/max:485818 - global_seqlen/minmax_diff:352909 - global_seqlen/balanced_min:297699 - global_seqlen/balanced_max:297700 - global_seqlen/mean:297699.75 - actor/entropy:0.2221912294626236 - perf/mfu/actor_infer:0.3673744219450483 - actor/pg_clipfrac:0.0 - actor/ppo_kl:0.0 - actor/pg_clipfrac_lower:0.0 - actor/pg_loss:0.008719820649275789 - actor/kl_loss:0.025378443985685735 - actor/kl_coef:0.05000000000000001 - actor/loss:0.009988742880523205 - actor/grad_norm:1.7094413042068481 - actor/lr:5e-07 - perf/mfu/actor:0.27765809917429074 - training/global_step:53 - training/epoch:3 - critic/score/mean:0.15432074666023254 - critic/score/max:0.7242857217788696 - critic/score/min:0.0 - critic/rewards/mean:0.15432074666023254 - critic/rewards/max:0.7242857217788696 - critic/rewards/min:0.0 - critic/advantages/mean:-0.00871981866657734 - critic/advantages/max:3.7499780654907227 - critic/advantages/min:-2.5436599254608154 - critic/returns/mean:-0.00871981866657734 - critic/returns/max:3.7499780654907227 - critic/returns/min:-2.5436599254608154 - response_length/mean:11.841796875 - response_length/max:16.0 - response_length/min:9.0 - response_length/clip_ratio:0.0 - response_length_non_aborted/mean:11.841796875 - response_length_non_aborted/max:16.0 - response_length_non_aborted/min:9.0 - response_length_non_aborted/clip_ratio:0.0 - response/aborted_ratio:0.0 - prompt_length/mean:2313.9375 - prompt_length/max:7886.0 - prompt_length/min:557.0 - prompt_length/clip_ratio:0.0 - num_turns/min:2 - num_turns/max:2 - num_turns/mean:2.0 - timing_s/start_profile:4.5321998186409473e-05 - timing_s/agent_loop/num_preempted/min:-1 - timing_s/agent_loop/num_preempted/max:-1 - timing_s/agent_loop/num_preempted/mean:-1.0 - timing_s/agent_loop/generate_sequences/min:0.7879526760007138 - timing_s/agent_loop/generate_sequences/max:2.3314060010015965 - timing_s/agent_loop/generate_sequences/mean:1.618539534403375 - timing_s/agent_loop/tool_calls/min:0.0 - timing_s/agent_loop/tool_calls/max:0.0 - timing_s/agent_loop/tool_calls/mean:0.0 - timing_s/agent_loop/compute_score/min:0.003740183004993014 - timing_s/agent_loop/compute_score/max:0.7154851939994842 - timing_s/agent_loop/compute_score/mean:0.18533898852449937 - timing_s/agent_loop/slowest/generate_sequences:1.9693191919941455 - timing_s/agent_loop/slowest/tool_calls:0.0 - timing_s/agent_loop/slowest/compute_score:0.41148446399893146 - timing_s/agent_loop/slowest/num_preempted:-1 - timing_s/agent_loop/slowest/prompt_length:4619 - timing_s/agent_loop/slowest/response_length:9 - timing_s/gen:3.602636199000699 - timing_s/reward:4.112200258532539e-05 - timing_s/old_log_prob:14.570492115002708 - timing_s/ref:26.205712631002825 - timing_s/adv:0.014752314003999345 - timing_s/update_actor:53.87652831000014 - timing_s/update_weights:5.149653041997226 - timing_s/step:103.5330710989947 - timing_s/stop_profile:3.9812002796679735e-05 - timing_per_token_ms/update_actor:0.02262200770659034 - timing_per_token_ms/ref:0.011003415618841982 - timing_per_token_ms/gen:0.2971001318654708 - timing_per_token_ms/adv:6.194292237396632e-06 - perf/total_num_tokens:2381598 - perf/time_per_step:103.5330710989947 - perf/throughput:2875.4073151693715
[36m(TaskRunner pid=469699)[0m step:54 - global_seqlen/min:201257 - global_seqlen/max:445031 - global_seqlen/minmax_diff:243774 - global_seqlen/balanced_min:354024 - global_seqlen/balanced_max:354025 - global_seqlen/mean:354024.125 - actor/entropy:0.20131610333919525 - perf/mfu/actor_infer:0.3828018188368156 - actor/pg_clipfrac:0.0 - actor/ppo_kl:0.0 - actor/pg_clipfrac_lower:0.0 - actor/pg_loss:0.0036720017378684133 - actor/kl_loss:0.023345839683161673 - actor/kl_coef:0.05000000000000001 - actor/loss:0.004839291796088219 - actor/grad_norm:0.8177652955055237 - actor/lr:5e-07 - perf/mfu/actor:0.29294554250450766 - training/global_step:54 - training/epoch:3 - critic/score/mean:0.1550203114748001 - critic/score/max:0.7200000286102295 - critic/score/min:0.0 - critic/rewards/mean:0.1550203114748001 - critic/rewards/max:0.7200000286102295 - critic/rewards/min:0.0 - critic/advantages/mean:-0.003672001650556922 - critic/advantages/max:3.74997878074646 - critic/advantages/min:-3.5450901985168457 - critic/returns/mean:-0.003672001650556922 - critic/returns/max:3.74997878074646 - critic/returns/min:-3.5450901985168457 - response_length/mean:11.4228515625 - response_length/max:16.0 - response_length/min:9.0 - response_length/clip_ratio:0.0 - response_length_non_aborted/mean:11.4228515625 - response_length_non_aborted/max:16.0 - response_length_non_aborted/min:9.0 - response_length_non_aborted/clip_ratio:0.0 - response/aborted_ratio:0.0 - prompt_length/mean:2754.390625 - prompt_length/max:7960.0 - prompt_length/min:556.0 - prompt_length/clip_ratio:0.0 - num_turns/min:2 - num_turns/max:2 - num_turns/mean:2.0 - timing_s/start_profile:6.0612997913267463e-05 - timing_s/agent_loop/num_preempted/min:-1 - timing_s/agent_loop/num_preempted/max:-1 - timing_s/agent_loop/num_preempted/mean:-1.0 - timing_s/agent_loop/generate_sequences/min:0.842862885001523 - timing_s/agent_loop/generate_sequences/max:2.518866476995754 - timing_s/agent_loop/generate_sequences/mean:1.8289617192655356 - timing_s/agent_loop/tool_calls/min:0.0 - timing_s/agent_loop/tool_calls/max:0.0 - timing_s/agent_loop/tool_calls/mean:0.0 - timing_s/agent_loop/compute_score/min:0.0034550790005596355 - timing_s/agent_loop/compute_score/max:0.6101795439972193 - timing_s/agent_loop/compute_score/mean:0.13057588186028823 - timing_s/agent_loop/slowest/generate_sequences:2.198084044997813 - timing_s/agent_loop/slowest/tool_calls:0.0 - timing_s/agent_loop/slowest/compute_score:0.38528769399999874 - timing_s/agent_loop/slowest/num_preempted:-1 - timing_s/agent_loop/slowest/prompt_length:689 - timing_s/agent_loop/slowest/response_length:15 - timing_s/gen:3.887125597000704 - timing_s/reward:3.4821998269762844e-05 - timing_s/old_log_prob:16.933310120999522 - timing_s/ref:26.266198147997784 - timing_s/adv:0.014752502996998373 - timing_s/update_actor:60.85510525800055 - timing_s/update_weights:5.092260910998448 - timing_s/step:113.16413499700138 - timing_s/stop_profile:4.065100074512884e-05 - timing_per_token_ms/update_actor:0.021486920297451674 - timing_per_token_ms/ref:0.009274155450563497 - timing_per_token_ms/gen:0.3323181667949649 - timing_per_token_ms/adv:5.208862177471088e-06 - perf/total_num_tokens:2832193 - perf/time_per_step:113.16413499700138 - perf/throughput:3128.4127697293925
[36m(TaskRunner pid=469699)[0m step:55 - global_seqlen/min:193465 - global_seqlen/max:380580 - global_seqlen/minmax_diff:187115 - global_seqlen/balanced_min:272772 - global_seqlen/balanced_max:272773 - global_seqlen/mean:272772.75 - actor/entropy:0.23118196427822113 - perf/mfu/actor_infer:0.35886898578487475 - actor/pg_clipfrac:0.0 - actor/ppo_kl:0.0 - actor/pg_clipfrac_lower:0.0 - actor/pg_loss:0.01094441576015015 - actor/kl_loss:0.03317775919268995 - actor/kl_coef:0.05000000000000001 - actor/loss:0.012603305280208588 - actor/grad_norm:1.1774917840957642 - actor/lr:5e-07 - perf/mfu/actor:0.2706424394103773 - training/global_step:55 - training/epoch:3 - critic/score/mean:0.16851197183132172 - critic/score/max:0.7424403429031372 - critic/score/min:0.0 - critic/rewards/mean:0.16851197183132172 - critic/rewards/max:0.7424403429031372 - critic/rewards/min:0.0 - critic/advantages/mean:-0.010944418609142303 - critic/advantages/max:3.74997878074646 - critic/advantages/min:-3.749925374984741 - critic/returns/mean:-0.010944418609142303 - critic/returns/max:3.74997878074646 - critic/returns/min:-3.749925374984741 - response_length/mean:11.927734375 - response_length/max:25.0 - response_length/min:8.0 - response_length/clip_ratio:0.0 - response_length_non_aborted/mean:11.927734375 - response_length_non_aborted/max:25.0 - response_length_non_aborted/min:8.0 - response_length_non_aborted/clip_ratio:0.0 - response/aborted_ratio:0.0 - prompt_length/mean:2119.109375 - prompt_length/max:7448.0 - prompt_length/min:557.0 - prompt_length/clip_ratio:0.0 - num_turns/min:2 - num_turns/max:2 - num_turns/mean:2.0 - timing_s/start_profile:6.688299617962912e-05 - timing_s/agent_loop/num_preempted/min:-1 - timing_s/agent_loop/num_preempted/max:-1 - timing_s/agent_loop/num_preempted/mean:-1.0 - timing_s/agent_loop/generate_sequences/min:0.7402248840007815 - timing_s/agent_loop/generate_sequences/max:2.2266055200016126 - timing_s/agent_loop/generate_sequences/mean:1.6166278332801767 - timing_s/agent_loop/tool_calls/min:0.0 - timing_s/agent_loop/tool_calls/max:0.0 - timing_s/agent_loop/tool_calls/mean:0.0 - timing_s/agent_loop/compute_score/min:0.0036823409973294474 - timing_s/agent_loop/compute_score/max:0.7091791599959834 - timing_s/agent_loop/compute_score/mean:0.2327805169666206 - timing_s/agent_loop/slowest/generate_sequences:2.0410834580034134 - timing_s/agent_loop/slowest/tool_calls:0.0 - timing_s/agent_loop/slowest/compute_score:0.23003667799639516 - timing_s/agent_loop/slowest/num_preempted:-1 - timing_s/agent_loop/slowest/prompt_length:658 - timing_s/agent_loop/slowest/response_length:15 - timing_s/gen:3.4962190209989785 - timing_s/reward:3.1322000722866505e-05 - timing_s/old_log_prob:13.639668324001832 - timing_s/ref:25.91819065799791 - timing_s/adv:0.014830086998699699 - timing_s/update_actor:50.63319601499825 - timing_s/update_weights:4.985968540000613 - timing_s/step:99.19996334399912 - timing_s/stop_profile:4.508200072450563e-05 - timing_per_token_ms/update_actor:0.023203012404555738 - timing_per_token_ms/ref:0.01187719019678373 - timing_per_token_ms/gen:0.2862468495987374 - timing_per_token_ms/adv:6.795989976408796e-06 - perf/total_num_tokens:2182182 - perf/time_per_step:99.19996334399912 - perf/throughput:2749.7263184876047[36m(WorkerDict pid=480063)[0m INFO:2026-07-11 06:46:28,063:update_weights done, time cost: 3.30s
[36m(TaskRunner pid=469699)[0m Training Progress:  75%|███████▍  | 56/75 [1:39:09<33:55, 107.12s/it]
[36m(WorkerDict pid=480063)[0m INFO:2026-07-11 06:48:11,432:update_weights done, time cost: 3.42s
[36m(TaskRunner pid=469699)[0m Training Progress:  76%|███████▌  | 57/75 [1:40:52<31:47, 105.99s/it]
[36m(WorkerDict pid=480063)[0m INFO:2026-07-11 06:49:54,706:update_weights done, time cost: 3.25s
[36m(TaskRunner pid=469699)[0m Training Progress:  77%|███████▋  | 58/75 [1:42:36<29:48, 105.21s/it]

[36m(TaskRunner pid=469699)[0m step:56 - global_seqlen/min:253347 - global_seqlen/max:438986 - global_seqlen/minmax_diff:185639 - global_seqlen/balanced_min:344504 - global_seqlen/balanced_max:344505 - global_seqlen/mean:344504.5 - actor/entropy:0.1832566261291504 - perf/mfu/actor_infer:0.3819297570717948 - actor/pg_clipfrac:0.0 - actor/ppo_kl:0.0 - actor/pg_clipfrac_lower:0.0 - actor/pg_loss:0.006187016520925681 - actor/kl_loss:0.024891918506399102 - actor/kl_coef:0.05000000000000001 - actor/loss:0.007431607693433762 - actor/grad_norm:0.8782957792282104 - actor/lr:5e-07 - perf/mfu/actor:0.2918249151070235 - training/global_step:56 - training/epoch:3 - critic/score/mean:0.1651429384946823 - critic/score/max:0.7273972630500793 - critic/score/min:0.0 - critic/rewards/mean:0.1651429384946823 - critic/rewards/max:0.7273972630500793 - critic/rewards/min:0.0 - critic/advantages/mean:-0.006187017075717449 - critic/advantages/max:3.7499778270721436 - critic/advantages/min:-3.749925374984741 - critic/returns/mean:-0.006187017075717449 - critic/returns/max:3.7499778270721436 - critic/returns/min:-3.749925374984741 - response_length/mean:11.25390625 - response_length/max:16.0 - response_length/min:9.0 - response_length/clip_ratio:0.0 - response_length_non_aborted/mean:11.25390625 - response_length_non_aborted/max:16.0 - response_length_non_aborted/min:9.0 - response_length_non_aborted/clip_ratio:0.0 - response/aborted_ratio:0.0 - prompt_length/mean:2680.1875 - prompt_length/max:7695.0 - prompt_length/min:556.0 - prompt_length/clip_ratio:0.0 - num_turns/min:2 - num_turns/max:2 - num_turns/mean:2.0 - timing_s/start_profile:4.035099846078083e-05 - timing_s/agent_loop/num_preempted/min:-1 - timing_s/agent_loop/num_preempted/max:-1 - timing_s/agent_loop/num_preempted/mean:-1.0 - timing_s/agent_loop/generate_sequences/min:0.8135084430032293 - timing_s/agent_loop/generate_sequences/max:2.4856025080007385 - timing_s/agent_loop/generate_sequences/mean:1.7234421103221607 - timing_s/agent_loop/tool_calls/min:0.0 - timing_s/agent_loop/tool_calls/max:0.0 - timing_s/agent_loop/tool_calls/mean:0.0 - timing_s/agent_loop/compute_score/min:0.003734783000254538 - timing_s/agent_loop/compute_score/max:0.7030532839999069 - timing_s/agent_loop/compute_score/mean:0.16742156871004 - timing_s/agent_loop/slowest/generate_sequences:1.8513970610001707 - timing_s/agent_loop/slowest/tool_calls:0.0 - timing_s/agent_loop/slowest/compute_score:0.6955356050020782 - timing_s/agent_loop/slowest/num_preempted:-1 - timing_s/agent_loop/slowest/prompt_length:2138 - timing_s/agent_loop/slowest/response_length:9 - timing_s/gen:3.7394424680023803 - timing_s/reward:3.2481999369338155e-05 - timing_s/old_log_prob:16.553842426998017 - timing_s/ref:26.23458350099827 - timing_s/adv:0.014663851005025208 - timing_s/update_actor:59.68091882600129 - timing_s/update_weights:5.127828515003785 - timing_s/step:111.46646695800155 - timing_s/stop_profile:4.00220014853403e-05 - timing_per_token_ms/update_actor:0.021654622372857715 - timing_per_token_ms/ref:0.009518955304284222 - timing_per_token_ms/gen:0.3244917101702864 - timing_per_token_ms/adv:5.320631154682017e-06 - perf/total_num_tokens:2756036 - perf/time_per_step:111.46646695800155 - perf/throughput:3090.655956017721
[36m(TaskRunner pid=469699)[0m step:57 - global_seqlen/min:198102 - global_seqlen/max:434233 - global_seqlen/minmax_diff:236131 - global_seqlen/balanced_min:293868 - global_seqlen/balanced_max:293868 - global_seqlen/mean:293868.0 - actor/entropy:0.23459705710411072 - perf/mfu/actor_infer:0.3657049263229792 - actor/pg_clipfrac:0.0 - actor/ppo_kl:0.0 - actor/pg_clipfrac_lower:0.0 - actor/pg_loss:0.007682345209104824 - actor/kl_loss:0.031192377891966813 - actor/kl_coef:0.05000000000000001 - actor/loss:0.00924195908010006 - actor/grad_norm:0.9940623641014099 - actor/lr:5e-07 - perf/mfu/actor:0.2768459390775965 - training/global_step:57 - training/epoch:3 - critic/score/mean:0.17553409934043884 - critic/score/max:0.7392857074737549 - critic/score/min:0.0 - critic/rewards/mean:0.17553409934043884 - critic/rewards/max:0.7392857074737549 - critic/rewards/min:0.0 - critic/advantages/mean:-0.007682344876229763 - critic/advantages/max:3.74997878074646 - critic/advantages/min:-2.0051729679107666 - critic/returns/mean:-0.007682344876229763 - critic/returns/max:3.74997878074646 - critic/returns/min:-2.0051729679107666 - response_length/mean:11.921875 - response_length/max:16.0 - response_length/min:9.0 - response_length/clip_ratio:0.0 - response_length_non_aborted/mean:11.921875 - response_length_non_aborted/max:16.0 - response_length_non_aborted/min:9.0 - response_length_non_aborted/clip_ratio:0.0 - response/aborted_ratio:0.0 - prompt_length/mean:2283.921875 - prompt_length/max:7543.0 - prompt_length/min:557.0 - prompt_length/clip_ratio:0.0 - num_turns/min:2 - num_turns/max:2 - num_turns/mean:2.0 - timing_s/start_profile:4.0311999327968806e-05 - timing_s/agent_loop/num_preempted/min:-1 - timing_s/agent_loop/num_preempted/max:-1 - timing_s/agent_loop/num_preempted/mean:-1.0 - timing_s/agent_loop/generate_sequences/min:0.7374096019993885 - timing_s/agent_loop/generate_sequences/max:2.318665582999529 - timing_s/agent_loop/generate_sequences/mean:1.6777337416688667 - timing_s/agent_loop/tool_calls/min:0.0 - timing_s/agent_loop/tool_calls/max:0.0 - timing_s/agent_loop/tool_calls/mean:0.0 - timing_s/agent_loop/compute_score/min:0.003635117995145265 - timing_s/agent_loop/compute_score/max:0.7173971109950799 - timing_s/agent_loop/compute_score/mean:0.20980800246676523 - timing_s/agent_loop/slowest/generate_sequences:1.9524298230026034 - timing_s/agent_loop/slowest/tool_calls:0.0 - timing_s/agent_loop/slowest/compute_score:0.4379068530033692 - timing_s/agent_loop/slowest/num_preempted:-1 - timing_s/agent_loop/slowest/prompt_length:561 - timing_s/agent_loop/slowest/response_length:15 - timing_s/gen:3.6238132110011065 - timing_s/reward:2.9390997951850295e-05 - timing_s/old_log_prob:14.434988756001985 - timing_s/ref:26.34207127799891 - timing_s/adv:0.014762874998268671 - timing_s/update_actor:53.60977116999857 - timing_s/update_weights:5.211163371997827 - timing_s/step:103.35133255700202 - timing_s/stop_profile:3.917299909517169e-05 - timing_per_token_ms/update_actor:0.02280350836514973 - timing_per_token_ms/ref:0.01120489100463427 - timing_per_token_ms/gen:0.29683922108462535 - timing_per_token_ms/adv:6.279551957966107e-06 - perf/total_num_tokens:2350944 - perf/time_per_step:103.35133255700202 - perf/throughput:2843.388592381439
[36m(TaskRunner pid=469699)[0m step:58 - global_seqlen/min:175422 - global_seqlen/max:384533 - global_seqlen/minmax_diff:209111 - global_seqlen/balanced_min:287385 - global_seqlen/balanced_max:287386 - global_seqlen/mean:287385.125 - actor/entropy:0.256099134683609 - perf/mfu/actor_infer:0.36139215480240616 - actor/pg_clipfrac:0.0 - actor/ppo_kl:0.0 - actor/pg_clipfrac_lower:0.0 - actor/pg_loss:0.005493922669529638 - actor/kl_loss:0.030653501573057795 - actor/kl_coef:0.05000000000000001 - actor/loss:0.007026595063507557 - actor/grad_norm:1.0524444580078125 - actor/lr:5e-07 - perf/mfu/actor:0.2741191916025796 - training/global_step:58 - training/epoch:3 - critic/score/mean:0.18688911199569702 - critic/score/max:0.7242857217788696 - critic/score/min:0.0 - critic/rewards/mean:0.18688911199569702 - critic/rewards/max:0.7242857217788696 - critic/rewards/min:0.0 - critic/advantages/mean:-0.005493927747011185 - critic/advantages/max:3.7499775886535645 - critic/advantages/min:-3.691488027572632 - critic/returns/mean:-0.005493927747011185 - critic/returns/max:3.7499775886535645 - critic/returns/min:-3.691488027572632 - response_length/mean:12.2119140625 - response_length/max:17.0 - response_length/min:9.0 - response_length/clip_ratio:0.0 - response_length_non_aborted/mean:12.2119140625 - response_length_non_aborted/max:17.0 - response_length_non_aborted/min:9.0 - response_length_non_aborted/clip_ratio:0.0 - response/aborted_ratio:0.0 - prompt_length/mean:2232.984375 - prompt_length/max:7777.0 - prompt_length/min:558.0 - prompt_length/clip_ratio:0.0 - num_turns/min:2 - num_turns/max:2 - num_turns/mean:2.0 - timing_s/start_profile:4.1070998122449964e-05 - timing_s/agent_loop/num_preempted/min:-1 - timing_s/agent_loop/num_preempted/max:-1 - timing_s/agent_loop/num_preempted/mean:-1.0 - timing_s/agent_loop/generate_sequences/min:0.7673120069957804 - timing_s/agent_loop/generate_sequences/max:2.3062954859997262 - timing_s/agent_loop/generate_sequences/mean:1.695245104838854 - timing_s/agent_loop/tool_calls/min:0.0 - timing_s/agent_loop/tool_calls/max:0.0 - timing_s/agent_loop/tool_calls/mean:0.0 - timing_s/agent_loop/compute_score/min:0.0035739759987336583 - timing_s/agent_loop/compute_score/max:0.5364796590001788 - timing_s/agent_loop/compute_score/mean:0.16806146533526345 - timing_s/agent_loop/slowest/generate_sequences:2.0212369930013665 - timing_s/agent_loop/slowest/tool_calls:0.0 - timing_s/agent_loop/slowest/compute_score:0.35376007499871776 - timing_s/agent_loop/slowest/num_preempted:-1 - timing_s/agent_loop/slowest/prompt_length:5836 - timing_s/agent_loop/slowest/response_length:9 - timing_s/gen:3.57494183700328 - timing_s/reward:2.546099858591333e-05 - timing_s/old_log_prob:14.86120545599988 - timing_s/ref:25.95323189699411 - timing_s/adv:0.015066209998622071 - timing_s/update_actor:53.24813819400151 - timing_s/update_weights:5.596509508002782 - timing_s/step:103.36853755099582 - timing_s/stop_profile:4.018199979327619e-05 - timing_per_token_ms/update_actor:0.023160618609784307 - timing_per_token_ms/ref:0.011288524369952216 - timing_per_token_ms/gen:0.28588099456243743 - timing_per_token_ms/adv:6.553144494962148e-06 - perf/total_num_tokens:2299081 - perf/time_per_step:103.36853755099582 - perf/throughput:2780.1991960873147[36m(WorkerDict pid=480063)[0m INFO:2026-07-11 06:51:40,505:update_weights done, time cost: 2.96s
[36m(TaskRunner pid=469699)[0m Training Progress:  79%|███████▊  | 59/75 [1:44:22<28:06, 105.41s/it]
[36m(WorkerDict pid=480064)[0m INFO:2026-07-11 06:53:29,821:[Rank 1] Saved model to /workspace/verl-x/budget-rl-training-repro/outputs/rl_pct30e5_kl005_central_lam1_seed42/global_step_60/actor/model_world_size_8_rank_1.pt
[36m(WorkerDict pid=480068)[0m INFO:2026-07-11 06:53:38,043:[Rank 5] Saved optim to /workspace/verl-x/budget-rl-training-repro/outputs/rl_pct30e5_kl005_central_lam1_seed42/global_step_60/actor/optim_world_size_8_rank_5.pt
[36m(WorkerDict pid=480068)[0m INFO:2026-07-11 06:53:38,045:[Rank 5] Saved extra_state to /workspace/verl-x/budget-rl-training-repro/outputs/rl_pct30e5_kl005_central_lam1_seed42/global_step_60/actor/extra_state_world_size_8_rank_5.pt
[36m(WorkerDict pid=480070)[0m INFO:2026-07-11 06:53:29,909:[Rank 7] Saved model to /workspace/verl-x/budget-rl-training-repro/outputs/rl_pct30e5_kl005_central_lam1_seed42/global_step_60/actor/model_world_size_8_rank_7.pt[32m [repeated 7x across cluster][0m
[36m(WorkerDict pid=480063)[0m INFO:2026-07-11 06:53:38,136:[Rank 0] Saved model config and tokenizer class to /workspace/verl-x/budget-rl-training-repro/outputs/rl_pct30e5_kl005_central_lam1_seed42/global_step_60/actor/huggingface
[36m(WorkerDict pid=480063)[0m INFO:2026-07-11 06:53:41,996:update_weights done, time cost: 3.23s
[36m(TaskRunner pid=469699)[0m Training Progress:  80%|████████  | 60/75 [1:46:23<27:33, 110.21s/it]
[36m(WorkerDict pid=480063)[0m INFO:2026-07-11 06:55:28,841:update_weights done, time cost: 3.31s
[36m(WorkerDict pid=480070)[0m INFO:2026-07-11 06:53:38,064:[Rank 7] Saved optim to /workspace/verl-x/budget-rl-training-repro/outputs/rl_pct30e5_kl005_central_lam1_seed42/global_step_60/actor/optim_world_size_8_rank_7.pt[32m [repeated 7x across cluster][0m
[36m(WorkerDict pid=480070)[0m INFO:2026-07-11 06:53:38,065:[Rank 7] Saved extra_state to /workspace/verl-x/budget-rl-training-repro/outputs/rl_pct30e5_kl005_central_lam1_seed42/global_step_60/actor/extra_state_world_size_8_rank_7.pt[32m [repeated 7x across cluster][0m
[36m(TaskRunner pid=469699)[0m Training Progress:  81%|████████▏ | 61/75 [1:48:10<25:28, 109.19s/it]

[36m(TaskRunner pid=469699)[0m step:59 - global_seqlen/min:227796 - global_seqlen/max:522752 - global_seqlen/minmax_diff:294956 - global_seqlen/balanced_min:309320 - global_seqlen/balanced_max:309321 - global_seqlen/mean:309320.375 - actor/entropy:0.225569486618042 - perf/mfu/actor_infer:0.37113405236888136 - actor/pg_clipfrac:0.0 - actor/ppo_kl:0.0 - actor/pg_clipfrac_lower:0.0 - actor/pg_loss:0.005506177298229886 - actor/kl_loss:0.02977814372646269 - actor/kl_coef:0.05000000000000001 - actor/loss:0.006995085161179304 - actor/grad_norm:1.3468009233474731 - actor/lr:5e-07 - perf/mfu/actor:0.28221317908912896 - training/global_step:59 - training/epoch:3 - critic/score/mean:0.13555583357810974 - critic/score/max:0.7372340559959412 - critic/score/min:0.0 - critic/rewards/mean:0.13555583357810974 - critic/rewards/max:0.7372340559959412 - critic/rewards/min:0.0 - critic/advantages/mean:-0.0055061751045286655 - critic/advantages/max:3.749979019165039 - critic/advantages/min:-1.66890287399292 - critic/returns/mean:-0.0055061751045286655 - critic/returns/max:3.749979019165039 - critic/returns/min:-1.66890287399292 - response_length/mean:11.7841796875 - response_length/max:17.0 - response_length/min:9.0 - response_length/clip_ratio:0.0 - response_length_non_aborted/mean:11.7841796875 - response_length_non_aborted/max:17.0 - response_length_non_aborted/min:9.0 - response_length_non_aborted/clip_ratio:0.0 - response/aborted_ratio:0.0 - prompt_length/mean:2404.78125 - prompt_length/max:8102.0 - prompt_length/min:559.0 - prompt_length/clip_ratio:0.0 - num_turns/min:2 - num_turns/max:2 - num_turns/mean:2.0 - timing_s/start_profile:4.169200110482052e-05 - timing_s/agent_loop/num_preempted/min:-1 - timing_s/agent_loop/num_preempted/max:-1 - timing_s/agent_loop/num_preempted/mean:-1.0 - timing_s/agent_loop/generate_sequences/min:0.7952818979974836 - timing_s/agent_loop/generate_sequences/max:2.3714273079967825 - timing_s/agent_loop/generate_sequences/mean:1.6587495086171558 - timing_s/agent_loop/tool_calls/min:0.0 - timing_s/agent_loop/tool_calls/max:0.0 - timing_s/agent_loop/tool_calls/mean:0.0 - timing_s/agent_loop/compute_score/min:0.00346691000595456 - timing_s/agent_loop/compute_score/max:0.7105859959992813 - timing_s/agent_loop/compute_score/mean:0.16796161429578405 - timing_s/agent_loop/slowest/generate_sequences:2.053917822006042 - timing_s/agent_loop/slowest/tool_calls:0.0 - timing_s/agent_loop/slowest/compute_score:0.3792283419970772 - timing_s/agent_loop/slowest/num_preempted:-1 - timing_s/agent_loop/slowest/prompt_length:6142 - timing_s/agent_loop/slowest/response_length:9 - timing_s/gen:3.654556293004134 - timing_s/reward:2.8520997148007154e-05 - timing_s/old_log_prob:14.986390007994487 - timing_s/ref:26.36089608399925 - timing_s/adv:0.014793015005125199 - timing_s/update_actor:55.24894164199941 - timing_s/update_weights:5.477036116004456 - timing_s/step:105.85704682800133 - timing_s/stop_profile:4.051200085086748e-05 - timing_per_token_ms/update_actor:0.02232674684055302 - timing_per_token_ms/ref:0.010652748014093499 - timing_per_token_ms/gen:0.30285541501650237 - timing_per_token_ms/adv:5.978031274663526e-06 - perf/total_num_tokens:2474563 - perf/time_per_step:105.85704682800133 - perf/throughput:2922.0574753288743
[36m(TaskRunner pid=469699)[0m local_global_step_folder: /workspace/verl-x/budget-rl-training-repro/outputs/rl_pct30e5_kl005_central_lam1_seed42/global_step_60
[36m(TaskRunner pid=469699)[0m step:60 - global_seqlen/min:188552 - global_seqlen/max:493831 - global_seqlen/minmax_diff:305279 - global_seqlen/balanced_min:324950 - global_seqlen/balanced_max:324951 - global_seqlen/mean:324950.375 - actor/entropy:0.21848735213279724 - perf/mfu/actor_infer:0.37490763725989745 - actor/pg_clipfrac:0.0 - actor/ppo_kl:0.0 - actor/pg_clipfrac_lower:0.0 - actor/pg_loss:0.0014401715820895333 - actor/kl_loss:0.028094256839488067 - actor/kl_coef:0.05000000000000001 - actor/loss:0.0028448831290006638 - actor/grad_norm:1.4682461023330688 - actor/lr:5e-07 - perf/mfu/actor:0.2863523193203961 - training/global_step:60 - training/epoch:3 - critic/score/mean:0.20513328909873962 - critic/score/max:0.7283505201339722 - critic/score/min:0.0 - critic/rewards/mean:0.20513328909873962 - critic/rewards/max:0.7283505201339722 - critic/rewards/min:0.0 - critic/advantages/mean:-0.0014401705702766776 - critic/advantages/max:3.7499752044677734 - critic/advantages/min:-3.7212207317352295 - critic/returns/mean:-0.0014401705702766776 - critic/returns/max:3.7499752044677734 - critic/returns/min:-3.7212207317352295 - response_length/mean:11.7060546875 - response_length/max:16.0 - response_length/min:9.0 - response_length/clip_ratio:0.0 - response_length_non_aborted/mean:11.7060546875 - response_length_non_aborted/max:16.0 - response_length_non_aborted/min:9.0 - response_length_non_aborted/clip_ratio:0.0 - response/aborted_ratio:0.0 - prompt_length/mean:2526.96875 - prompt_length/max:7606.0 - prompt_length/min:557.0 - prompt_length/clip_ratio:0.0 - num_turns/min:2 - num_turns/max:2 - num_turns/mean:2.0 - timing_s/start_profile:3.933200059691444e-05 - timing_s/agent_loop/num_preempted/min:-1 - timing_s/agent_loop/num_preempted/max:-1 - timing_s/agent_loop/num_preempted/mean:-1.0 - timing_s/agent_loop/generate_sequences/min:0.858089599001687 - timing_s/agent_loop/generate_sequences/max:2.51129417699849 - timing_s/agent_loop/generate_sequences/mean:1.7882681950038943 - timing_s/agent_loop/tool_calls/min:0.0 - timing_s/agent_loop/tool_calls/max:0.0 - timing_s/agent_loop/tool_calls/mean:0.0 - timing_s/agent_loop/compute_score/min:0.0034863900000345893 - timing_s/agent_loop/compute_score/max:0.6493298240020522 - timing_s/agent_loop/compute_score/mean:0.15673754157814557 - timing_s/agent_loop/slowest/generate_sequences:2.1427479769990896 - timing_s/agent_loop/slowest/tool_calls:0.0 - timing_s/agent_loop/slowest/compute_score:0.44598305800172966 - timing_s/agent_loop/slowest/num_preempted:-1 - timing_s/agent_loop/slowest/prompt_length:7585 - timing_s/agent_loop/slowest/response_length:9 - timing_s/gen:3.8066454450017773 - timing_s/reward:2.4100998416543007e-05 - timing_s/old_log_prob:15.936065661997418 - timing_s/ref:26.30798193100054 - timing_s/adv:0.014686520997202024 - timing_s/update_actor:57.58627625599911 - timing_s/save_checkpoint:12.91575790799834 - timing_s/update_weights:4.697991579996597 - timing_s/step:121.3798719089973 - timing_s/stop_profile:3.917099820682779e-05 - timing_per_token_ms/update_actor:0.02215195022316835 - timing_per_token_ms/ref:0.01011999983497501 - timing_per_token_ms/gen:0.3175644819389153 - timing_per_token_ms/adv:5.649524560943353e-06 - perf/total_num_tokens:2599603 - perf/time_per_step:121.3798719089973 - perf/throughput:2677.1355900229205
[36m(TaskRunner pid=469699)[0m step:61 - global_seqlen/min:142664 - global_seqlen/max:510573 - global_seqlen/minmax_diff:367909 - global_seqlen/balanced_min:299560 - global_seqlen/balanced_max:299560 - global_seqlen/mean:299560.0 - actor/entropy:0.228092759847641 - perf/mfu/actor_infer:0.3666864737228817 - actor/pg_clipfrac:0.0 - actor/ppo_kl:0.0 - actor/pg_clipfrac_lower:0.0 - actor/pg_loss:0.0019102667147308239 - actor/kl_loss:0.04132387453674363 - actor/kl_coef:0.05000000000000001 - actor/loss:0.003976457752287388 - actor/grad_norm:1.4832098484039307 - actor/lr:5e-07 - perf/mfu/actor:0.2789411950736761 - training/global_step:61 - training/epoch:4 - critic/score/mean:0.17740175127983093 - critic/score/max:0.7209677696228027 - critic/score/min:0.0 - critic/rewards/mean:0.17740175127983093 - critic/rewards/max:0.7209677696228027 - critic/rewards/min:0.0 - critic/advantages/mean:-0.0019102685619145632 - critic/advantages/max:3.749979019165039 - critic/advantages/min:-3.749925374984741 - critic/returns/mean:-0.0019102685619145632 - critic/returns/max:3.749979019165039 - critic/returns/min:-3.749925374984741 - response_length/mean:11.953125 - response_length/max:16.0 - response_length/min:9.0 - response_length/clip_ratio:0.0 - response_length_non_aborted/mean:11.953125 - response_length_non_aborted/max:16.0 - response_length_non_aborted/min:9.0 - response_length_non_aborted/clip_ratio:0.0 - response/aborted_ratio:0.0 - prompt_length/mean:2328.359375 - prompt_length/max:7695.0 - prompt_length/min:556.0 - prompt_length/clip_ratio:0.0 - num_turns/min:2 - num_turns/max:2 - num_turns/mean:2.0 - timing_s/start_profile:0.00030587500077672303 - timing_s/agent_loop/num_preempted/min:-1 - timing_s/agent_loop/num_preempted/max:-1 - timing_s/agent_loop/num_preempted/mean:-1.0 - timing_s/agent_loop/generate_sequences/min:0.8236428320014966 - timing_s/agent_loop/generate_sequences/max:2.395016342001327 - timing_s/agent_loop/generate_sequences/mean:1.710520577646463 - timing_s/agent_loop/tool_calls/min:0.0 - timing_s/agent_loop/tool_calls/max:0.0 - timing_s/agent_loop/tool_calls/mean:0.0 - timing_s/agent_loop/compute_score/min:0.003485100001853425 - timing_s/agent_loop/compute_score/max:0.6790322559972992 - timing_s/agent_loop/compute_score/mean:0.2102243999003477 - timing_s/agent_loop/slowest/generate_sequences:2.0445901950006373 - timing_s/agent_loop/slowest/tool_calls:0.0 - timing_s/agent_loop/slowest/compute_score:0.3828840649948688 - timing_s/agent_loop/slowest/num_preempted:-1 - timing_s/agent_loop/slowest/prompt_length:2318 - timing_s/agent_loop/slowest/response_length:9 - timing_s/gen:3.946696767998219 - timing_s/reward:4.193199856672436e-05 - timing_s/old_log_prob:15.687051653003437 - timing_s/ref:26.1309254519947 - timing_s/adv:0.019879227002093103 - timing_s/update_actor:54.68278217199986 - timing_s/update_weights:5.167694510004367 - timing_s/step:105.94158016100118 - timing_s/stop_profile:5.350299761630595e-05 - timing_per_token_ms/update_actor:0.022817958911403334 - timing_per_token_ms/ref:0.010903877959338153 - timing_per_token_ms/gen:0.32244254640508324 - timing_per_token_ms/adv:8.295177511221918e-06 - perf/total_num_tokens:2396480 - perf/time_per_step:105.94158016100118 - perf/throughput:2827.5961104672374[36m(WorkerDict pid=480063)[0m INFO:2026-07-11 06:57:19,808:update_weights done, time cost: 3.25s
[36m(TaskRunner pid=469699)[0m Training Progress:  83%|████████▎ | 62/75 [1:50:01<23:46, 109.73s/it]
[36m(WorkerDict pid=480063)[0m INFO:2026-07-11 06:59:10,668:update_weights done, time cost: 3.34s
[36m(TaskRunner pid=469699)[0m Training Progress:  84%|████████▍ | 63/75 [1:51:52<22:00, 110.04s/it]
[36m(WorkerDict pid=480063)[0m INFO:2026-07-11 07:00:49,599:update_weights done, time cost: 3.09s
[36m(TaskRunner pid=469699)[0m Training Progress:  85%|████████▌ | 64/75 [1:53:30<19:33, 106.71s/it]

[36m(TaskRunner pid=469699)[0m step:62 - global_seqlen/min:120752 - global_seqlen/max:480172 - global_seqlen/minmax_diff:359420 - global_seqlen/balanced_min:340530 - global_seqlen/balanced_max:340608 - global_seqlen/mean:340539.75 - actor/entropy:0.20255783200263977 - perf/mfu/actor_infer:0.38126218106616666 - actor/pg_clipfrac:0.0 - actor/ppo_kl:0.0 - actor/pg_clipfrac_lower:0.0 - actor/pg_loss:0.0019363391328965918 - actor/kl_loss:0.03295865440507077 - actor/kl_coef:0.05000000000000001 - actor/loss:0.0035842712968587875 - actor/grad_norm:1.2549628019332886 - actor/lr:5e-07 - perf/mfu/actor:0.2906014270544585 - training/global_step:62 - training/epoch:4 - critic/score/mean:0.17768189311027527 - critic/score/max:0.7229999899864197 - critic/score/min:0.0 - critic/rewards/mean:0.17768189311027527 - critic/rewards/max:0.7229999899864197 - critic/rewards/min:0.0 - critic/advantages/mean:-0.0019363368628546596 - critic/advantages/max:3.749979019165039 - critic/advantages/min:-3.59601092338562 - critic/returns/mean:-0.0019363368628546596 - critic/returns/max:3.749979019165039 - critic/returns/min:-3.59601092338562 - response_length/mean:11.576171875 - response_length/max:160.0 - response_length/min:9.0 - response_length/clip_ratio:0.0 - response_length_non_aborted/mean:11.576171875 - response_length_non_aborted/max:160.0 - response_length_non_aborted/min:9.0 - response_length_non_aborted/clip_ratio:0.0 - response/aborted_ratio:0.0 - prompt_length/mean:2648.890625 - prompt_length/max:8034.0 - prompt_length/min:556.0 - prompt_length/clip_ratio:0.0 - num_turns/min:2 - num_turns/max:2 - num_turns/mean:2.0 - timing_s/start_profile:6.687299901386723e-05 - timing_s/agent_loop/num_preempted/min:-1 - timing_s/agent_loop/num_preempted/max:-1 - timing_s/agent_loop/num_preempted/mean:-1.0 - timing_s/agent_loop/generate_sequences/min:0.7438731080037542 - timing_s/agent_loop/generate_sequences/max:2.4450583469952107 - timing_s/agent_loop/generate_sequences/mean:1.735827458281193 - timing_s/agent_loop/tool_calls/min:0.0 - timing_s/agent_loop/tool_calls/max:0.0 - timing_s/agent_loop/tool_calls/mean:0.0 - timing_s/agent_loop/compute_score/min:0.0036186970028211363 - timing_s/agent_loop/compute_score/max:0.44960939999873517 - timing_s/agent_loop/compute_score/mean:0.1094406106367174 - timing_s/agent_loop/slowest/generate_sequences:2.4450583469952107 - timing_s/agent_loop/slowest/tool_calls:0.0 - timing_s/agent_loop/slowest/compute_score:0.0052685280024888925 - timing_s/agent_loop/slowest/num_preempted:-1 - timing_s/agent_loop/slowest/prompt_length:681 - timing_s/agent_loop/slowest/response_length:160 - timing_s/gen:3.7005732679972425 - timing_s/reward:3.139099862892181e-05 - timing_s/old_log_prob:16.15803123700607 - timing_s/ref:26.748719014001836 - timing_s/adv:0.01461574700078927 - timing_s/update_actor:59.07642844400107 - timing_s/update_weights:5.143530103996454 - timing_s/step:110.96189178199711 - timing_s/stop_profile:3.885200567310676e-05 - timing_per_token_ms/update_actor:0.021684850463125474 - timing_per_token_ms/ref:0.009818501002453397 - timing_per_token_ms/gen:0.3121792869915001 - timing_per_token_ms/adv:5.364919587503834e-06 - perf/total_num_tokens:2724318 - perf/time_per_step:110.96189178199711 - perf/throughput:3068.9793093023895
[36m(TaskRunner pid=469699)[0m step:63 - global_seqlen/min:191396 - global_seqlen/max:472401 - global_seqlen/minmax_diff:281005 - global_seqlen/balanced_min:338076 - global_seqlen/balanced_max:338077 - global_seqlen/mean:338076.375 - actor/entropy:0.19581133127212524 - perf/mfu/actor_infer:0.3820751212786589 - actor/pg_clipfrac:0.0 - actor/ppo_kl:0.0 - actor/pg_clipfrac_lower:0.0 - actor/pg_loss:0.004889881883570979 - actor/kl_loss:0.03177525643431282 - actor/kl_coef:0.05000000000000001 - actor/loss:0.0064786444418132305 - actor/grad_norm:0.690676748752594 - actor/lr:5e-07 - perf/mfu/actor:0.28935668014892285 - training/global_step:63 - training/epoch:4 - critic/score/mean:0.17866623401641846 - critic/score/max:0.7333333492279053 - critic/score/min:0.0 - critic/rewards/mean:0.17866623401641846 - critic/rewards/max:0.7333333492279053 - critic/rewards/min:0.0 - critic/advantages/mean:-0.004889883100986481 - critic/advantages/max:3.749978542327881 - critic/advantages/min:-3.7010738849639893 - critic/returns/mean:-0.004889883100986481 - critic/returns/max:3.749978542327881 - critic/returns/min:-3.7010738849639893 - response_length/mean:11.5966796875 - response_length/max:18.0 - response_length/min:9.0 - response_length/clip_ratio:0.0 - response_length_non_aborted/mean:11.5966796875 - response_length_non_aborted/max:18.0 - response_length_non_aborted/min:9.0 - response_length_non_aborted/clip_ratio:0.0 - response/aborted_ratio:0.0 - prompt_length/mean:2629.625 - prompt_length/max:8156.0 - prompt_length/min:556.0 - prompt_length/clip_ratio:0.0 - num_turns/min:2 - num_turns/max:2 - num_turns/mean:2.0 - timing_s/start_profile:3.8612000935245305e-05 - timing_s/agent_loop/num_preempted/min:-1 - timing_s/agent_loop/num_preempted/max:-1 - timing_s/agent_loop/num_preempted/mean:-1.0 - timing_s/agent_loop/generate_sequences/min:0.7921993269992527 - timing_s/agent_loop/generate_sequences/max:2.5411085699961404 - timing_s/agent_loop/generate_sequences/mean:1.7519112685008835 - timing_s/agent_loop/tool_calls/min:0.0 - timing_s/agent_loop/tool_calls/max:0.0 - timing_s/agent_loop/tool_calls/mean:0.0 - timing_s/agent_loop/compute_score/min:0.003601787000661716 - timing_s/agent_loop/compute_score/max:0.7219398160013952 - timing_s/agent_loop/compute_score/mean:0.13825773846011202 - timing_s/agent_loop/slowest/generate_sequences:2.371906009000668 - timing_s/agent_loop/slowest/tool_calls:0.0 - timing_s/agent_loop/slowest/compute_score:0.25019590600277297 - timing_s/agent_loop/slowest/num_preempted:-1 - timing_s/agent_loop/slowest/prompt_length:659 - timing_s/agent_loop/slowest/response_length:15 - timing_s/gen:3.8152199400065 - timing_s/reward:2.4740998924244195e-05 - timing_s/old_log_prob:16.152535559995158 - timing_s/ref:26.377993251997395 - timing_s/adv:0.01489898100408027 - timing_s/update_actor:59.189595193005516 - timing_s/update_weights:5.061068132999935 - timing_s/step:110.76273683600448 - timing_s/stop_profile:3.86019964935258e-05 - timing_per_token_ms/update_actor:0.021884698092629776 - timing_per_token_ms/ref:0.00975297122284772 - timing_per_token_ms/gen:0.32128167915844213 - timing_per_token_ms/adv:5.5087334201037674e-06 - perf/total_num_tokens:2704611 - perf/time_per_step:110.76273683600448 - perf/throughput:3052.257326401717
[36m(TaskRunner pid=469699)[0m step:64 - global_seqlen/min:185875 - global_seqlen/max:406176 - global_seqlen/minmax_diff:220301 - global_seqlen/balanced_min:278063 - global_seqlen/balanced_max:278064 - global_seqlen/mean:278063.375 - actor/entropy:0.22415046393871307 - perf/mfu/actor_infer:0.36072879510217887 - actor/pg_clipfrac:0.0 - actor/ppo_kl:0.0 - actor/pg_clipfrac_lower:0.0 - actor/pg_loss:-0.0011384506738068012 - actor/kl_loss:0.034012651559589796 - actor/kl_coef:0.05000000000000001 - actor/loss:0.0005621826276183128 - actor/grad_norm:1.4112287759780884 - actor/lr:5e-07 - perf/mfu/actor:0.27306234548535624 - training/global_step:64 - training/epoch:4 - critic/score/mean:0.20454880595207214 - critic/score/max:0.7344339489936829 - critic/score/min:0.0 - critic/rewards/mean:0.20454880595207214 - critic/rewards/max:0.7344339489936829 - critic/rewards/min:0.0 - critic/advantages/mean:0.0011384517420083284 - critic/advantages/max:3.749974012374878 - critic/advantages/min:-2.5402328968048096 - critic/returns/mean:0.0011384517420083284 - critic/returns/max:3.749974012374878 - critic/returns/min:-2.5402328968048096 - response_length/mean:11.7763671875 - response_length/max:25.0 - response_length/min:9.0 - response_length/clip_ratio:0.0 - response_length_non_aborted/mean:11.7763671875 - response_length_non_aborted/max:25.0 - response_length_non_aborted/min:9.0 - response_length_non_aborted/clip_ratio:0.0 - response/aborted_ratio:0.0 - prompt_length/mean:2160.59375 - prompt_length/max:6484.0 - prompt_length/min:556.0 - prompt_length/clip_ratio:0.0 - num_turns/min:2 - num_turns/max:2 - num_turns/mean:2.0 - timing_s/start_profile:3.712099714903161e-05 - timing_s/agent_loop/num_preempted/min:-1 - timing_s/agent_loop/num_preempted/max:-1 - timing_s/agent_loop/num_preempted/mean:-1.0 - timing_s/agent_loop/generate_sequences/min:0.7557197880014428 - timing_s/agent_loop/generate_sequences/max:2.247016594003071 - timing_s/agent_loop/generate_sequences/mean:1.6274771206738237 - timing_s/agent_loop/tool_calls/min:0.0 - timing_s/agent_loop/tool_calls/max:0.0 - timing_s/agent_loop/tool_calls/mean:0.0 - timing_s/agent_loop/compute_score/min:0.0034614100004546344 - timing_s/agent_loop/compute_score/max:0.7096138249980868 - timing_s/agent_loop/compute_score/mean:0.22400637742471474 - timing_s/agent_loop/slowest/generate_sequences:1.7010947950038826 - timing_s/agent_loop/slowest/tool_calls:0.0 - timing_s/agent_loop/slowest/compute_score:0.5908604049982387 - timing_s/agent_loop/slowest/num_preempted:-1 - timing_s/agent_loop/slowest/prompt_length:989 - timing_s/agent_loop/slowest/response_length:15 - timing_s/gen:3.563184203005221 - timing_s/reward:3.1561998184770346e-05 - timing_s/old_log_prob:13.889246067003114 - timing_s/ref:25.58173227500083 - timing_s/adv:0.01583180699526565 - timing_s/update_actor:50.83162083999923 - timing_s/update_weights:4.888595204996818 - timing_s/step:98.9196910440005 - timing_s/stop_profile:3.949200618080795e-05 - timing_per_token_ms/update_actor:0.0228507353944039 - timing_per_token_ms/ref:0.011499955844149212 - timing_per_token_ms/gen:0.29547924396759445 - timing_per_token_ms/adv:7.1169958086289015e-06 - perf/total_num_tokens:2224507 - perf/time_per_step:98.9196910440005 - perf/throughput:2811.0012482379725[36m(WorkerDict pid=480063)[0m INFO:2026-07-11 07:02:26,509:update_weights done, time cost: 3.22s
[36m(TaskRunner pid=469699)[0m Training Progress:  87%|████████▋ | 65/75 [1:55:07<17:17, 103.78s/it]
[36m(WorkerDict pid=480063)[0m INFO:2026-07-11 07:04:02,387:update_weights done, time cost: 3.13s
[36m(TaskRunner pid=469699)[0m Training Progress:  88%|████████▊ | 66/75 [1:56:43<15:12, 101.40s/it]
[36m(WorkerDict pid=480063)[0m INFO:2026-07-11 07:05:56,124:update_weights done, time cost: 3.22s
[36m(TaskRunner pid=469699)[0m Training Progress:  89%|████████▉ | 67/75 [1:58:37<14:00, 105.11s/it]

[36m(TaskRunner pid=469699)[0m step:65 - global_seqlen/min:158376 - global_seqlen/max:321555 - global_seqlen/minmax_diff:163179 - global_seqlen/balanced_min:261624 - global_seqlen/balanced_max:261625 - global_seqlen/mean:261624.125 - actor/entropy:0.2152400016784668 - perf/mfu/actor_infer:0.3541392311085063 - actor/pg_clipfrac:0.0 - actor/ppo_kl:0.0 - actor/pg_clipfrac_lower:0.0 - actor/pg_loss:0.0034639797322597587 - actor/kl_loss:0.041934511796779955 - actor/kl_coef:0.05000000000000001 - actor/loss:0.005560706369578838 - actor/grad_norm:1.0474134683609009 - actor/lr:5e-07 - perf/mfu/actor:0.26715656395361764 - training/global_step:65 - training/epoch:4 - critic/score/mean:0.17013856768608093 - critic/score/max:0.7273972630500793 - critic/score/min:0.0 - critic/rewards/mean:0.17013856768608093 - critic/rewards/max:0.7273972630500793 - critic/rewards/min:0.0 - critic/advantages/mean:-0.0034639781806617975 - critic/advantages/max:3.7499759197235107 - critic/advantages/min:-3.2625114917755127 - critic/returns/mean:-0.0034639781806617975 - critic/returns/max:3.7499759197235107 - critic/returns/min:-3.2625114917755127 - response_length/mean:11.7509765625 - response_length/max:17.0 - response_length/min:9.0 - response_length/clip_ratio:0.0 - response_length_non_aborted/mean:11.7509765625 - response_length_non_aborted/max:17.0 - response_length_non_aborted/min:9.0 - response_length_non_aborted/clip_ratio:0.0 - response/aborted_ratio:0.0 - prompt_length/mean:2032.1875 - prompt_length/max:6811.0 - prompt_length/min:556.0 - prompt_length/clip_ratio:0.0 - num_turns/min:2 - num_turns/max:2 - num_turns/mean:2.0 - timing_s/start_profile:3.292099427198991e-05 - timing_s/agent_loop/num_preempted/min:-1 - timing_s/agent_loop/num_preempted/max:-1 - timing_s/agent_loop/num_preempted/mean:-1.0 - timing_s/agent_loop/generate_sequences/min:0.8226480220037047 - timing_s/agent_loop/generate_sequences/max:2.2280822709944914 - timing_s/agent_loop/generate_sequences/mean:1.6197728900391724 - timing_s/agent_loop/tool_calls/min:0.0 - timing_s/agent_loop/tool_calls/max:0.0 - timing_s/agent_loop/tool_calls/mean:0.0 - timing_s/agent_loop/compute_score/min:0.0033336839987896383 - timing_s/agent_loop/compute_score/max:0.7134621080040233 - timing_s/agent_loop/compute_score/mean:0.2278351744052003 - timing_s/agent_loop/slowest/generate_sequences:1.9452000549936201 - timing_s/agent_loop/slowest/tool_calls:0.0 - timing_s/agent_loop/slowest/compute_score:0.32106746199860936 - timing_s/agent_loop/slowest/num_preempted:-1 - timing_s/agent_loop/slowest/prompt_length:558 - timing_s/agent_loop/slowest/response_length:14 - timing_s/gen:3.477145217002544 - timing_s/reward:3.513199771987274e-05 - timing_s/old_log_prob:13.758111794995784 - timing_s/ref:25.150932546996046 - timing_s/adv:0.014855269000690896 - timing_s/update_actor:49.36502393700357 - timing_s/update_weights:5.023191861000669 - timing_s/step:96.90522318999865 - timing_s/stop_profile:3.9592996472492814e-05 - timing_per_token_ms/update_actor:0.02358585238316782 - timing_per_token_ms/ref:0.012016730369856014 - timing_per_token_ms/gen:0.2889674409542545 - timing_per_token_ms/adv:7.0976200114815944e-06 - perf/total_num_tokens:2092993 - perf/time_per_step:96.90522318999865 - perf/throughput:2699.7938437956313
[36m(TaskRunner pid=469699)[0m step:66 - global_seqlen/min:90282 - global_seqlen/max:433056 - global_seqlen/minmax_diff:342774 - global_seqlen/balanced_min:257766 - global_seqlen/balanced_max:257766 - global_seqlen/mean:257766.0 - actor/entropy:0.2256418913602829 - perf/mfu/actor_infer:0.35268606601815305 - actor/pg_clipfrac:0.0 - actor/ppo_kl:0.0 - actor/pg_clipfrac_lower:0.0 - actor/pg_loss:-0.005085993790999055 - actor/kl_loss:0.04078529657769353 - actor/kl_coef:0.05000000000000001 - actor/loss:-0.003046724945306778 - actor/grad_norm:1.2807445526123047 - actor/lr:5e-07 - perf/mfu/actor:0.26509084194659616 - training/global_step:66 - training/epoch:4 - critic/score/mean:0.19178691506385803 - critic/score/max:0.7374345660209656 - critic/score/min:0.0 - critic/rewards/mean:0.19178691506385803 - critic/rewards/max:0.7374345660209656 - critic/rewards/min:0.0 - critic/advantages/mean:0.005085992626845837 - critic/advantages/max:3.749978542327881 - critic/advantages/min:-3.5357778072357178 - critic/returns/mean:0.005085992626845837 - critic/returns/max:3.749978542327881 - critic/returns/min:-3.5357778072357178 - response_length/mean:12.046875 - response_length/max:16.0 - response_length/min:9.0 - response_length/clip_ratio:0.0 - response_length_non_aborted/mean:12.046875 - response_length_non_aborted/max:16.0 - response_length_non_aborted/min:9.0 - response_length_non_aborted/clip_ratio:0.0 - response/aborted_ratio:0.0 - prompt_length/mean:2001.75 - prompt_length/max:6779.0 - prompt_length/min:557.0 - prompt_length/clip_ratio:0.0 - num_turns/min:2 - num_turns/max:2 - num_turns/mean:2.0 - timing_s/start_profile:6.261299859033898e-05 - timing_s/agent_loop/num_preempted/min:-1 - timing_s/agent_loop/num_preempted/max:-1 - timing_s/agent_loop/num_preempted/mean:-1.0 - timing_s/agent_loop/generate_sequences/min:0.8190584200056037 - timing_s/agent_loop/generate_sequences/max:2.176016570003412 - timing_s/agent_loop/generate_sequences/mean:1.6265911453819584 - timing_s/agent_loop/tool_calls/min:0.0 - timing_s/agent_loop/tool_calls/max:0.0 - timing_s/agent_loop/tool_calls/mean:0.0 - timing_s/agent_loop/compute_score/min:0.003803027000685688 - timing_s/agent_loop/compute_score/max:0.710295741999289 - timing_s/agent_loop/compute_score/mean:0.2501550715587726 - timing_s/agent_loop/slowest/generate_sequences:1.5849706910012173 - timing_s/agent_loop/slowest/tool_calls:0.0 - timing_s/agent_loop/slowest/compute_score:0.6472200770003838 - timing_s/agent_loop/slowest/num_preempted:-1 - timing_s/agent_loop/slowest/prompt_length:4316 - timing_s/agent_loop/slowest/response_length:9 - timing_s/gen:3.50823098699766 - timing_s/reward:2.2050997358746827e-05 - timing_s/old_log_prob:13.131202772005054 - timing_s/ref:25.43096113699721 - timing_s/adv:0.014697211998282 - timing_s/update_actor:48.731696256996656 - timing_s/update_weights:4.885807714999828 - timing_s/step:95.84865249200084 - timing_s/stop_profile:4.545199772110209e-05 - timing_per_token_ms/update_actor:0.02363175140291808 - timing_per_token_ms/ref:0.01233238728973042 - timing_per_token_ms/gen:0.2843896714492266 - timing_per_token_ms/adv:7.127206457737832e-06 - perf/total_num_tokens:2062128 - perf/time_per_step:95.84865249200084 - perf/throughput:2689.30228332122
[36m(TaskRunner pid=469699)[0m step:67 - global_seqlen/min:200706 - global_seqlen/max:490460 - global_seqlen/minmax_diff:289754 - global_seqlen/balanced_min:356626 - global_seqlen/balanced_max:356627 - global_seqlen/mean:356626.125 - actor/entropy:0.1788245588541031 - perf/mfu/actor_infer:0.3867723942152082 - actor/pg_clipfrac:0.0 - actor/ppo_kl:0.0 - actor/pg_clipfrac_lower:0.0 - actor/pg_loss:0.009108444292022469 - actor/kl_loss:0.031676702654447345 - actor/kl_coef:0.05000000000000001 - actor/loss:0.01069228257983923 - actor/grad_norm:1.0297826528549194 - actor/lr:5e-07 - perf/mfu/actor:0.29511978343831463 - training/global_step:67 - training/epoch:4 - critic/score/mean:0.18690435588359833 - critic/score/max:0.7210227251052856 - critic/score/min:0.0 - critic/rewards/mean:0.18690435588359833 - critic/rewards/max:0.7210227251052856 - critic/rewards/min:0.0 - critic/advantages/mean:-0.009108444675803185 - critic/advantages/max:3.7499756813049316 - critic/advantages/min:-2.5464890003204346 - critic/returns/mean:-0.009108444675803185 - critic/returns/max:3.7499756813049316 - critic/returns/min:-2.5464890003204346 - response_length/mean:11.2509765625 - response_length/max:16.0 - response_length/min:9.0 - response_length/clip_ratio:0.0 - response_length_non_aborted/mean:11.2509765625 - response_length_non_aborted/max:16.0 - response_length_non_aborted/min:9.0 - response_length_non_aborted/clip_ratio:0.0 - response/aborted_ratio:0.0 - prompt_length/mean:2774.890625 - prompt_length/max:7445.0 - prompt_length/min:556.0 - prompt_length/clip_ratio:0.0 - num_turns/min:2 - num_turns/max:2 - num_turns/mean:2.0 - timing_s/start_profile:3.731199831236154e-05 - timing_s/agent_loop/num_preempted/min:-1 - timing_s/agent_loop/num_preempted/max:-1 - timing_s/agent_loop/num_preempted/mean:-1.0 - timing_s/agent_loop/generate_sequences/min:0.7886985919976723 - timing_s/agent_loop/generate_sequences/max:2.599124408996431 - timing_s/agent_loop/generate_sequences/mean:1.807021934100412 - timing_s/agent_loop/tool_calls/min:0.0 - timing_s/agent_loop/tool_calls/max:0.0 - timing_s/agent_loop/tool_calls/mean:0.0 - timing_s/agent_loop/compute_score/min:0.003656259003037121 - timing_s/agent_loop/compute_score/max:0.8334665010042954 - timing_s/agent_loop/compute_score/mean:0.12829914588482438 - timing_s/agent_loop/slowest/generate_sequences:2.2970988469969598 - timing_s/agent_loop/slowest/tool_calls:0.0 - timing_s/agent_loop/slowest/compute_score:0.3561755010014167 - timing_s/agent_loop/slowest/num_preempted:-1 - timing_s/agent_loop/slowest/prompt_length:6634 - timing_s/agent_loop/slowest/response_length:9 - timing_s/gen:3.923719958998845 - timing_s/reward:2.4121000024024397e-05 - timing_s/old_log_prob:17.04157465299795 - timing_s/ref:26.32880178799678 - timing_s/adv:0.014909862999047618 - timing_s/update_actor:61.24191120000614 - timing_s/update_weights:5.029833487998985 - timing_s/step:113.73144072700234 - timing_s/stop_profile:6.742299592588097e-05 - timing_per_token_ms/update_actor:0.021465726606542827 - timing_per_token_ms/ref:0.009228432783772073 - timing_per_token_ms/gen:0.3405711274193946 - timing_per_token_ms/adv:5.226013307019928e-06 - perf/total_num_tokens:2853009 - perf/time_per_step:113.73144072700234 - perf/throughput:3135.686338978463[36m(WorkerDict pid=480063)[0m INFO:2026-07-11 07:07:51,114:update_weights done, time cost: 3.24s
[36m(TaskRunner pid=469699)[0m Training Progress:  91%|█████████ | 68/75 [2:00:32<12:36, 108.09s/it]
[36m(WorkerDict pid=480063)[0m INFO:2026-07-11 07:09:44,738:update_weights done, time cost: 3.15s
[36m(TaskRunner pid=469699)[0m Training Progress:  92%|█████████▏| 69/75 [2:02:26<10:58, 109.73s/it]
[36m(WorkerDict pid=480063)[0m INFO:2026-07-11 07:11:28,181:update_weights done, time cost: 3.45s
[36m(TaskRunner pid=469699)[0m Training Progress:  93%|█████████▎| 70/75 [2:04:09<08:59, 107.84s/it]

[36m(TaskRunner pid=469699)[0m step:68 - global_seqlen/min:143477 - global_seqlen/max:563216 - global_seqlen/minmax_diff:419739 - global_seqlen/balanced_min:360703 - global_seqlen/balanced_max:360704 - global_seqlen/mean:360703.5 - actor/entropy:0.1854027658700943 - perf/mfu/actor_infer:0.3878865083471672 - actor/pg_clipfrac:0.0 - actor/ppo_kl:0.0 - actor/pg_clipfrac_lower:0.0 - actor/pg_loss:0.0019647031595013686 - actor/kl_loss:0.031370831486514164 - actor/kl_coef:0.05000000000000001 - actor/loss:0.003533247858285904 - actor/grad_norm:1.2135553359985352 - actor/lr:5e-07 - perf/mfu/actor:0.29504319495841147 - training/global_step:68 - training/epoch:4 - critic/score/mean:0.2052079737186432 - critic/score/max:0.7233871221542358 - critic/score/min:0.0 - critic/rewards/mean:0.2052079737186432 - critic/rewards/max:0.7233871221542358 - critic/rewards/min:0.0 - critic/advantages/mean:-0.001964699476957321 - critic/advantages/max:3.749979257583618 - critic/advantages/min:-2.5093352794647217 - critic/returns/mean:-0.001964699476957321 - critic/returns/max:3.749979257583618 - critic/returns/min:-2.5093352794647217 - response_length/mean:11.29296875 - response_length/max:16.0 - response_length/min:9.0 - response_length/clip_ratio:0.0 - response_length_non_aborted/mean:11.29296875 - response_length_non_aborted/max:16.0 - response_length_non_aborted/min:9.0 - response_length_non_aborted/clip_ratio:0.0 - response/aborted_ratio:0.0 - prompt_length/mean:2806.703125 - prompt_length/max:8102.0 - prompt_length/min:558.0 - prompt_length/clip_ratio:0.0 - num_turns/min:2 - num_turns/max:2 - num_turns/mean:2.0 - timing_s/start_profile:4.2722000216599554e-05 - timing_s/agent_loop/num_preempted/min:-1 - timing_s/agent_loop/num_preempted/max:-1 - timing_s/agent_loop/num_preempted/mean:-1.0 - timing_s/agent_loop/generate_sequences/min:0.8032658510055626 - timing_s/agent_loop/generate_sequences/max:2.6220989569992526 - timing_s/agent_loop/generate_sequences/mean:1.8409833334432264 - timing_s/agent_loop/tool_calls/min:0.0 - timing_s/agent_loop/tool_calls/max:0.0 - timing_s/agent_loop/tool_calls/mean:0.0 - timing_s/agent_loop/compute_score/min:0.0036526299954857677 - timing_s/agent_loop/compute_score/max:0.6564931149987387 - timing_s/agent_loop/compute_score/mean:0.15657415213863857 - timing_s/agent_loop/slowest/generate_sequences:2.2833959569979925 - timing_s/agent_loop/slowest/tool_calls:0.0 - timing_s/agent_loop/slowest/compute_score:0.3936578430002555 - timing_s/agent_loop/slowest/num_preempted:-1 - timing_s/agent_loop/slowest/prompt_length:5877 - timing_s/agent_loop/slowest/response_length:9 - timing_s/gen:4.0266078260028735 - timing_s/reward:2.896099613280967e-05 - timing_s/old_log_prob:16.715753033997316 - timing_s/ref:27.18916840699967 - timing_s/adv:0.014666893002868164 - timing_s/update_actor:61.83504909299518 - timing_s/update_weights:5.082178715994814 - timing_s/step:115.01133412100171 - timing_s/stop_profile:4.0402002923656255e-05 - timing_per_token_ms/update_actor:0.021428628046648832 - timing_per_token_ms/ref:0.009422270787156095 - timing_per_token_ms/gen:0.34820199117977113 - timing_per_token_ms/adv:5.0827386630806755e-06 - perf/total_num_tokens:2885628 - perf/time_per_step:115.01133412100171 - perf/throughput:3136.2430734044806
[36m(TaskRunner pid=469699)[0m step:69 - global_seqlen/min:233841 - global_seqlen/max:474182 - global_seqlen/minmax_diff:240341 - global_seqlen/balanced_min:352595 - global_seqlen/balanced_max:352596 - global_seqlen/mean:352595.625 - actor/entropy:0.1860620230436325 - perf/mfu/actor_infer:0.38440515177528045 - actor/pg_clipfrac:0.0 - actor/ppo_kl:0.0 - actor/pg_clipfrac_lower:0.0 - actor/pg_loss:0.009191971304971958 - actor/kl_loss:0.038610347838024785 - actor/kl_coef:0.05000000000000001 - actor/loss:0.011122487485408783 - actor/grad_norm:1.130773901939392 - actor/lr:5e-07 - perf/mfu/actor:0.2932858077004643 - training/global_step:69 - training/epoch:4 - critic/score/mean:0.18717879056930542 - critic/score/max:0.7275303602218628 - critic/score/min:0.0 - critic/rewards/mean:0.18717879056930542 - critic/rewards/max:0.7275303602218628 - critic/rewards/min:0.0 - critic/advantages/mean:-0.009191972203552723 - critic/advantages/max:3.7499771118164062 - critic/advantages/min:-3.6815240383148193 - critic/returns/mean:-0.009191972203552723 - critic/returns/max:3.7499771118164062 - critic/returns/min:-3.6815240383148193 - response_length/mean:11.4189453125 - response_length/max:17.0 - response_length/min:9.0 - response_length/clip_ratio:0.0 - response_length_non_aborted/mean:11.4189453125 - response_length_non_aborted/max:17.0 - response_length_non_aborted/min:9.0 - response_length_non_aborted/clip_ratio:0.0 - response/aborted_ratio:0.0 - prompt_length/mean:2743.234375 - prompt_length/max:7960.0 - prompt_length/min:558.0 - prompt_length/clip_ratio:0.0 - num_turns/min:2 - num_turns/max:2 - num_turns/mean:2.0 - timing_s/start_profile:8.293399878311902e-05 - timing_s/agent_loop/num_preempted/min:-1 - timing_s/agent_loop/num_preempted/max:-1 - timing_s/agent_loop/num_preempted/mean:-1.0 - timing_s/agent_loop/generate_sequences/min:0.8334221140030422 - timing_s/agent_loop/generate_sequences/max:2.4562544580039685 - timing_s/agent_loop/generate_sequences/mean:1.753543783564318 - timing_s/agent_loop/tool_calls/min:0.0 - timing_s/agent_loop/tool_calls/max:0.0 - timing_s/agent_loop/tool_calls/mean:0.0 - timing_s/agent_loop/compute_score/min:0.0035674449973157607 - timing_s/agent_loop/compute_score/max:0.7013214609978604 - timing_s/agent_loop/compute_score/mean:0.17525249824125666 - timing_s/agent_loop/slowest/generate_sequences:2.3248194579937262 - timing_s/agent_loop/slowest/tool_calls:0.0 - timing_s/agent_loop/slowest/compute_score:0.15213128700270317 - timing_s/agent_loop/slowest/num_preempted:-1 - timing_s/agent_loop/slowest/prompt_length:563 - timing_s/agent_loop/slowest/response_length:15 - timing_s/gen:3.9593999160060775 - timing_s/reward:3.1511000997852534e-05 - timing_s/old_log_prob:16.814114148000954 - timing_s/ref:26.662572622997686 - timing_s/adv:0.014720074999786448 - timing_s/update_actor:60.94933828499779 - timing_s/update_weights:4.995747285996913 - timing_s/step:113.5447630100025 - timing_s/stop_profile:6.521300383610651e-05 - timing_per_token_ms/update_actor:0.021607378950390336 - timing_per_token_ms/ref:0.00945224881299849 - timing_per_token_ms/gen:0.33861283810878967 - timing_per_token_ms/adv:5.2184691031640164e-06 - perf/total_num_tokens:2820765 - perf/time_per_step:113.5447630100025 - perf/throughput:3105.3446733508863
[36m(TaskRunner pid=469699)[0m step:70 - global_seqlen/min:164077 - global_seqlen/max:429254 - global_seqlen/minmax_diff:265177 - global_seqlen/balanced_min:292347 - global_seqlen/balanced_max:292348 - global_seqlen/mean:292347.75 - actor/entropy:0.2228500097990036 - perf/mfu/actor_infer:0.3639079769373616 - actor/pg_clipfrac:0.0 - actor/ppo_kl:0.0 - actor/pg_clipfrac_lower:0.0 - actor/pg_loss:-0.0005367819612729363 - actor/kl_loss:0.04619175473658223 - actor/kl_coef:0.05000000000000001 - actor/loss:0.0017728004604578018 - actor/grad_norm:1.4276068210601807 - actor/lr:5e-07 - perf/mfu/actor:0.2766912385537414 - training/global_step:70 - training/epoch:4 - critic/score/mean:0.16819624602794647 - critic/score/max:0.7256249785423279 - critic/score/min:0.0 - critic/rewards/mean:0.16819624602794647 - critic/rewards/max:0.7256249785423279 - critic/rewards/min:0.0 - critic/advantages/mean:0.0005367813864722848 - critic/advantages/max:3.7499771118164062 - critic/advantages/min:-2.553213596343994 - critic/returns/mean:0.0005367813864722848 - critic/returns/max:3.7499771118164062 - critic/returns/min:-2.553213596343994 - response_length/mean:11.810546875 - response_length/max:17.0 - response_length/min:9.0 - response_length/clip_ratio:0.0 - response_length_non_aborted/mean:11.810546875 - response_length_non_aborted/max:17.0 - response_length_non_aborted/min:9.0 - response_length_non_aborted/clip_ratio:0.0 - response/aborted_ratio:0.0 - prompt_length/mean:2272.15625 - prompt_length/max:7483.0 - prompt_length/min:557.0 - prompt_length/clip_ratio:0.0 - num_turns/min:2 - num_turns/max:2 - num_turns/mean:2.0 - timing_s/start_profile:3.638199996203184e-05 - timing_s/agent_loop/num_preempted/min:-1 - timing_s/agent_loop/num_preempted/max:-1 - timing_s/agent_loop/num_preempted/mean:-1.0 - timing_s/agent_loop/generate_sequences/min:0.8264787259977311 - timing_s/agent_loop/generate_sequences/max:2.369492634003109 - timing_s/agent_loop/generate_sequences/mean:1.6696496039432915 - timing_s/agent_loop/tool_calls/min:0.0 - timing_s/agent_loop/tool_calls/max:0.0 - timing_s/agent_loop/tool_calls/mean:0.0 - timing_s/agent_loop/compute_score/min:0.003504652006085962 - timing_s/agent_loop/compute_score/max:0.7921232970038545 - timing_s/agent_loop/compute_score/mean:0.2087509337206157 - timing_s/agent_loop/slowest/generate_sequences:2.062985430995468 - timing_s/agent_loop/slowest/tool_calls:0.0 - timing_s/agent_loop/slowest/compute_score:0.3872412210039329 - timing_s/agent_loop/slowest/num_preempted:-1 - timing_s/agent_loop/slowest/prompt_length:1013 - timing_s/agent_loop/slowest/response_length:15 - timing_s/gen:3.674827798997285 - timing_s/reward:3.003200254170224e-05 - timing_s/old_log_prob:14.473395134002203 - timing_s/ref:26.29490313200222 - timing_s/adv:0.014786754996748641 - timing_s/update_actor:53.607796119998966 - timing_s/update_weights:5.209390263000387 - timing_s/step:103.39032387200132 - timing_s/stop_profile:3.821200516540557e-05 - timing_per_token_ms/update_actor:0.022921245383280258 - timing_per_token_ms/ref:0.01124299021114504 - timing_per_token_ms/gen:0.3038554489000566 - timing_per_token_ms/adv:6.322416966074068e-06 - perf/total_num_tokens:2338782 - perf/time_per_step:103.39032387200132 - perf/throughput:2827.6122856712454[36m(WorkerDict pid=480063)[0m INFO:2026-07-11 07:13:13,380:update_weights done, time cost: 3.44s
[36m(TaskRunner pid=469699)[0m Training Progress:  95%|█████████▍| 71/75 [2:05:54<07:08, 107.05s/it]
[36m(WorkerDict pid=480063)[0m INFO:2026-07-11 07:14:56,543:update_weights done, time cost: 3.15s
[36m(TaskRunner pid=469699)[0m Training Progress:  96%|█████████▌| 72/75 [2:07:37<05:17, 105.87s/it]
[36m(WorkerDict pid=480063)[0m INFO:2026-07-11 07:16:30,581:update_weights done, time cost: 3.32s
[36m(TaskRunner pid=469699)[0m Training Progress:  97%|█████████▋| 73/75 [2:09:12<03:24, 102.36s/it]

[36m(TaskRunner pid=469699)[0m step:71 - global_seqlen/min:200550 - global_seqlen/max:466273 - global_seqlen/minmax_diff:265723 - global_seqlen/balanced_min:306307 - global_seqlen/balanced_max:306307 - global_seqlen/mean:306307.0 - actor/entropy:0.19593778252601624 - perf/mfu/actor_infer:0.37148161446402533 - actor/pg_clipfrac:0.0 - actor/ppo_kl:0.0 - actor/pg_clipfrac_lower:0.0 - actor/pg_loss:-0.00417499836657953 - actor/kl_loss:0.03643982413402464 - actor/kl_coef:0.05000000000000001 - actor/loss:-0.002353003714233637 - actor/grad_norm:1.300236463546753 - actor/lr:5e-07 - perf/mfu/actor:0.28112702046697424 - training/global_step:71 - training/epoch:4 - critic/score/mean:0.2069617211818695 - critic/score/max:0.7392857074737549 - critic/score/min:0.0 - critic/rewards/mean:0.2069617211818695 - critic/rewards/max:0.7392857074737549 - critic/rewards/min:0.0 - critic/advantages/mean:0.0041749984957277775 - critic/advantages/max:3.7499771118164062 - critic/advantages/min:-3.1013786792755127 - critic/returns/mean:0.0041749984957277775 - critic/returns/max:3.7499771118164062 - critic/returns/min:-3.1013786792755127 - response_length/mean:11.8046875 - response_length/max:18.0 - response_length/min:9.0 - response_length/clip_ratio:0.0 - response_length_non_aborted/mean:11.8046875 - response_length_non_aborted/max:18.0 - response_length_non_aborted/min:9.0 - response_length_non_aborted/clip_ratio:0.0 - response/aborted_ratio:0.0 - prompt_length/mean:2381.21875 - prompt_length/max:7478.0 - prompt_length/min:557.0 - prompt_length/clip_ratio:0.0 - num_turns/min:2 - num_turns/max:2 - num_turns/mean:2.0 - timing_s/start_profile:3.7931997212581336e-05 - timing_s/agent_loop/num_preempted/min:-1 - timing_s/agent_loop/num_preempted/max:-1 - timing_s/agent_loop/num_preempted/mean:-1.0 - timing_s/agent_loop/generate_sequences/min:0.7610232459992403 - timing_s/agent_loop/generate_sequences/max:2.383138005003275 - timing_s/agent_loop/generate_sequences/mean:1.6880905626827314 - timing_s/agent_loop/tool_calls/min:0.0 - timing_s/agent_loop/tool_calls/max:0.0 - timing_s/agent_loop/tool_calls/mean:0.0 - timing_s/agent_loop/compute_score/min:0.003389896999578923 - timing_s/agent_loop/compute_score/max:0.6799743449955713 - timing_s/agent_loop/compute_score/mean:0.16595983134866543 - timing_s/agent_loop/slowest/generate_sequences:1.925027589997626 - timing_s/agent_loop/slowest/tool_calls:0.0 - timing_s/agent_loop/slowest/compute_score:0.5278388809965691 - timing_s/agent_loop/slowest/num_preempted:-1 - timing_s/agent_loop/slowest/prompt_length:6331 - timing_s/agent_loop/slowest/response_length:9 - timing_s/gen:3.6819249489999493 - timing_s/reward:2.4781002139206976e-05 - timing_s/old_log_prob:14.836964065005304 - timing_s/ref:26.37662469800125 - timing_s/adv:0.014728643996932078 - timing_s/update_actor:54.9065666749957 - timing_s/update_weights:5.233806372998515 - timing_s/step:105.1999438089988 - timing_s/stop_profile:4.4462001824285835e-05 - timing_per_token_ms/update_actor:0.022406673155933303 - timing_per_token_ms/ref:0.010763965848805793 - timing_per_token_ms/gen:0.30459339419258347 - timing_per_token_ms/adv:6.010572724803905e-06 - perf/total_num_tokens:2450456 - perf/time_per_step:105.1999438089988 - perf/throughput:2911.6650533210504
[36m(TaskRunner pid=469699)[0m step:72 - global_seqlen/min:182092 - global_seqlen/max:397498 - global_seqlen/minmax_diff:215406 - global_seqlen/balanced_min:297294 - global_seqlen/balanced_max:297294 - global_seqlen/mean:297294.0 - actor/entropy:0.18267881870269775 - perf/mfu/actor_infer:0.36842619590189546 - actor/pg_clipfrac:0.0 - actor/ppo_kl:0.0 - actor/pg_clipfrac_lower:0.0 - actor/pg_loss:0.0038046349327487405 - actor/kl_loss:0.04394208464013079 - actor/kl_coef:0.05000000000000001 - actor/loss:0.006001738831400871 - actor/grad_norm:1.0971702337265015 - actor/lr:5e-07 - perf/mfu/actor:0.2789336923283472 - training/global_step:72 - training/epoch:4 - critic/score/mean:0.22713321447372437 - critic/score/max:0.7270129919052124 - critic/score/min:0.0 - critic/rewards/mean:0.22713321447372437 - critic/rewards/max:0.7270129919052124 - critic/rewards/min:0.0 - critic/advantages/mean:-0.003804633393883705 - critic/advantages/max:3.7499775886535645 - critic/advantages/min:-3.749925374984741 - critic/returns/mean:-0.003804633393883705 - critic/returns/max:3.7499775886535645 - critic/returns/min:-3.749925374984741 - response_length/mean:11.609375 - response_length/max:33.0 - response_length/min:9.0 - response_length/clip_ratio:0.0 - response_length_non_aborted/mean:11.609375 - response_length_non_aborted/max:33.0 - response_length_non_aborted/min:9.0 - response_length_non_aborted/clip_ratio:0.0 - response/aborted_ratio:0.0 - prompt_length/mean:2311.0 - prompt_length/max:7543.0 - prompt_length/min:557.0 - prompt_length/clip_ratio:0.0 - num_turns/min:2 - num_turns/max:2 - num_turns/mean:2.0 - timing_s/start_profile:3.277100040577352e-05 - timing_s/agent_loop/num_preempted/min:-1 - timing_s/agent_loop/num_preempted/max:-1 - timing_s/agent_loop/num_preempted/mean:-1.0 - timing_s/agent_loop/generate_sequences/min:0.8087600890066824 - timing_s/agent_loop/generate_sequences/max:2.3755484919965966 - timing_s/agent_loop/generate_sequences/mean:1.7001056038017524 - timing_s/agent_loop/tool_calls/min:0.0 - timing_s/agent_loop/tool_calls/max:0.0 - timing_s/agent_loop/tool_calls/mean:0.0 - timing_s/agent_loop/compute_score/min:0.003327903999888804 - timing_s/agent_loop/compute_score/max:0.6898872180026956 - timing_s/agent_loop/compute_score/mean:0.19700498920607856 - timing_s/agent_loop/slowest/generate_sequences:2.1600078620031127 - timing_s/agent_loop/slowest/tool_calls:0.0 - timing_s/agent_loop/slowest/compute_score:0.2677282649965491 - timing_s/agent_loop/slowest/num_preempted:-1 - timing_s/agent_loop/slowest/prompt_length:675 - timing_s/agent_loop/slowest/response_length:15 - timing_s/gen:3.661925637999957 - timing_s/reward:3.470200317678973e-05 - timing_s/old_log_prob:14.963938036002219 - timing_s/ref:25.61015346000204 - timing_s/adv:0.014618858003814239 - timing_s/update_actor:53.81191249899712 - timing_s/update_weights:4.882942770003865 - timing_s/step:103.09565179100173 - timing_s/stop_profile:3.810199996223673e-05 - timing_per_token_ms/update_actor:0.022625714149544354 - timing_per_token_ms/ref:0.010768024859231114 - timing_per_token_ms/gen:0.308035467530279 - timing_per_token_ms/adv:6.146633468811278e-06 - perf/total_num_tokens:2378352 - perf/time_per_step:103.09565179100173 - perf/throughput:2883.671569414803
[36m(TaskRunner pid=469699)[0m step:73 - global_seqlen/min:119398 - global_seqlen/max:422107 - global_seqlen/minmax_diff:302709 - global_seqlen/balanced_min:243652 - global_seqlen/balanced_max:243653 - global_seqlen/mean:243652.125 - actor/entropy:0.2601952850818634 - perf/mfu/actor_infer:0.3438909997303456 - actor/pg_clipfrac:0.0 - actor/ppo_kl:0.0 - actor/pg_clipfrac_lower:0.0 - actor/pg_loss:0.014556991290191945 - actor/kl_loss:0.040178550899193984 - actor/kl_coef:0.05000000000000001 - actor/loss:0.016565920785069466 - actor/grad_norm:2.148242712020874 - actor/lr:5e-07 - perf/mfu/actor:0.2596443772523766 - training/global_step:73 - training/epoch:4 - critic/score/mean:0.13741077482700348 - critic/score/max:0.7287917733192444 - critic/score/min:0.0 - critic/rewards/mean:0.13741077482700348 - critic/rewards/max:0.7287917733192444 - critic/rewards/min:0.0 - critic/advantages/mean:-0.01455699186772108 - critic/advantages/max:3.749979019165039 - critic/advantages/min:-3.443291664123535 - critic/returns/mean:-0.01455699186772108 - critic/returns/max:3.749979019165039 - critic/returns/min:-3.443291664123535 - response_length/mean:12.5478515625 - response_length/max:16.0 - response_length/min:9.0 - response_length/clip_ratio:0.0 - response_length_non_aborted/mean:12.5478515625 - response_length_non_aborted/max:16.0 - response_length_non_aborted/min:9.0 - response_length_non_aborted/clip_ratio:0.0 - response/aborted_ratio:0.0 - prompt_length/mean:1890.984375 - prompt_length/max:7271.0 - prompt_length/min:557.0 - prompt_length/clip_ratio:0.0 - num_turns/min:2 - num_turns/max:2 - num_turns/mean:2.0 - timing_s/start_profile:3.38120007654652e-05 - timing_s/agent_loop/num_preempted/min:-1 - timing_s/agent_loop/num_preempted/max:-1 - timing_s/agent_loop/num_preempted/mean:-1.0 - timing_s/agent_loop/generate_sequences/min:0.7695644830018864 - timing_s/agent_loop/generate_sequences/max:2.109675965999486 - timing_s/agent_loop/generate_sequences/mean:1.5836495849366017 - timing_s/agent_loop/tool_calls/min:0.0 - timing_s/agent_loop/tool_calls/max:0.0 - timing_s/agent_loop/tool_calls/mean:0.0 - timing_s/agent_loop/compute_score/min:0.0032867910049390048 - timing_s/agent_loop/compute_score/max:0.7436087679961929 - timing_s/agent_loop/compute_score/mean:0.28492947839066574 - timing_s/agent_loop/slowest/generate_sequences:1.9101637769999797 - timing_s/agent_loop/slowest/tool_calls:0.0 - timing_s/agent_loop/slowest/compute_score:0.27371658199990634 - timing_s/agent_loop/slowest/num_preempted:-1 - timing_s/agent_loop/slowest/prompt_length:651 - timing_s/agent_loop/slowest/response_length:15 - timing_s/gen:3.6258872370017343 - timing_s/reward:3.7981997593306005e-05 - timing_s/old_log_prob:12.798104011999385 - timing_s/ref:25.383080774001428 - timing_s/adv:0.014635349005402531 - timing_s/update_actor:46.97300052699575 - timing_s/update_weights:5.245958485997107 - timing_s/step:94.15542688000278 - timing_s/stop_profile:4.1501996747683734e-05 - timing_per_token_ms/update_actor:0.024098394651286003 - timing_per_token_ms/ref:0.01302219341099602 - timing_per_token_ms/gen:0.28219217347667014 - timing_per_token_ms/adv:7.508322062347358e-06 - perf/total_num_tokens:1949217 - perf/time_per_step:94.15542688000278 - perf/throughput:2587.7650717947954[36m(WorkerDict pid=480063)[0m INFO:2026-07-11 07:18:16,775:update_weights done, time cost: 3.53s
[36m(TaskRunner pid=469699)[0m Training Progress:  99%|█████████▊| 74/75 [2:10:58<01:43, 103.48s/it]
[36m(WorkerDict pid=480064)[0m INFO:2026-07-11 07:19:55,437:[Rank 1] Saved model to /workspace/verl-x/budget-rl-training-repro/outputs/rl_pct30e5_kl005_central_lam1_seed42/global_step_75/actor/model_world_size_8_rank_1.pt
[36m(WorkerDict pid=480066)[0m INFO:2026-07-11 07:20:03,653:[Rank 3] Saved optim to /workspace/verl-x/budget-rl-training-repro/outputs/rl_pct30e5_kl005_central_lam1_seed42/global_step_75/actor/optim_world_size_8_rank_3.pt
[36m(WorkerDict pid=480066)[0m INFO:2026-07-11 07:20:03,654:[Rank 3] Saved extra_state to /workspace/verl-x/budget-rl-training-repro/outputs/rl_pct30e5_kl005_central_lam1_seed42/global_step_75/actor/extra_state_world_size_8_rank_3.pt
[36m(WorkerDict pid=480070)[0m INFO:2026-07-11 07:19:55,498:[Rank 7] Saved model to /workspace/verl-x/budget-rl-training-repro/outputs/rl_pct30e5_kl005_central_lam1_seed42/global_step_75/actor/model_world_size_8_rank_7.pt[32m [repeated 7x across cluster][0m
[36m(WorkerDict pid=480063)[0m INFO:2026-07-11 07:20:04,012:[Rank 0] Saved model config and tokenizer class to /workspace/verl-x/budget-rl-training-repro/outputs/rl_pct30e5_kl005_central_lam1_seed42/global_step_75/actor/huggingface
[36m(WorkerDict pid=480063)[0m INFO:2026-07-11 07:20:08,286:update_weights done, time cost: 3.16s

[36m(TaskRunner pid=469699)[0m step:74 - global_seqlen/min:97680 - global_seqlen/max:515494 - global_seqlen/minmax_diff:417814 - global_seqlen/balanced_min:307561 - global_seqlen/balanced_max:307562 - global_seqlen/mean:307561.25 - actor/entropy:0.21756398677825928 - perf/mfu/actor_infer:0.3696007364857315 - actor/pg_clipfrac:0.0 - actor/ppo_kl:0.0 - actor/pg_clipfrac_lower:0.0 - actor/pg_loss:0.00507723667647042 - actor/kl_loss:0.044722880666465785 - actor/kl_coef:0.05000000000000001 - actor/loss:0.0073133837431669235 - actor/grad_norm:1.4732277393341064 - actor/lr:5e-07 - perf/mfu/actor:0.2811407455519598 - training/global_step:74 - training/epoch:4 - critic/score/mean:0.21634042263031006 - critic/score/max:0.7384615540504456 - critic/score/min:0.0 - critic/rewards/mean:0.21634042263031006 - critic/rewards/max:0.7384615540504456 - critic/rewards/min:0.0 - critic/advantages/mean:-0.0050772372633218765 - critic/advantages/max:3.749978542327881 - critic/advantages/min:-3.693485975265503 - critic/returns/mean:-0.0050772372633218765 - critic/returns/max:3.749978542327881 - critic/returns/min:-3.693485975265503 - response_length/mean:11.869140625 - response_length/max:16.0 - response_length/min:9.0 - response_length/clip_ratio:0.0 - response_length_non_aborted/mean:11.869140625 - response_length_non_aborted/max:16.0 - response_length_non_aborted/min:9.0 - response_length_non_aborted/clip_ratio:0.0 - response/aborted_ratio:0.0 - prompt_length/mean:2390.953125 - prompt_length/max:7886.0 - prompt_length/min:556.0 - prompt_length/clip_ratio:0.0 - num_turns/min:2 - num_turns/max:2 - num_turns/mean:2.0 - timing_s/start_profile:3.61319980584085e-05 - timing_s/agent_loop/num_preempted/min:-1 - timing_s/agent_loop/num_preempted/max:-1 - timing_s/agent_loop/num_preempted/mean:-1.0 - timing_s/agent_loop/generate_sequences/min:0.7774883820020477 - timing_s/agent_loop/generate_sequences/max:2.411166215002595 - timing_s/agent_loop/generate_sequences/mean:1.7133453666356147 - timing_s/agent_loop/tool_calls/min:0.0 - timing_s/agent_loop/tool_calls/max:0.0 - timing_s/agent_loop/tool_calls/mean:0.0 - timing_s/agent_loop/compute_score/min:0.003779305006901268 - timing_s/agent_loop/compute_score/max:0.6783849519997602 - timing_s/agent_loop/compute_score/mean:0.18019905768171185 - timing_s/agent_loop/slowest/generate_sequences:1.9982366080002976 - timing_s/agent_loop/slowest/tool_calls:0.0 - timing_s/agent_loop/slowest/compute_score:0.48082631100260187 - timing_s/agent_loop/slowest/num_preempted:-1 - timing_s/agent_loop/slowest/prompt_length:5557 - timing_s/agent_loop/slowest/response_length:9 - timing_s/gen:3.698172055002942 - timing_s/reward:2.585100446594879e-05 - timing_s/old_log_prob:15.379311151002184 - timing_s/ref:25.966194859000097 - timing_s/adv:0.01506828999845311 - timing_s/update_actor:55.602824737994524 - timing_s/update_weights:5.2923110670017195 - timing_s/step:106.07421196599898 - timing_s/stop_profile:3.8322003092616796e-05 - timing_per_token_ms/update_actor:0.022598273001716945 - timing_per_token_ms/ref:0.010553261691370457 - timing_per_token_ms/gen:0.3042761276125508 - timing_per_token_ms/adv:6.124101296267455e-06 - perf/total_num_tokens:2460490 - perf/time_per_step:106.07421196599898 - perf/throughput:2899.491255222199
[36m(TaskRunner pid=469699)[0m local_global_step_folder: /workspace/verl-x/budget-rl-training-repro/outputs/rl_pct30e5_kl005_central_lam1_seed42/global_step_75
[36m(TaskRunner pid=469699)[0m Training Progress: 100%|██████████| 75/75 [2:12:49<00:00, 105.88s/it]Training Progress: 100%|██████████| 75/75 [2:12:49<00:00, 106.26s/it]
[36m(WorkerDict pid=480070)[0m INFO:2026-07-11 07:20:03,856:[Rank 7] Saved optim to /workspace/verl-x/budget-rl-training-repro/outputs/rl_pct30e5_kl005_central_lam1_seed42/global_step_75/actor/optim_world_size_8_rank_7.pt[32m [repeated 7x across cluster][0m
[36m(WorkerDict pid=480070)[0m INFO:2026-07-11 07:20:03,857:[Rank 7] Saved extra_state to /workspace/verl-x/budget-rl-training-repro/outputs/rl_pct30e5_kl005_central_lam1_seed42/global_step_75/actor/extra_state_world_size_8_rank_7.pt[32m [repeated 7x across cluster][0m
[36m(TaskRunner pid=469699)[0m Traceback (most recent call last):
[36m(TaskRunner pid=469699)[0m   File "/usr/local/lib/python3.12/dist-packages/ray/_private/workers/default_worker.py", line 322, in <module>
[36m(TaskRunner pid=469699)[0m     worker.main_loop()
[36m(TaskRunner pid=469699)[0m   File "/usr/local/lib/python3.12/dist-packages/ray/_private/worker.py", line 1047, in main_loop
[36m(TaskRunner pid=469699)[0m     self.core_worker.run_task_loop()
[36m(TaskRunner pid=469699)[0m   File "/usr/local/lib/python3.12/dist-packages/torch/utils/data/_utils/signal_handling.py", line 73, in handler
[36m(TaskRunner pid=469699)[0m     _error_if_any_worker_fails()
[36m(TaskRunner pid=469699)[0m RuntimeError: DataLoader worker (pid 620186) is killed by signal: Killed.
[36m(TaskRunner pid=469699)[0m step:75 - global_seqlen/min:111711 - global_seqlen/max:479811 - global_seqlen/minmax_diff:368100 - global_seqlen/balanced_min:273014 - global_seqlen/balanced_max:273015 - global_seqlen/mean:273014.25 - actor/entropy:0.1992737352848053 - perf/mfu/actor_infer:0.35912685410481254 - actor/pg_clipfrac:0.0 - actor/ppo_kl:0.0 - actor/pg_clipfrac_lower:0.0 - actor/pg_loss:0.0037611696041039977 - actor/kl_loss:0.040179107614036084 - actor/kl_coef:0.05000000000000001 - actor/loss:0.005770125426352024 - actor/grad_norm:1.01559579372406 - actor/lr:5e-07 - perf/mfu/actor:0.2715223814938555 - training/global_step:75 - training/epoch:4 - critic/score/mean:0.1561136245727539 - critic/score/max:0.7260978817939758 - critic/score/min:0.0 - critic/rewards/mean:0.1561136245727539 - critic/rewards/max:0.7260978817939758 - critic/rewards/min:0.0 - critic/advantages/mean:-0.0037611706648021936 - critic/advantages/max:3.7499759197235107 - critic/advantages/min:-3.695106267929077 - critic/returns/mean:-0.0037611706648021936 - critic/returns/max:3.7499759197235107 - critic/returns/min:-3.695106267929077 - response_length/mean:11.658203125 - response_length/max:17.0 - response_length/min:9.0 - response_length/clip_ratio:0.0 - response_length_non_aborted/mean:11.658203125 - response_length_non_aborted/max:17.0 - response_length_non_aborted/min:9.0 - response_length_non_aborted/clip_ratio:0.0 - response/aborted_ratio:0.0 - prompt_length/mean:2121.265625 - prompt_length/max:6772.0 - prompt_length/min:557.0 - prompt_length/clip_ratio:0.0 - num_turns/min:2 - num_turns/max:2 - num_turns/mean:2.0 - timing_s/start_profile:3.8662001315969974e-05 - timing_s/agent_loop/num_preempted/min:-1 - timing_s/agent_loop/num_preempted/max:-1 - timing_s/agent_loop/num_preempted/mean:-1.0 - timing_s/agent_loop/generate_sequences/min:0.7381940449995454 - timing_s/agent_loop/generate_sequences/max:2.2546323299975484 - timing_s/agent_loop/generate_sequences/mean:1.6814975130291998 - timing_s/agent_loop/tool_calls/min:0.0 - timing_s/agent_loop/tool_calls/max:0.0 - timing_s/agent_loop/tool_calls/mean:0.0 - timing_s/agent_loop/compute_score/min:0.0035911160011892207 - timing_s/agent_loop/compute_score/max:0.37947817699750885 - timing_s/agent_loop/compute_score/mean:0.11158206545392346 - timing_s/agent_loop/slowest/generate_sequences:2.0191133560001617 - timing_s/agent_loop/slowest/tool_calls:0.0 - timing_s/agent_loop/slowest/compute_score:0.2686394289994496 - timing_s/agent_loop/slowest/num_preempted:-1 - timing_s/agent_loop/slowest/prompt_length:888 - timing_s/agent_loop/slowest/response_length:15 - timing_s/gen:3.712842658998852 - timing_s/reward:2.427099389024079e-05 - timing_s/old_log_prob:13.68785594500514 - timing_s/ref:25.559002934998716 - timing_s/adv:0.014776064999750815 - timing_s/update_actor:50.2606551170029 - timing_s/save_checkpoint:13.12598321299447 - timing_s/update_weights:4.990103885997087 - timing_s/step:111.4654863159958 - timing_s/stop_profile:4.310200165491551e-05 - timing_per_token_ms/update_actor:0.023011919303206195 - timing_per_token_ms/ref:0.011702229341050292 - timing_per_token_ms/gen:0.3110104422012776 - timing_per_token_ms/adv:6.765244396469605e-06 - perf/total_num_tokens:2184114 - perf/time_per_step:111.4654863159958 - perf/throughput:2449.3164568091174
[36m(TaskRunner pid=469699)[0m 'Final validation metrics: None'
[36m(vLLMHttpServer pid=483011)[0m ERROR 07-11 07:20:09 [core_client.py:600] Engine core proc EngineCore_DP0 died unexpectedly, shutting down client.
